{
  "type": "FeatureCollection",
  "features": [
    {
      "type": "Feature",
      "geometry": {
        "type": "LineString",
        "coordinates": [
          [
            139.753998,
            35.667929
          ],
          [
            139.753945,
            35.667944
          ]
        ]
      },
      "properties": {
        "sport_type": "walk",
        "year": "2023",
        "city": "港区",
        "city_status": "resolved"
      }
    },
    {
      "type": "Feature",
      "geometry": {
        "type": "LineString",
        "coordinates": [
          [
            139.707573,
            35.813037
          ],
          [
            139.707575,
            35.812961
          ],
          [
            139.707578,
            35.812884
          ],
          [
            139.70758,
            35.812806
          ],
          [
            139.707582,
            35.812729
          ],
          [
            139.707585,
            35.812651
          ],
          [
            139.707587,
            35.812573
          ],
          [
            139.70759,
            35.812495
          ],
          [
            139.707592,
            35.812417
          ],
          [
            139.707595,
            35.812339
          ],
          [
            139.707597,
            35.812261
          ],
          [
            139.7076,
            35.812182
          ],
          [
            139.713379,
            35.806686
          ],
          [
            139.71347,
            35.806587
          ],
          [
            139.713565,
            35.806484
          ],
          [
            139.713662,
            35.806378
          ],
          [
            139.71376,
            35.806272
          ],
          [
            139.713863,
            35.806159
          ],
          [
            139.713971,
            35.806042
          ]
        ]
      },
      "properties": {
        "sport_type": "walk",
        "year": "2024",
        "city": "川口市",
        "city_status": "resolved"
      }
    },
    {
      "type": "Feature",
      "geometry": {
        "type": "LineString",
        "coordinates": [
          [
            139.752,
            35.659179
          ],
          [
            139.751867,
            35.659185
          ],
          [
            139.751734,
            35.659195
          ],
          [
            139.751604,
            35.65921
          ],
          [
            139.751478,
            35.659227
          ],
          [
            139.751355,
            35.659239
          ],
          [
            139.751235,
            35.659246
          ],
          [
            139.751118,
            35.659254
          ],
          [
            139.751008,
            35.659276
          ],
          [
            139.750909,
            35.659284
          ],
          [
            139.750846,
            35.659299
          ],
          [
            139.750844,
            35.659313
          ],
          [
            139.750831,
            35.659323
          ],
          [
            139.75084,
            35.6593
          ],
          [
            139.750814,
            35.659264
          ],
          [
            139.750796,
            35.6593
          ],
          [
            139.750721,
            35.659353
          ],
          [
            139.750628,
            35.659411
          ],
          [
            139.750546,
            35.659472
          ],
          [
            139.750524,
            35.659554
          ],
          [
            139.750536,
            35.659636
          ],
          [
            139.750509,
            35.659656
          ],
          [
            139.750438,
            35.659658
          ],
          [
            139.750335,
            35.659668
          ],
          [
            139.750226,
            35.659675
          ],
          [
            139.750115,
            35.659681
          ],
          [
            139.749998,
            35.659689
          ],
          [
            139.749879,
            35.659707
          ],
          [
            139.749762,
            35.65973
          ],
          [
            139.749647,
            35.659757
          ],
          [
            139.749532,
            35.659777
          ],
          [
            139.749414,
            35.659795
          ],
          [
            139.749302,
            35.659817
          ],
          [
            139.7492,
            35.659848
          ],
          [
            139.749117,
            35.659891
          ],
          [
            139.749073,
            35.659956
          ],
          [
            139.74907,
            35.660037
          ],
          [
            139.749085,
            35.660127
          ],
          [
            139.749104,
            35.660222
          ],
          [
            139.749123,
            35.660319
          ],
          [
            139.749145,
            35.660416
          ],
          [
            139.749167,
            35.660512
          ],
          [
            139.749191,
            35.660609
          ],
          [
            139.749213,
            35.660705
          ],
          [
            139.749233,
            35.660802
          ],
          [
            139.749255,
            35.660899
          ],
          [
            139.749274,
            35.660995
          ],
          [
            139.749292,
            35.66109
          ],
          [
            139.749315,
            35.661183
          ],
          [
            139.749343,
            35.661274
          ],
          [
            139.749373,
            35.661359
          ],
          [
            139.749402,
            35.661434
          ],
          [
            139.749429,
            35.661495
          ],
          [
            139.749451,
            35.661542
          ],
          [
            139.749455,
            35.661593
          ],
          [
            139.749451,
            35.661649
          ],
          [
            139.749434,
            35.661706
          ],
          [
            139.749383,
            35.661755
          ],
          [
            139.749315,
            35.6618
          ],
          [
            139.749265,
            35.661851
          ],
          [
            139.749239,
            35.66191
          ],
          [
            139.74922,
            35.661976
          ],
          [
            139.749203,
            35.662053
          ],
          [
            139.749185,
            35.662138
          ],
          [
            139.749172,
            35.662227
          ],
          [
            139.749166,
            35.662317
          ],
          [
            139.749169,
            35.662405
          ],
          [
            139.749189,
            35.662493
          ],
          [
            139.749214,
            35.662582
          ],
          [
            139.749241,
            35.662671
          ],
          [
            139.749265,
            35.66276
          ],
          [
            139.749276,
            35.66285
          ],
          [
            139.749276,
            35.662942
          ],
          [
            139.749274,
            35.663035
          ],
          [
            139.749271,
            35.663128
          ],
          [
            139.749267,
            35.663221
          ],
          [
            139.749262,
            35.663313
          ],
          [
            139.749258,
            35.663402
          ],
          [
            139.749257,
            35.663489
          ],
          [
            139.749263,
            35.663571
          ],
          [
            139.749279,
            35.663647
          ],
          [
            139.749303,
            35.663718
          ],
          [
            139.74933,
            35.663789
          ],
          [
            139.74936,
            35.66387
          ],
          [
            139.74939,
            35.663961
          ],
          [
            139.749418,
            35.664059
          ],
          [
            139.749439,
            35.664159
          ],
          [
            139.749451,
            35.664261
          ],
          [
            139.749466,
            35.664362
          ],
          [
            139.74948,
            35.664464
          ],
          [
            139.749489,
            35.664566
          ],
          [
            139.749495,
            35.664667
          ],
          [
            139.749501,
            35.664769
          ],
          [
            139.749512,
            35.66487
          ],
          [
            139.749528,
            35.66497
          ],
          [
            139.749546,
            35.665069
          ],
          [
            139.749564,
            35.665167
          ]
        ]
      },
      "properties": {
        "sport_type": "walk",
        "year": "2024",
        "city": "港区",
        "city_status": "resolved"
      }
    },
    {
      "type": "Feature",
      "geometry": {
        "type": "LineString",
        "coordinates": [
          [
            139.706122,
            35.811166
          ],
          [
            139.706317,
            35.810582
          ],
          [
            139.70654,
            35.80992
          ],
          [
            139.706799,
            35.809169
          ],
          [
            139.707096,
            35.808325
          ],
          [
            139.707443,
            35.807363
          ],
          [
            139.712648,
            35.796272
          ],
          [
            139.715289,
            35.79197
          ]
        ]
      },
      "properties": {
        "sport_type": "walk",
        "year": "2024",
        "city": "川口市",
        "city_status": "resolved"
      }
    },
    {
      "type": "Feature",
      "geometry": {
        "type": "LineString",
        "coordinates": [
          [
            139.717428,
            35.784959
          ],
          [
            139.71747,
            35.784478
          ],
          [
            139.717523,
            35.784013
          ],
          [
            139.717584,
            35.783561
          ],
          [
            139.717651,
            35.783119
          ],
          [
            139.717747,
            35.782742
          ],
          [
            139.717898,
            35.782508
          ],
          [
            139.718083,
            35.782287
          ],
          [
            139.718319,
            35.782043
          ],
          [
            139.718583,
            35.781784
          ],
          [
            139.718849,
            35.781499
          ],
          [
            139.719086,
            35.781195
          ]
        ]
      },
      "properties": {
        "sport_type": "walk",
        "year": "2024",
        "city": "北区",
        "city_status": "resolved"
      }
    },
    {
      "type": "Feature",
      "geometry": {
        "type": "LineString",
        "coordinates": [
          [
            139.715071,
            35.809798
          ],
          [
            139.715079,
            35.809788
          ],
          [
            139.715087,
            35.809777
          ],
          [
            139.715095,
            35.809767
          ],
          [
            139.715103,
            35.809756
          ],
          [
            139.715111,
            35.809745
          ],
          [
            139.715119,
            35.809735
          ],
          [
            139.715127,
            35.809724
          ],
          [
            139.715135,
            35.809714
          ],
          [
            139.715143,
            35.809703
          ],
          [
            139.71515,
            35.809692
          ],
          [
            139.715158,
            35.809682
          ],
          [
            139.715166,
            35.809671
          ],
          [
            139.715174,
            35.80966
          ],
          [
            139.715181,
            35.80965
          ],
          [
            139.715189,
            35.809639
          ],
          [
            139.715196,
            35.809629
          ],
          [
            139.715204,
            35.809618
          ],
          [
            139.715211,
            35.809608
          ],
          [
            139.715218,
            35.809597
          ],
          [
            139.715226,
            35.809587
          ],
          [
            139.715233,
            35.809577
          ],
          [
            139.71524,
            35.809567
          ],
          [
            139.715247,
            35.809557
          ],
          [
            139.715254,
            35.809547
          ],
          [
            139.715262,
            35.809537
          ],
          [
            139.715269,
            35.809527
          ],
          [
            139.715276,
            35.809517
          ],
          [
            139.715283,
            35.809507
          ]
        ]
      },
      "properties": {
        "sport_type": "walk",
        "year": "2024",
        "city": "川口市",
        "city_status": "resolved"
      }
    },
    {
      "type": "Feature",
      "geometry": {
        "type": "LineString",
        "coordinates": [
          [
            139.707759,
            35.812304
          ],
          [
            139.708345,
            35.811704
          ],
          [
            139.708943,
            35.811086
          ],
          [
            139.709547,
            35.810459
          ],
          [
            139.71015,
            35.809828
          ],
          [
            139.71075,
            35.809199
          ],
          [
            139.711343,
            35.808579
          ],
          [
            139.711928,
            35.80797
          ],
          [
            139.712506,
            35.807374
          ],
          [
            139.713075,
            35.806792
          ],
          [
            139.713638,
            35.806221
          ]
        ]
      },
      "properties": {
        "sport_type": "walk",
        "year": "2024",
        "city": "川口市",
        "city_status": "resolved"
      }
    },
    {
      "type": "Feature",
      "geometry": {
        "type": "LineString",
        "coordinates": [
          [
            139.72714,
            35.763989
          ],
          [
            139.727099,
            35.763961
          ],
          [
            139.727064,
            35.763941
          ],
          [
            139.727035,
            35.763928
          ],
          [
            139.72701,
            35.763921
          ],
          [
            139.726986,
            35.763918
          ],
          [
            139.726961,
            35.763915
          ],
          [
            139.726935,
            35.763913
          ],
          [
            139.726909,
            35.76391
          ],
          [
            139.726882,
            35.763907
          ],
          [
            139.726856,
            35.763901
          ],
          [
            139.726833,
            35.763893
          ],
          [
            139.726814,
            35.763881
          ],
          [
            139.726798,
            35.763865
          ],
          [
            139.726781,
            35.763847
          ],
          [
            139.726762,
            35.763822
          ],
          [
            139.726741,
            35.763792
          ],
          [
            139.726719,
            35.763756
          ],
          [
            139.726699,
            35.763714
          ],
          [
            139.72668,
            35.763667
          ],
          [
            139.726666,
            35.763614
          ],
          [
            139.726659,
            35.763557
          ],
          [
            139.726664,
            35.763493
          ],
          [
            139.726685,
            35.763418
          ],
          [
            139.726727,
            35.763331
          ],
          [
            139.726798,
            35.763226
          ],
          [
            139.726903,
            35.763097
          ],
          [
            139.727049,
            35.762938
          ],
          [
            139.727238,
            35.762747
          ],
          [
            139.727472,
            35.762517
          ],
          [
            139.72775,
            35.762248
          ],
          [
            139.728065,
            35.761944
          ],
          [
            139.728407,
            35.76161
          ],
          [
            139.728769,
            35.761249
          ],
          [
            139.729139,
            35.760869
          ],
          [
            139.729389,
            35.760608
          ]
        ]
      },
      "properties": {
        "sport_type": "walk",
        "year": "2024",
        "city": "北区",
        "city_status": "resolved"
      }
    },
    {
      "type": "Feature",
      "geometry": {
        "type": "LineString",
        "coordinates": [
          [
            139.697845,
            35.818661
          ],
          [
            139.697084,
            35.819288
          ],
          [
            139.696216,
            35.820066
          ],
          [
            139.695393,
            35.82085
          ],
          [
            139.694537,
            35.821626
          ],
          [
            139.693753,
            35.82237
          ],
          [
            139.692908,
            35.823076
          ],
          [
            139.691954,
            35.8238
          ],
          [
            139.690985,
            35.82453
          ],
          [
            139.690214,
            35.825339
          ],
          [
            139.689849,
            35.826038
          ],
          [
            139.689871,
            35.826063
          ],
          [
            139.689637,
            35.826752
          ],
          [
            139.689283,
            35.827558
          ],
          [
            139.688977,
            35.828133
          ],
          [
            139.688569,
            35.828919
          ],
          [
            139.687926,
            35.829447
          ],
          [
            139.68707,
            35.829685
          ],
          [
            139.687121,
            35.830161
          ],
          [
            139.686901,
            35.830969
          ],
          [
            139.686216,
            35.831576
          ],
          [
            139.685551,
            35.832249
          ],
          [
            139.684913,
            35.832926
          ],
          [
            139.684249,
            35.833561
          ],
          [
            139.683531,
            35.834217
          ],
          [
            139.682905,
            35.834882
          ],
          [
            139.682166,
            35.83548
          ],
          [
            139.68134,
            35.836022
          ],
          [
            139.680466,
            35.836528
          ],
          [
            139.679755,
            35.837101
          ],
          [
            139.679077,
            35.837735
          ],
          [
            139.678363,
            35.8384
          ],
          [
            139.677711,
            35.839056
          ],
          [
            139.677061,
            35.83973
          ],
          [
            139.676457,
            35.840365
          ],
          [
            139.675825,
            35.841034
          ],
          [
            139.67512,
            35.841658
          ],
          [
            139.674458,
            35.842322
          ],
          [
            139.673803,
            35.842991
          ],
          [
            139.673079,
            35.84359
          ],
          [
            139.672336,
            35.844181
          ],
          [
            139.671577,
            35.844741
          ],
          [
            139.670879,
            35.845336
          ],
          [
            139.670245,
            35.845986
          ],
          [
            139.669569,
            35.846663
          ],
          [
            139.668862,
            35.847253
          ],
          [
            139.668095,
            35.847294
          ],
          [
            139.667373,
            35.84791
          ],
          [
            139.666764,
            35.848524
          ],
          [
            139.666031,
            35.849044
          ],
          [
            139.665334,
            35.84909
          ],
          [
            139.664406,
            35.84918
          ],
          [
            139.664078,
            35.849933
          ],
          [
            139.663857,
            35.850707
          ],
          [
            139.663648,
            35.85141
          ],
          [
            139.663505,
            35.852155
          ],
          [
            139.663099,
            35.852675
          ],
          [
            139.662437,
            35.85316
          ],
          [
            139.661685,
            35.853698
          ],
          [
            139.660914,
            35.854199
          ],
          [
            139.660189,
            35.854738
          ],
          [
            139.659441,
            35.855284
          ],
          [
            139.658751,
            35.855775
          ],
          [
            139.658236,
            35.8564
          ],
          [
            139.657943,
            35.857035
          ],
          [
            139.657226,
            35.856959
          ],
          [
            139.656177,
            35.856797
          ],
          [
            139.655617,
            35.856841
          ],
          [
            139.655316,
            35.857561
          ],
          [
            139.655379,
            35.85831
          ],
          [
            139.655418,
            35.85904
          ],
          [
            139.655588,
            35.859684
          ],
          [
            139.655894,
            35.860228
          ],
          [
            139.655771,
            35.860474
          ],
          [
            139.655774,
            35.86051
          ],
          [
            139.655612,
            35.860741
          ],
          [
            139.655203,
            35.861434
          ],
          [
            139.654748,
            35.862129
          ],
          [
            139.654298,
            35.862824
          ],
          [
            139.653802,
            35.863517
          ],
          [
            139.653233,
            35.864035
          ],
          [
            139.652603,
            35.864268
          ],
          [
            139.652245,
            35.865041
          ],
          [
            139.651934,
            35.865831
          ],
          [
            139.651599,
            35.866498
          ],
          [
            139.651273,
            35.866703
          ],
          [
            139.650661,
            35.867137
          ],
          [
            139.650261,
            35.86788
          ],
          [
            139.650242,
            35.86861
          ],
          [
            139.649583,
            35.869233
          ],
          [
            139.648953,
            35.869919
          ],
          [
            139.648381,
            35.870596
          ],
          [
            139.647926,
            35.871289
          ],
          [
            139.647898,
            35.871485
          ],
          [
            139.647804,
            35.87162
          ],
          [
            139.647251,
            35.872252
          ],
          [
            139.64693,
            35.872993
          ],
          [
            139.646594,
            35.873767
          ],
          [
            139.646189,
            35.874512
          ],
          [
            139.645835,
            35.875184
          ],
          [
            139.645564,
            35.875769
          ],
          [
            139.645173,
            35.876563
          ],
          [
            139.644801,
            35.877329
          ],
          [
            139.644411,
            35.878099
          ],
          [
            139.644022,
            35.878871
          ],
          [
            139.643678,
            35.879628
          ],
          [
            139.64325,
            35.880358
          ],
          [
            139.642831,
            35.881081
          ],
          [
            139.642396,
            35.881823
          ],
          [
            139.641991,
            35.882267
          ],
          [
            139.641499,
            35.882912
          ],
          [
            139.640972,
            35.88364
          ],
          [
            139.640515,
            35.884401
          ],
          [
            139.640021,
            35.885172
          ],
          [
            139.639527,
            35.886013
          ],
          [
            139.639063,
            35.886792
          ],
          [
            139.638555,
            35.887535
          ],
          [
            139.638227,
            35.888035
          ],
          [
            139.637936,
            35.888556
          ],
          [
            139.637642,
            35.888981
          ],
          [
            139.637126,
            35.889747
          ],
          [
            139.636633,
            35.890507
          ],
          [
            139.636218,
            35.891328
          ],
          [
            139.635723,
            35.892071
          ],
          [
            139.635303,
            35.892767
          ],
          [
            139.635106,
            35.893066
          ],
          [
            139.634887,
            35.89347
          ],
          [
            139.634514,
            35.893932
          ],
          [
            139.634143,
            35.894564
          ],
          [
            139.6341,
            35.894692
          ],
          [
            139.633813,
            35.89539
          ],
          [
            139.633114,
            35.895705
          ],
          [
            139.632451,
            35.896364
          ],
          [
            139.632242,
            35.896765
          ],
          [
            139.631628,
            35.897472
          ],
          [
            139.630919,
            35.898149
          ],
          [
            139.630332,
            35.898884
          ],
          [
            139.629873,
            35.899623
          ],
          [
            139.629318,
            35.900334
          ],
          [
            139.629147,
            35.900719
          ],
          [
            139.6287,
            35.901477
          ],
          [
            139.628251,
            35.902271
          ],
          [
            139.62786,
            35.903031
          ],
          [
            139.627568,
            35.90383
          ],
          [
            139.627364,
            35.904665
          ],
          [
            139.62712,
            35.9055
          ],
          [
            139.626914,
            35.90627
          ]
        ]
      },
      "properties": {
        "sport_type": "walk",
        "year": "2024",
        "city": "蕨市",
        "city_status": "resolved"
      }
    },
    {
      "type": "Feature",
      "geometry": {
        "type": "LineString",
        "coordinates": [
          [
            139.753656,
            35.673082
          ],
          [
            139.753607,
            35.67301
          ],
          [
            139.753558,
            35.672932
          ],
          [
            139.753509,
            35.672851
          ],
          [
            139.75346,
            35.672769
          ],
          [
            139.753418,
            35.672692
          ],
          [
            139.75337,
            35.672577
          ],
          [
            139.753337,
            35.672526
          ],
          [
            139.753322,
            35.672505
          ],
          [
            139.753309,
            35.672486
          ],
          [
            139.753294,
            35.672469
          ],
          [
            139.753273,
            35.672447
          ],
          [
            139.753247,
            35.672423
          ],
          [
            139.753214,
            35.672403
          ],
          [
            139.753168,
            35.672388
          ],
          [
            139.753105,
            35.672381
          ],
          [
            139.753035,
            35.67238
          ],
          [
            139.75297,
            35.672384
          ],
          [
            139.752915,
            35.672388
          ],
          [
            139.752878,
            35.672389
          ],
          [
            139.752856,
            35.672387
          ],
          [
            139.752845,
            35.672382
          ],
          [
            139.75284,
            35.672377
          ],
          [
            139.752838,
            35.67237
          ],
          [
            139.752834,
            35.672359
          ],
          [
            139.752828,
            35.672341
          ],
          [
            139.752818,
            35.672314
          ],
          [
            139.752803,
            35.672276
          ],
          [
            139.75278,
            35.672227
          ]
        ]
      },
      "properties": {
        "sport_type": "walk",
        "year": "2024",
        "city": "港区",
        "city_status": "resolved"
      }
    },
    {
      "type": "Feature",
      "geometry": {
        "type": "LineString",
        "coordinates": [
          [
            139.702364,
            35.805165
          ],
          [
            139.702364,
            35.805107
          ],
          [
            139.702365,
            35.80505
          ],
          [
            139.702366,
            35.804995
          ],
          [
            139.702367,
            35.804939
          ],
          [
            139.702368,
            35.804885
          ],
          [
            139.70237,
            35.80483
          ],
          [
            139.702373,
            35.804776
          ],
          [
            139.702376,
            35.804722
          ],
          [
            139.702379,
            35.804669
          ],
          [
            139.702382,
            35.804616
          ],
          [
            139.702385,
            35.804565
          ],
          [
            139.702388,
            35.804515
          ],
          [
            139.702391,
            35.804467
          ],
          [
            139.702394,
            35.804418
          ],
          [
            139.702395,
            35.804367
          ],
          [
            139.702396,
            35.804315
          ],
          [
            139.702397,
            35.804263
          ],
          [
            139.702399,
            35.80421
          ],
          [
            139.7024,
            35.804156
          ],
          [
            139.702402,
            35.804101
          ],
          [
            139.702403,
            35.804046
          ],
          [
            139.702404,
            35.80399
          ],
          [
            139.702404,
            35.803935
          ],
          [
            139.702405,
            35.803878
          ],
          [
            139.702405,
            35.803822
          ],
          [
            139.702406,
            35.803766
          ],
          [
            139.702406,
            35.80371
          ],
          [
            139.702407,
            35.803654
          ],
          [
            139.702409,
            35.803598
          ],
          [
            139.702413,
            35.803542
          ],
          [
            139.702419,
            35.803486
          ],
          [
            139.702427,
            35.803429
          ],
          [
            139.702437,
            35.803371
          ],
          [
            139.702448,
            35.803312
          ],
          [
            139.702459,
            35.803254
          ],
          [
            139.70247,
            35.803195
          ],
          [
            139.702482,
            35.803137
          ],
          [
            139.702493,
            35.80308
          ],
          [
            139.702502,
            35.803024
          ],
          [
            139.702509,
            35.802968
          ],
          [
            139.702515,
            35.802914
          ],
          [
            139.70252,
            35.80286
          ],
          [
            139.702526,
            35.802806
          ],
          [
            139.702536,
            35.802752
          ],
          [
            139.702551,
            35.802698
          ]
        ]
      },
      "properties": {
        "sport_type": "walk",
        "year": "2024",
        "city": "川口市",
        "city_status": "resolved"
      }
    },
    {
      "type": "Feature",
      "geometry": {
        "type": "LineString",
        "coordinates": [
          [
            139.696089,
            35.801117
          ],
          [
            139.69588,
            35.801154
          ],
          [
            139.695687,
            35.801187
          ],
          [
            139.695471,
            35.801218
          ],
          [
            139.695266,
            35.801252
          ],
          [
            139.695054,
            35.801285
          ],
          [
            139.694847,
            35.801314
          ],
          [
            139.694644,
            35.801347
          ],
          [
            139.694444,
            35.801381
          ],
          [
            139.694248,
            35.801406
          ],
          [
            139.694052,
            35.801435
          ],
          [
            139.693846,
            35.801459
          ],
          [
            139.693653,
            35.801488
          ],
          [
            139.693459,
            35.801519
          ],
          [
            139.693258,
            35.801551
          ],
          [
            139.693053,
            35.801579
          ],
          [
            139.692847,
            35.801606
          ],
          [
            139.69264,
            35.80163
          ],
          [
            139.692443,
            35.801655
          ],
          [
            139.692239,
            35.801676
          ],
          [
            139.692032,
            35.801694
          ],
          [
            139.691831,
            35.801715
          ],
          [
            139.691619,
            35.801736
          ],
          [
            139.691412,
            35.801751
          ],
          [
            139.691208,
            35.801761
          ],
          [
            139.691001,
            35.801765
          ],
          [
            139.690797,
            35.801766
          ],
          [
            139.690604,
            35.801776
          ],
          [
            139.690402,
            35.801784
          ],
          [
            139.6902,
            35.801786
          ],
          [
            139.689994,
            35.801788
          ],
          [
            139.689784,
            35.801782
          ],
          [
            139.689584,
            35.80178
          ],
          [
            139.689394,
            35.80178
          ],
          [
            139.689206,
            35.801769
          ],
          [
            139.689016,
            35.80176
          ],
          [
            139.688826,
            35.801747
          ],
          [
            139.68864,
            35.801733
          ],
          [
            139.688453,
            35.801722
          ],
          [
            139.688251,
            35.801706
          ],
          [
            139.688045,
            35.80169
          ],
          [
            139.687838,
            35.801666
          ],
          [
            139.687631,
            35.801653
          ],
          [
            139.687423,
            35.80164
          ],
          [
            139.687222,
            35.801605
          ],
          [
            139.687028,
            35.801579
          ],
          [
            139.686833,
            35.801547
          ],
          [
            139.686637,
            35.801518
          ],
          [
            139.686436,
            35.801483
          ],
          [
            139.686235,
            35.801449
          ],
          [
            139.686041,
            35.801422
          ],
          [
            139.685851,
            35.8014
          ],
          [
            139.685666,
            35.801389
          ],
          [
            139.685486,
            35.801348
          ],
          [
            139.685299,
            35.801316
          ],
          [
            139.685098,
            35.801284
          ],
          [
            139.684908,
            35.801267
          ],
          [
            139.684715,
            35.801219
          ],
          [
            139.684573,
            35.801184
          ],
          [
            139.684574,
            35.801161
          ],
          [
            139.684588,
            35.801061
          ],
          [
            139.684526,
            35.80094
          ],
          [
            139.684531,
            35.800787
          ],
          [
            139.68442,
            35.800694
          ],
          [
            139.684155,
            35.80065
          ],
          [
            139.683899,
            35.800602
          ],
          [
            139.683674,
            35.800571
          ],
          [
            139.683476,
            35.800527
          ],
          [
            139.683279,
            35.800495
          ],
          [
            139.683074,
            35.800461
          ],
          [
            139.682878,
            35.800429
          ],
          [
            139.682682,
            35.800392
          ],
          [
            139.682482,
            35.800364
          ],
          [
            139.682285,
            35.800329
          ],
          [
            139.682074,
            35.800297
          ],
          [
            139.681858,
            35.800284
          ],
          [
            139.681644,
            35.800272
          ],
          [
            139.681429,
            35.800267
          ],
          [
            139.681222,
            35.800266
          ],
          [
            139.681013,
            35.800267
          ],
          [
            139.680798,
            35.800276
          ],
          [
            139.680593,
            35.800281
          ],
          [
            139.680395,
            35.800282
          ],
          [
            139.68019,
            35.800281
          ],
          [
            139.679976,
            35.800277
          ],
          [
            139.679774,
            35.800255
          ],
          [
            139.679551,
            35.800255
          ],
          [
            139.679329,
            35.800271
          ],
          [
            139.679114,
            35.800282
          ],
          [
            139.678924,
            35.800288
          ],
          [
            139.678722,
            35.800296
          ],
          [
            139.678527,
            35.800318
          ],
          [
            139.678337,
            35.800343
          ],
          [
            139.678137,
            35.800376
          ],
          [
            139.677939,
            35.800406
          ],
          [
            139.677739,
            35.800439
          ],
          [
            139.677528,
            35.800471
          ],
          [
            139.677323,
            35.800498
          ],
          [
            139.677104,
            35.800521
          ],
          [
            139.676895,
            35.800542
          ],
          [
            139.676687,
            35.800567
          ],
          [
            139.676483,
            35.800607
          ],
          [
            139.676278,
            35.800636
          ],
          [
            139.676069,
            35.80067
          ],
          [
            139.67586,
            35.800709
          ],
          [
            139.675643,
            35.800752
          ],
          [
            139.675426,
            35.800792
          ],
          [
            139.675228,
            35.800819
          ],
          [
            139.675042,
            35.800854
          ],
          [
            139.674838,
            35.800887
          ],
          [
            139.674632,
            35.800913
          ],
          [
            139.67443,
            35.800947
          ],
          [
            139.674234,
            35.800981
          ],
          [
            139.674027,
            35.801009
          ],
          [
            139.673822,
            35.801046
          ],
          [
            139.673619,
            35.801083
          ],
          [
            139.673411,
            35.80112
          ],
          [
            139.673225,
            35.801148
          ],
          [
            139.673042,
            35.801178
          ],
          [
            139.672869,
            35.801198
          ],
          [
            139.672689,
            35.801222
          ],
          [
            139.672508,
            35.801247
          ],
          [
            139.672321,
            35.801282
          ],
          [
            139.67221,
            35.801301
          ]
        ]
      },
      "properties": {
        "sport_type": "run",
        "year": "2024",
        "city": "川口市",
        "city_status": "resolved"
      }
    },
    {
      "type": "Feature",
      "geometry": {
        "type": "LineString",
        "coordinates": [
          [
            139.661065,
            35.802092
          ],
          [
            139.660894,
            35.802081
          ],
          [
            139.660727,
            35.802074
          ],
          [
            139.660567,
            35.802079
          ],
          [
            139.660407,
            35.802059
          ],
          [
            139.660237,
            35.802043
          ],
          [
            139.660077,
            35.802026
          ],
          [
            139.659909,
            35.802009
          ],
          [
            139.659744,
            35.801992
          ],
          [
            139.659571,
            35.801976
          ],
          [
            139.659397,
            35.801971
          ],
          [
            139.659242,
            35.801954
          ],
          [
            139.659171,
            35.801916
          ],
          [
            139.659181,
            35.801963
          ],
          [
            139.659158,
            35.801953
          ],
          [
            139.659165,
            35.801943
          ],
          [
            139.659173,
            35.801936
          ],
          [
            139.659184,
            35.801931
          ],
          [
            139.659164,
            35.801929
          ],
          [
            139.659161,
            35.801942
          ],
          [
            139.659147,
            35.801965
          ],
          [
            139.659155,
            35.801965
          ],
          [
            139.659157,
            35.801963
          ],
          [
            139.659152,
            35.801956
          ],
          [
            139.659137,
            35.801942
          ],
          [
            139.659115,
            35.801945
          ],
          [
            139.658998,
            35.801944
          ],
          [
            139.658845,
            35.80192
          ],
          [
            139.658694,
            35.801899
          ],
          [
            139.65853,
            35.801872
          ],
          [
            139.658361,
            35.80184
          ],
          [
            139.658193,
            35.8018
          ],
          [
            139.658024,
            35.801752
          ],
          [
            139.65786,
            35.801724
          ],
          [
            139.657693,
            35.801693
          ],
          [
            139.657525,
            35.801667
          ],
          [
            139.657365,
            35.801639
          ],
          [
            139.657203,
            35.801618
          ],
          [
            139.657041,
            35.801594
          ],
          [
            139.656896,
            35.801579
          ],
          [
            139.656749,
            35.801552
          ],
          [
            139.656595,
            35.801531
          ],
          [
            139.656433,
            35.801522
          ],
          [
            139.656303,
            35.801606
          ],
          [
            139.656218,
            35.801711
          ],
          [
            139.656137,
            35.801804
          ],
          [
            139.656038,
            35.801832
          ],
          [
            139.655902,
            35.801791
          ],
          [
            139.655766,
            35.80176
          ],
          [
            139.655622,
            35.801729
          ],
          [
            139.655491,
            35.801699
          ],
          [
            139.655358,
            35.801674
          ],
          [
            139.655215,
            35.801646
          ],
          [
            139.655068,
            35.801625
          ],
          [
            139.654918,
            35.801611
          ],
          [
            139.654771,
            35.80159
          ],
          [
            139.654624,
            35.801565
          ],
          [
            139.654469,
            35.801537
          ],
          [
            139.654328,
            35.801488
          ],
          [
            139.654195,
            35.801449
          ],
          [
            139.654048,
            35.801425
          ],
          [
            139.653884,
            35.80143
          ],
          [
            139.653731,
            35.801424
          ],
          [
            139.653578,
            35.801404
          ],
          [
            139.653426,
            35.801379
          ],
          [
            139.653275,
            35.801353
          ],
          [
            139.653134,
            35.80133
          ],
          [
            139.653,
            35.801309
          ],
          [
            139.652865,
            35.80129
          ],
          [
            139.652715,
            35.80127
          ],
          [
            139.652563,
            35.801263
          ],
          [
            139.65241,
            35.801254
          ],
          [
            139.652272,
            35.801234
          ],
          [
            139.652124,
            35.801227
          ],
          [
            139.651986,
            35.801215
          ],
          [
            139.65184,
            35.801204
          ],
          [
            139.651692,
            35.801198
          ],
          [
            139.651548,
            35.8012
          ],
          [
            139.651396,
            35.801203
          ],
          [
            139.651241,
            35.801203
          ],
          [
            139.651095,
            35.801207
          ],
          [
            139.650944,
            35.801205
          ],
          [
            139.6508,
            35.801213
          ],
          [
            139.650653,
            35.801218
          ],
          [
            139.650507,
            35.80122
          ],
          [
            139.650354,
            35.80123
          ],
          [
            139.650207,
            35.80124
          ],
          [
            139.650065,
            35.801258
          ],
          [
            139.64992,
            35.801265
          ],
          [
            139.649769,
            35.80127
          ],
          [
            139.649624,
            35.801269
          ],
          [
            139.649468,
            35.801276
          ],
          [
            139.649312,
            35.801299
          ],
          [
            139.649179,
            35.801326
          ],
          [
            139.649047,
            35.801354
          ],
          [
            139.648908,
            35.801368
          ],
          [
            139.648766,
            35.801379
          ],
          [
            139.648615,
            35.801397
          ],
          [
            139.648481,
            35.801426
          ],
          [
            139.648352,
            35.801451
          ],
          [
            139.648223,
            35.801481
          ],
          [
            139.648094,
            35.80151
          ],
          [
            139.64798,
            35.801531
          ],
          [
            139.648,
            35.801553
          ],
          [
            139.648173,
            35.801538
          ],
          [
            139.648322,
            35.801495
          ],
          [
            139.648345,
            35.801413
          ],
          [
            139.648328,
            35.801356
          ],
          [
            139.648309,
            35.8013
          ],
          [
            139.648295,
            35.801267
          ],
          [
            139.648282,
            35.801205
          ],
          [
            139.648241,
            35.801092
          ],
          [
            139.648089,
            35.801076
          ],
          [
            139.647923,
            35.801103
          ],
          [
            139.647778,
            35.801135
          ],
          [
            139.647616,
            35.801178
          ],
          [
            139.647453,
            35.801228
          ],
          [
            139.647302,
            35.801295
          ],
          [
            139.647148,
            35.801319
          ],
          [
            139.64701,
            35.801345
          ],
          [
            139.646865,
            35.801404
          ],
          [
            139.646731,
            35.801477
          ],
          [
            139.646599,
            35.80155
          ],
          [
            139.646463,
            35.801619
          ],
          [
            139.646324,
            35.801685
          ],
          [
            139.646204,
            35.801764
          ],
          [
            139.646085,
            35.80184
          ],
          [
            139.645956,
            35.801912
          ],
          [
            139.645829,
            35.801992
          ],
          [
            139.645705,
            35.802069
          ],
          [
            139.645581,
            35.802147
          ],
          [
            139.645468,
            35.802223
          ],
          [
            139.645344,
            35.802299
          ],
          [
            139.645221,
            35.80237
          ],
          [
            139.645095,
            35.802444
          ],
          [
            139.644973,
            35.802522
          ],
          [
            139.644836,
            35.802596
          ],
          [
            139.644714,
            35.802684
          ],
          [
            139.644606,
            35.802778
          ],
          [
            139.644486,
            35.802864
          ],
          [
            139.644369,
            35.802952
          ],
          [
            139.644278,
            35.803054
          ],
          [
            139.644178,
            35.803146
          ],
          [
            139.644101,
            35.803259
          ],
          [
            139.644028,
            35.803375
          ],
          [
            139.643958,
            35.803499
          ],
          [
            139.643887,
            35.803616
          ],
          [
            139.643842,
            35.803689
          ]
        ]
      },
      "properties": {
        "sport_type": "run",
        "year": "2024",
        "city": "戸田市",
        "city_status": "resolved"
      }
    },
    {
      "type": "Feature",
      "geometry": {
        "type": "LineString",
        "coordinates": [
          [
            139.658284,
            35.802261
          ],
          [
            139.658548,
            35.802298
          ],
          [
            139.6588,
            35.802326
          ],
          [
            139.659048,
            35.802364
          ],
          [
            139.659225,
            35.802346
          ],
          [
            139.65943,
            35.802404
          ],
          [
            139.659626,
            35.802448
          ],
          [
            139.659846,
            35.802475
          ],
          [
            139.660061,
            35.8025
          ],
          [
            139.660277,
            35.802529
          ],
          [
            139.660505,
            35.802553
          ],
          [
            139.660757,
            35.802578
          ],
          [
            139.661003,
            35.802606
          ],
          [
            139.661204,
            35.802626
          ],
          [
            139.661332,
            35.802624
          ],
          [
            139.661315,
            35.802613
          ],
          [
            139.661333,
            35.802589
          ],
          [
            139.661543,
            35.802598
          ],
          [
            139.661766,
            35.802604
          ],
          [
            139.661977,
            35.802616
          ],
          [
            139.6622,
            35.802619
          ],
          [
            139.66242,
            35.802643
          ],
          [
            139.662648,
            35.802675
          ],
          [
            139.662872,
            35.802683
          ],
          [
            139.663099,
            35.802694
          ],
          [
            139.663359,
            35.802704
          ],
          [
            139.663613,
            35.802713
          ],
          [
            139.663863,
            35.802701
          ],
          [
            139.664122,
            35.802697
          ],
          [
            139.664392,
            35.802689
          ],
          [
            139.664642,
            35.802685
          ],
          [
            139.664871,
            35.802669
          ],
          [
            139.665092,
            35.80265
          ],
          [
            139.66533,
            35.802633
          ],
          [
            139.665574,
            35.802608
          ],
          [
            139.665815,
            35.802593
          ],
          [
            139.666051,
            35.802561
          ],
          [
            139.666302,
            35.802548
          ],
          [
            139.666548,
            35.802524
          ],
          [
            139.666787,
            35.802501
          ],
          [
            139.667036,
            35.802476
          ],
          [
            139.667286,
            35.802459
          ],
          [
            139.667533,
            35.802433
          ],
          [
            139.667782,
            35.802415
          ],
          [
            139.668043,
            35.802393
          ],
          [
            139.668298,
            35.802366
          ],
          [
            139.668538,
            35.802337
          ],
          [
            139.668785,
            35.802307
          ],
          [
            139.669046,
            35.802276
          ],
          [
            139.669297,
            35.802239
          ],
          [
            139.669538,
            35.802201
          ],
          [
            139.669784,
            35.802158
          ],
          [
            139.670037,
            35.802124
          ],
          [
            139.670291,
            35.802084
          ],
          [
            139.670544,
            35.80206
          ],
          [
            139.67079,
            35.802024
          ],
          [
            139.671043,
            35.801975
          ],
          [
            139.671276,
            35.801935
          ],
          [
            139.671517,
            35.801897
          ],
          [
            139.671765,
            35.801855
          ],
          [
            139.672018,
            35.801806
          ],
          [
            139.672278,
            35.80176
          ],
          [
            139.672533,
            35.801706
          ],
          [
            139.672775,
            35.80166
          ],
          [
            139.673042,
            35.801622
          ],
          [
            139.673317,
            35.801593
          ],
          [
            139.673592,
            35.801562
          ],
          [
            139.673853,
            35.801514
          ],
          [
            139.674106,
            35.801473
          ],
          [
            139.67434,
            35.801436
          ],
          [
            139.674561,
            35.801392
          ],
          [
            139.6748,
            35.801353
          ],
          [
            139.67505,
            35.801313
          ],
          [
            139.6753,
            35.801262
          ],
          [
            139.675548,
            35.801215
          ],
          [
            139.675773,
            35.80118
          ],
          [
            139.675979,
            35.801153
          ],
          [
            139.676194,
            35.801117
          ],
          [
            139.676414,
            35.801079
          ],
          [
            139.676656,
            35.801041
          ],
          [
            139.676908,
            35.801006
          ],
          [
            139.677162,
            35.800975
          ],
          [
            139.677416,
            35.800939
          ],
          [
            139.677672,
            35.800914
          ],
          [
            139.677918,
            35.800879
          ],
          [
            139.678148,
            35.800872
          ],
          [
            139.678359,
            35.800859
          ],
          [
            139.678561,
            35.800841
          ],
          [
            139.678766,
            35.800814
          ],
          [
            139.678978,
            35.800798
          ],
          [
            139.679179,
            35.800781
          ],
          [
            139.67938,
            35.800768
          ],
          [
            139.679587,
            35.800758
          ],
          [
            139.679798,
            35.800747
          ],
          [
            139.680004,
            35.80074
          ],
          [
            139.680199,
            35.80074
          ],
          [
            139.680388,
            35.800741
          ],
          [
            139.680597,
            35.800745
          ],
          [
            139.680813,
            35.800746
          ],
          [
            139.681041,
            35.800746
          ],
          [
            139.681246,
            35.800742
          ],
          [
            139.681418,
            35.80075
          ],
          [
            139.681626,
            35.80076
          ],
          [
            139.681852,
            35.800767
          ],
          [
            139.682033,
            35.800784
          ],
          [
            139.682247,
            35.800812
          ],
          [
            139.68247,
            35.80085
          ],
          [
            139.682687,
            35.80086
          ],
          [
            139.682911,
            35.800901
          ],
          [
            139.683146,
            35.800957
          ],
          [
            139.683403,
            35.801012
          ],
          [
            139.683694,
            35.801078
          ],
          [
            139.683919,
            35.801181
          ],
          [
            139.683964,
            35.801315
          ],
          [
            139.684021,
            35.801388
          ],
          [
            139.684198,
            35.801389
          ],
          [
            139.684416,
            35.80137
          ],
          [
            139.684572,
            35.801427
          ],
          [
            139.684705,
            35.801483
          ],
          [
            139.684834,
            35.801526
          ],
          [
            139.684976,
            35.801568
          ],
          [
            139.68519,
            35.801606
          ],
          [
            139.685444,
            35.801605
          ],
          [
            139.685695,
            35.801624
          ],
          [
            139.685948,
            35.801697
          ],
          [
            139.686193,
            35.801767
          ],
          [
            139.686439,
            35.80183
          ],
          [
            139.686647,
            35.801861
          ],
          [
            139.686816,
            35.801926
          ],
          [
            139.686979,
            35.801905
          ],
          [
            139.687217,
            35.801956
          ],
          [
            139.687461,
            35.801997
          ],
          [
            139.687687,
            35.802036
          ],
          [
            139.687921,
            35.80204
          ],
          [
            139.68802,
            35.802051
          ],
          [
            139.688267,
            35.802103
          ],
          [
            139.688533,
            35.802129
          ],
          [
            139.688814,
            35.802132
          ],
          [
            139.689079,
            35.80214
          ],
          [
            139.689351,
            35.802153
          ],
          [
            139.689614,
            35.802144
          ],
          [
            139.689892,
            35.802148
          ],
          [
            139.690067,
            35.802162
          ]
        ]
      },
      "properties": {
        "sport_type": "run",
        "year": "2024",
        "city": "戸田市",
        "city_status": "resolved"
      }
    },
    {
      "type": "Feature",
      "geometry": {
        "type": "LineString",
        "coordinates": [
          [
            139.762982,
            35.668061
          ],
          [
            139.763008,
            35.668045
          ],
          [
            139.763034,
            35.668028
          ],
          [
            139.76306,
            35.668011
          ],
          [
            139.763085,
            35.667994
          ],
          [
            139.763109,
            35.667977
          ],
          [
            139.763131,
            35.667959
          ],
          [
            139.763154,
            35.66794
          ],
          [
            139.763175,
            35.667922
          ],
          [
            139.763195,
            35.667903
          ],
          [
            139.763214,
            35.667886
          ],
          [
            139.763232,
            35.667868
          ],
          [
            139.763248,
            35.667851
          ],
          [
            139.763262,
            35.667836
          ],
          [
            139.763274,
            35.667821
          ],
          [
            139.763284,
            35.667807
          ],
          [
            139.763292,
            35.667795
          ],
          [
            139.763296,
            35.667784
          ],
          [
            139.763298,
            35.667775
          ],
          [
            139.763298,
            35.667766
          ],
          [
            139.763296,
            35.667757
          ],
          [
            139.763291,
            35.667749
          ],
          [
            139.763283,
            35.66774
          ],
          [
            139.763274,
            35.667732
          ],
          [
            139.763264,
            35.667724
          ],
          [
            139.763252,
            35.667715
          ],
          [
            139.763239,
            35.667704
          ],
          [
            139.763225,
            35.66769
          ],
          [
            139.763211,
            35.667675
          ],
          [
            139.763197,
            35.667658
          ],
          [
            139.763182,
            35.667638
          ],
          [
            139.763167,
            35.667616
          ],
          [
            139.763152,
            35.667591
          ],
          [
            139.763136,
            35.667564
          ],
          [
            139.76312,
            35.667535
          ],
          [
            139.763104,
            35.667503
          ],
          [
            139.763087,
            35.667471
          ],
          [
            139.76307,
            35.667437
          ],
          [
            139.763053,
            35.667402
          ],
          [
            139.763035,
            35.667367
          ],
          [
            139.763017,
            35.667333
          ],
          [
            139.762999,
            35.667299
          ],
          [
            139.76298,
            35.667266
          ],
          [
            139.762961,
            35.667235
          ],
          [
            139.762942,
            35.667205
          ],
          [
            139.762922,
            35.667177
          ],
          [
            139.762902,
            35.66715
          ],
          [
            139.762881,
            35.667125
          ],
          [
            139.762859,
            35.667102
          ],
          [
            139.762837,
            35.66708
          ],
          [
            139.762815,
            35.667059
          ],
          [
            139.762792,
            35.667038
          ],
          [
            139.762769,
            35.667019
          ],
          [
            139.762745,
            35.667
          ],
          [
            139.762717,
            35.666989
          ],
          [
            139.762688,
            35.666988
          ],
          [
            139.762668,
            35.666985
          ],
          [
            139.762662,
            35.666977
          ],
          [
            139.762665,
            35.666964
          ],
          [
            139.762674,
            35.666948
          ],
          [
            139.762684,
            35.666934
          ],
          [
            139.762692,
            35.66692
          ],
          [
            139.762701,
            35.666904
          ],
          [
            139.762711,
            35.666887
          ],
          [
            139.762722,
            35.66687
          ],
          [
            139.762733,
            35.666851
          ],
          [
            139.762744,
            35.666833
          ],
          [
            139.762751,
            35.666816
          ],
          [
            139.762756,
            35.666799
          ],
          [
            139.762757,
            35.666787
          ],
          [
            139.762748,
            35.666784
          ],
          [
            139.76273,
            35.666788
          ],
          [
            139.762703,
            35.666797
          ],
          [
            139.762679,
            35.666804
          ],
          [
            139.762657,
            35.666806
          ],
          [
            139.762635,
            35.666801
          ],
          [
            139.762616,
            35.666795
          ],
          [
            139.762597,
            35.66679
          ],
          [
            139.762577,
            35.666787
          ],
          [
            139.762553,
            35.666786
          ],
          [
            139.762526,
            35.666788
          ],
          [
            139.762494,
            35.666792
          ],
          [
            139.762468,
            35.666795
          ],
          [
            139.762444,
            35.666798
          ],
          [
            139.762419,
            35.666803
          ],
          [
            139.762395,
            35.666811
          ],
          [
            139.762377,
            35.666816
          ],
          [
            139.762355,
            35.666811
          ],
          [
            139.762327,
            35.666801
          ],
          [
            139.762297,
            35.66679
          ],
          [
            139.762276,
            35.666781
          ],
          [
            139.762259,
            35.666772
          ],
          [
            139.762247,
            35.666764
          ],
          [
            139.762235,
            35.666759
          ],
          [
            139.762215,
            35.666752
          ],
          [
            139.762196,
            35.666748
          ],
          [
            139.762172,
            35.666747
          ],
          [
            139.762145,
            35.666749
          ],
          [
            139.762118,
            35.666751
          ],
          [
            139.762091,
            35.666753
          ],
          [
            139.762063,
            35.666756
          ],
          [
            139.762036,
            35.666758
          ],
          [
            139.762009,
            35.666758
          ],
          [
            139.761983,
            35.666759
          ],
          [
            139.761958,
            35.666759
          ],
          [
            139.761934,
            35.66676
          ],
          [
            139.761912,
            35.666762
          ],
          [
            139.761892,
            35.666765
          ],
          [
            139.761874,
            35.66677
          ],
          [
            139.761857,
            35.666777
          ],
          [
            139.761843,
            35.666786
          ],
          [
            139.76183,
            35.666796
          ],
          [
            139.761819,
            35.666809
          ],
          [
            139.761809,
            35.666823
          ],
          [
            139.7618,
            35.666839
          ],
          [
            139.761793,
            35.666856
          ],
          [
            139.761786,
            35.666873
          ],
          [
            139.761781,
            35.66689
          ],
          [
            139.761776,
            35.666907
          ],
          [
            139.76177,
            35.666924
          ],
          [
            139.761764,
            35.666939
          ],
          [
            139.761757,
            35.666953
          ],
          [
            139.761749,
            35.666965
          ],
          [
            139.761739,
            35.666974
          ],
          [
            139.761727,
            35.66698
          ],
          [
            139.761713,
            35.666983
          ],
          [
            139.761697,
            35.666985
          ],
          [
            139.761677,
            35.666986
          ]
        ]
      },
      "properties": {
        "sport_type": "walk",
        "year": "2024",
        "city": "中央区",
        "city_status": "resolved"
      }
    },
    {
      "type": "Feature",
      "geometry": {
        "type": "LineString",
        "coordinates": [
          [
            139.753728,
            35.673071
          ],
          [
            139.753692,
            35.67302
          ],
          [
            139.753655,
            35.672968
          ],
          [
            139.753619,
            35.672915
          ],
          [
            139.753582,
            35.672863
          ],
          [
            139.753544,
            35.67281
          ],
          [
            139.753504,
            35.672756
          ],
          [
            139.753468,
            35.672691
          ],
          [
            139.753448,
            35.672626
          ],
          [
            139.75343,
            35.672569
          ],
          [
            139.753402,
            35.672524
          ],
          [
            139.753362,
            35.672466
          ],
          [
            139.753326,
            35.672411
          ],
          [
            139.753292,
            35.672351
          ],
          [
            139.753258,
            35.67229
          ],
          [
            139.753223,
            35.672229
          ],
          [
            139.753186,
            35.672165
          ],
          [
            139.753148,
            35.672099
          ]
        ]
      },
      "properties": {
        "sport_type": "walk",
        "year": "2024",
        "city": "港区",
        "city_status": "resolved"
      }
    },
    {
      "type": "Feature",
      "geometry": {
        "type": "LineString",
        "coordinates": [
          [
            139.695766,
            35.800726
          ],
          [
            139.695066,
            35.800877
          ],
          [
            139.694377,
            35.800992
          ],
          [
            139.693672,
            35.801089
          ],
          [
            139.692979,
            35.801191
          ],
          [
            139.692291,
            35.801277
          ],
          [
            139.691588,
            35.801337
          ],
          [
            139.690889,
            35.801383
          ],
          [
            139.690206,
            35.801404
          ],
          [
            139.689519,
            35.801407
          ],
          [
            139.688831,
            35.801367
          ],
          [
            139.688137,
            35.801313
          ],
          [
            139.687449,
            35.801241
          ],
          [
            139.686788,
            35.801136
          ],
          [
            139.686123,
            35.80104
          ],
          [
            139.685437,
            35.800921
          ],
          [
            139.684742,
            35.800821
          ],
          [
            139.684086,
            35.800703
          ],
          [
            139.683386,
            35.800558
          ],
          [
            139.682691,
            35.800437
          ],
          [
            139.681983,
            35.800329
          ],
          [
            139.681259,
            35.800298
          ],
          [
            139.680544,
            35.800302
          ],
          [
            139.679815,
            35.800312
          ],
          [
            139.679083,
            35.800344
          ],
          [
            139.678369,
            35.800403
          ],
          [
            139.677672,
            35.800503
          ],
          [
            139.676966,
            35.80058
          ],
          [
            139.676278,
            35.800667
          ],
          [
            139.675577,
            35.800796
          ],
          [
            139.674873,
            35.80091
          ],
          [
            139.674168,
            35.801018
          ],
          [
            139.673458,
            35.801131
          ],
          [
            139.672743,
            35.801252
          ],
          [
            139.67203,
            35.80135
          ],
          [
            139.671313,
            35.801459
          ],
          [
            139.670611,
            35.80157
          ],
          [
            139.669903,
            35.801691
          ],
          [
            139.669198,
            35.801797
          ],
          [
            139.668464,
            35.801877
          ],
          [
            139.667767,
            35.801933
          ],
          [
            139.667049,
            35.802009
          ],
          [
            139.66634,
            35.802055
          ],
          [
            139.665625,
            35.802136
          ],
          [
            139.664923,
            35.802189
          ],
          [
            139.664201,
            35.802218
          ],
          [
            139.663472,
            35.802224
          ],
          [
            139.662751,
            35.80221
          ],
          [
            139.661999,
            35.802183
          ],
          [
            139.661268,
            35.802162
          ],
          [
            139.660549,
            35.802097
          ],
          [
            139.659883,
            35.802163
          ],
          [
            139.659385,
            35.802313
          ],
          [
            139.658691,
            35.802282
          ],
          [
            139.658,
            35.802188
          ],
          [
            139.657288,
            35.802082
          ],
          [
            139.656574,
            35.801951
          ],
          [
            139.655881,
            35.801805
          ],
          [
            139.655166,
            35.801658
          ],
          [
            139.654678,
            35.801935
          ],
          [
            139.654479,
            35.802528
          ],
          [
            139.65479,
            35.802835
          ],
          [
            139.655394,
            35.802612
          ],
          [
            139.655412,
            35.802006
          ],
          [
            139.655048,
            35.801633
          ],
          [
            139.65432,
            35.801516
          ],
          [
            139.653571,
            35.801414
          ],
          [
            139.652798,
            35.801316
          ],
          [
            139.652013,
            35.801241
          ],
          [
            139.651322,
            35.801215
          ],
          [
            139.650875,
            35.801217
          ],
          [
            139.650427,
            35.801224
          ],
          [
            139.650254,
            35.801307
          ],
          [
            139.650719,
            35.801285
          ],
          [
            139.651169,
            35.801278
          ],
          [
            139.651747,
            35.80128
          ],
          [
            139.652567,
            35.801347
          ],
          [
            139.653307,
            35.801426
          ],
          [
            139.654058,
            35.801545
          ],
          [
            139.654774,
            35.801632
          ],
          [
            139.655462,
            35.801758
          ],
          [
            139.65537,
            35.802365
          ],
          [
            139.655048,
            35.80279
          ],
          [
            139.654398,
            35.802697
          ],
          [
            139.654671,
            35.802121
          ],
          [
            139.655019,
            35.801651
          ],
          [
            139.655768,
            35.8018
          ],
          [
            139.656484,
            35.801977
          ],
          [
            139.657221,
            35.802101
          ],
          [
            139.657931,
            35.802221
          ],
          [
            139.658684,
            35.802344
          ],
          [
            139.659405,
            35.802355
          ],
          [
            139.660084,
            35.802205
          ],
          [
            139.660729,
            35.802123
          ],
          [
            139.66145,
            35.802189
          ],
          [
            139.662181,
            35.802234
          ],
          [
            139.66291,
            35.802252
          ],
          [
            139.663669,
            35.802266
          ],
          [
            139.664416,
            35.802254
          ],
          [
            139.665153,
            35.802214
          ],
          [
            139.665891,
            35.802153
          ],
          [
            139.666633,
            35.80209
          ],
          [
            139.667366,
            35.80203
          ],
          [
            139.668091,
            35.801949
          ],
          [
            139.668829,
            35.80188
          ],
          [
            139.669558,
            35.801775
          ],
          [
            139.670271,
            35.801676
          ],
          [
            139.671001,
            35.801561
          ],
          [
            139.671737,
            35.801445
          ],
          [
            139.672475,
            35.801336
          ],
          [
            139.673202,
            35.801218
          ],
          [
            139.673946,
            35.801105
          ],
          [
            139.674673,
            35.800981
          ],
          [
            139.675409,
            35.800858
          ],
          [
            139.676137,
            35.800727
          ],
          [
            139.676893,
            35.800619
          ],
          [
            139.677669,
            35.800511
          ],
          [
            139.678429,
            35.800397
          ],
          [
            139.679166,
            35.800339
          ],
          [
            139.679901,
            35.80032
          ],
          [
            139.680647,
            35.800316
          ],
          [
            139.68139,
            35.800312
          ],
          [
            139.682148,
            35.800358
          ],
          [
            139.68291,
            35.800497
          ],
          [
            139.683696,
            35.800626
          ],
          [
            139.684412,
            35.800804
          ],
          [
            139.685164,
            35.800919
          ],
          [
            139.68592,
            35.801024
          ],
          [
            139.686682,
            35.801147
          ],
          [
            139.687425,
            35.801285
          ],
          [
            139.688208,
            35.801347
          ],
          [
            139.688978,
            35.80141
          ],
          [
            139.689744,
            35.801427
          ],
          [
            139.6905,
            35.801431
          ],
          [
            139.691272,
            35.801403
          ],
          [
            139.692029,
            35.801353
          ],
          [
            139.692808,
            35.801256
          ],
          [
            139.693689,
            35.801124
          ],
          [
            139.694532,
            35.800996
          ],
          [
            139.695369,
            35.800862
          ]
        ]
      },
      "properties": {
        "sport_type": "run",
        "year": "2024",
        "city": "川口市",
        "city_status": "resolved"
      }
    },
    {
      "type": "Feature",
      "geometry": {
        "type": "LineString",
        "coordinates": [
          [
            139.707523,
            35.796451
          ],
          [
            139.707573,
            35.796425
          ],
          [
            139.707628,
            35.796404
          ],
          [
            139.707685,
            35.796388
          ],
          [
            139.707741,
            35.796373
          ],
          [
            139.707792,
            35.796353
          ],
          [
            139.707842,
            35.796331
          ],
          [
            139.707893,
            35.796312
          ],
          [
            139.707948,
            35.796295
          ],
          [
            139.708002,
            35.79628
          ],
          [
            139.708056,
            35.796263
          ],
          [
            139.708109,
            35.796246
          ],
          [
            139.708162,
            35.796231
          ],
          [
            139.708215,
            35.796216
          ],
          [
            139.708269,
            35.796199
          ],
          [
            139.708323,
            35.796183
          ],
          [
            139.708378,
            35.796169
          ],
          [
            139.708435,
            35.796155
          ],
          [
            139.70849,
            35.79614
          ],
          [
            139.708546,
            35.796124
          ],
          [
            139.7086,
            35.796108
          ],
          [
            139.708655,
            35.796089
          ],
          [
            139.708711,
            35.796072
          ],
          [
            139.708768,
            35.796056
          ],
          [
            139.708823,
            35.796042
          ],
          [
            139.708881,
            35.796028
          ],
          [
            139.708935,
            35.796011
          ],
          [
            139.708988,
            35.795994
          ],
          [
            139.709041,
            35.795979
          ],
          [
            139.709094,
            35.795962
          ],
          [
            139.709145,
            35.795947
          ],
          [
            139.709197,
            35.795933
          ],
          [
            139.709249,
            35.795919
          ],
          [
            139.709301,
            35.795902
          ],
          [
            139.709356,
            35.795884
          ],
          [
            139.709411,
            35.795868
          ],
          [
            139.709467,
            35.795852
          ],
          [
            139.709522,
            35.795838
          ],
          [
            139.70958,
            35.795826
          ],
          [
            139.709637,
            35.795817
          ],
          [
            139.709693,
            35.79581
          ],
          [
            139.709749,
            35.795802
          ],
          [
            139.709807,
            35.795791
          ],
          [
            139.709863,
            35.795783
          ],
          [
            139.70992,
            35.795775
          ],
          [
            139.709976,
            35.79577
          ],
          [
            139.710032,
            35.795765
          ],
          [
            139.710089,
            35.795755
          ],
          [
            139.710145,
            35.795738
          ],
          [
            139.7102,
            35.795724
          ],
          [
            139.710258,
            35.795711
          ],
          [
            139.710315,
            35.7957
          ],
          [
            139.710373,
            35.795688
          ],
          [
            139.71043,
            35.795677
          ],
          [
            139.710486,
            35.795664
          ],
          [
            139.710542,
            35.795652
          ],
          [
            139.7106,
            35.795638
          ],
          [
            139.710659,
            35.795622
          ],
          [
            139.710716,
            35.795608
          ],
          [
            139.710773,
            35.795596
          ],
          [
            139.710832,
            35.795585
          ],
          [
            139.710892,
            35.795574
          ],
          [
            139.71095,
            35.795559
          ],
          [
            139.711008,
            35.795547
          ],
          [
            139.711063,
            35.795536
          ],
          [
            139.711118,
            35.795525
          ],
          [
            139.71117,
            35.795515
          ],
          [
            139.711222,
            35.795501
          ],
          [
            139.711277,
            35.795484
          ],
          [
            139.711334,
            35.795469
          ],
          [
            139.711392,
            35.795454
          ],
          [
            139.711448,
            35.795441
          ],
          [
            139.711501,
            35.795428
          ],
          [
            139.711558,
            35.795413
          ],
          [
            139.711615,
            35.795397
          ],
          [
            139.71167,
            35.79538
          ],
          [
            139.711723,
            35.795364
          ],
          [
            139.711775,
            35.795349
          ],
          [
            139.711828,
            35.795332
          ],
          [
            139.711881,
            35.795314
          ],
          [
            139.711934,
            35.795297
          ],
          [
            139.711986,
            35.79528
          ],
          [
            139.71204,
            35.795265
          ],
          [
            139.712094,
            35.795255
          ],
          [
            139.712148,
            35.79525
          ],
          [
            139.712202,
            35.795237
          ],
          [
            139.712254,
            35.795218
          ],
          [
            139.712309,
            35.795201
          ],
          [
            139.712366,
            35.795184
          ],
          [
            139.712425,
            35.795166
          ],
          [
            139.712482,
            35.795149
          ],
          [
            139.71254,
            35.795135
          ],
          [
            139.712598,
            35.795122
          ],
          [
            139.712655,
            35.795106
          ],
          [
            139.71271,
            35.795091
          ],
          [
            139.712765,
            35.795074
          ],
          [
            139.712821,
            35.795059
          ],
          [
            139.712877,
            35.795045
          ],
          [
            139.712932,
            35.795031
          ],
          [
            139.712986,
            35.795017
          ],
          [
            139.713043,
            35.795005
          ],
          [
            139.713102,
            35.794996
          ],
          [
            139.713161,
            35.794985
          ],
          [
            139.713219,
            35.794974
          ],
          [
            139.713277,
            35.794962
          ],
          [
            139.713334,
            35.794949
          ],
          [
            139.713394,
            35.794938
          ],
          [
            139.713453,
            35.794926
          ],
          [
            139.713512,
            35.794911
          ],
          [
            139.713567,
            35.794895
          ],
          [
            139.713622,
            35.794878
          ],
          [
            139.713678,
            35.794861
          ],
          [
            139.713736,
            35.794845
          ],
          [
            139.713793,
            35.794831
          ],
          [
            139.71385,
            35.794819
          ],
          [
            139.713906,
            35.794805
          ],
          [
            139.713964,
            35.794792
          ],
          [
            139.714021,
            35.794778
          ],
          [
            139.714076,
            35.794764
          ],
          [
            139.714131,
            35.794753
          ],
          [
            139.714188,
            35.794738
          ],
          [
            139.714246,
            35.794724
          ],
          [
            139.714303,
            35.794706
          ],
          [
            139.714359,
            35.79469
          ],
          [
            139.714417,
            35.794675
          ],
          [
            139.714446,
            35.794668
          ]
        ]
      },
      "properties": {
        "sport_type": "run",
        "year": "2024",
        "city": "川口市",
        "city_status": "resolved"
      }
    },
    {
      "type": "Feature",
      "geometry": {
        "type": "LineString",
        "coordinates": [
          [
            139.711008,
            35.79552
          ],
          [
            139.710764,
            35.795571
          ],
          [
            139.710525,
            35.795629
          ],
          [
            139.71031,
            35.795692
          ],
          [
            139.710089,
            35.795748
          ],
          [
            139.709876,
            35.795783
          ],
          [
            139.709667,
            35.795824
          ],
          [
            139.709472,
            35.795868
          ],
          [
            139.70928,
            35.795912
          ],
          [
            139.709104,
            35.795962
          ],
          [
            139.708912,
            35.796009
          ],
          [
            139.708737,
            35.796061
          ],
          [
            139.708563,
            35.796113
          ],
          [
            139.708378,
            35.796165
          ],
          [
            139.708215,
            35.796214
          ],
          [
            139.708054,
            35.796259
          ],
          [
            139.707879,
            35.796305
          ],
          [
            139.707683,
            35.796366
          ],
          [
            139.70749,
            35.796442
          ],
          [
            139.707305,
            35.796496
          ],
          [
            139.707203,
            35.796438
          ],
          [
            139.707157,
            35.796333
          ],
          [
            139.707105,
            35.796229
          ],
          [
            139.70691,
            35.796179
          ],
          [
            139.706694,
            35.796254
          ],
          [
            139.706477,
            35.796316
          ],
          [
            139.706276,
            35.796377
          ],
          [
            139.706076,
            35.796461
          ],
          [
            139.705879,
            35.796549
          ],
          [
            139.705695,
            35.796653
          ],
          [
            139.705529,
            35.796752
          ],
          [
            139.705349,
            35.79687
          ],
          [
            139.705191,
            35.797014
          ],
          [
            139.705056,
            35.797158
          ],
          [
            139.704929,
            35.797322
          ],
          [
            139.704821,
            35.797485
          ],
          [
            139.704714,
            35.797658
          ]
        ]
      },
      "properties": {
        "sport_type": "walk",
        "year": "2024",
        "city": "川口市",
        "city_status": "resolved"
      }
    },
    {
      "type": "Feature",
      "geometry": {
        "type": "LineString",
        "coordinates": [
          [
            139.695869,
            35.800686
          ],
          [
            139.695637,
            35.800736
          ],
          [
            139.695398,
            35.800794
          ],
          [
            139.695154,
            35.800845
          ],
          [
            139.694963,
            35.800867
          ],
          [
            139.69473,
            35.800903
          ],
          [
            139.694493,
            35.800937
          ],
          [
            139.694262,
            35.800977
          ],
          [
            139.694072,
            35.800992
          ],
          [
            139.693821,
            35.801028
          ],
          [
            139.693626,
            35.801061
          ],
          [
            139.693705,
            35.801084
          ],
          [
            139.693955,
            35.801054
          ],
          [
            139.694223,
            35.801025
          ],
          [
            139.694618,
            35.800961
          ],
          [
            139.695185,
            35.800863
          ],
          [
            139.695711,
            35.800745
          ]
        ]
      },
      "properties": {
        "sport_type": "walk",
        "year": "2024",
        "city": "川口市",
        "city_status": "resolved"
      }
    },
    {
      "type": "Feature",
      "geometry": {
        "type": "LineString",
        "coordinates": [
          [
            139.696659,
            35.802035
          ],
          [
            139.696444,
            35.802137
          ],
          [
            139.696453,
            35.80214
          ],
          [
            139.696465,
            35.802123
          ],
          [
            139.696426,
            35.802329
          ],
          [
            139.696489,
            35.802547
          ],
          [
            139.696536,
            35.802752
          ],
          [
            139.696592,
            35.802955
          ],
          [
            139.69666,
            35.803187
          ],
          [
            139.696758,
            35.803491
          ],
          [
            139.696994,
            35.803924
          ],
          [
            139.697209,
            35.804073
          ]
        ]
      },
      "properties": {
        "sport_type": "walk",
        "year": "2024",
        "city": "川口市",
        "city_status": "resolved"
      }
    },
    {
      "type": "Feature",
      "geometry": {
        "type": "LineString",
        "coordinates": [
          [
            139.75582,
            35.679835
          ],
          [
            139.756064,
            35.679993
          ],
          [
            139.756248,
            35.680332
          ],
          [
            139.756432,
            35.680704
          ],
          [
            139.756634,
            35.681056
          ],
          [
            139.756817,
            35.681414
          ],
          [
            139.756997,
            35.681776
          ],
          [
            139.757205,
            35.682157
          ],
          [
            139.757607,
            35.682434
          ],
          [
            139.757827,
            35.682768
          ],
          [
            139.758014,
            35.683128
          ],
          [
            139.758378,
            35.683395
          ],
          [
            139.758852,
            35.683405
          ],
          [
            139.759339,
            35.68331
          ],
          [
            139.759815,
            35.683212
          ],
          [
            139.759913,
            35.683526
          ],
          [
            139.760037,
            35.683907
          ],
          [
            139.760164,
            35.684268
          ],
          [
            139.760316,
            35.684655
          ],
          [
            139.760484,
            35.684957
          ],
          [
            139.76072,
            35.685276
          ],
          [
            139.760908,
            35.685587
          ],
          [
            139.760915,
            35.68573
          ],
          [
            139.760938,
            35.685711
          ],
          [
            139.76051,
            35.685821
          ],
          [
            139.76018,
            35.685886
          ],
          [
            139.760067,
            35.686175
          ],
          [
            139.759635,
            35.68618
          ],
          [
            139.759207,
            35.68612
          ],
          [
            139.758752,
            35.686149
          ],
          [
            139.758271,
            35.68619
          ],
          [
            139.758029,
            35.685891
          ],
          [
            139.757877,
            35.685561
          ],
          [
            139.75749,
            35.685391
          ],
          [
            139.757385,
            35.685105
          ],
          [
            139.757057,
            35.68492
          ],
          [
            139.756773,
            35.685207
          ],
          [
            139.756486,
            35.685428
          ],
          [
            139.756029,
            35.685478
          ],
          [
            139.755865,
            35.685526
          ],
          [
            139.75575,
            35.685661
          ],
          [
            139.755428,
            35.685859
          ],
          [
            139.755257,
            35.686114
          ],
          [
            139.755364,
            35.686338
          ],
          [
            139.755468,
            35.686506
          ],
          [
            139.755257,
            35.686637
          ],
          [
            139.754918,
            35.686824
          ],
          [
            139.75483,
            35.687076
          ],
          [
            139.754845,
            35.687118
          ],
          [
            139.754831,
            35.687259
          ],
          [
            139.754777,
            35.687488
          ],
          [
            139.75474,
            35.687855
          ],
          [
            139.754561,
            35.688097
          ],
          [
            139.754404,
            35.688158
          ],
          [
            139.754349,
            35.688269
          ],
          [
            139.754337,
            35.688277
          ],
          [
            139.754529,
            35.688399
          ],
          [
            139.754524,
            35.688412
          ],
          [
            139.754519,
            35.688401
          ],
          [
            139.75451,
            35.688396
          ],
          [
            139.754503,
            35.68839
          ],
          [
            139.75451,
            35.688393
          ],
          [
            139.754429,
            35.688178
          ],
          [
            139.754598,
            35.688146
          ],
          [
            139.754853,
            35.687928
          ],
          [
            139.755025,
            35.688054
          ],
          [
            139.754848,
            35.688391
          ],
          [
            139.754728,
            35.688765
          ],
          [
            139.754415,
            35.68885
          ],
          [
            139.753984,
            35.68886
          ],
          [
            139.753774,
            35.689225
          ],
          [
            139.75354,
            35.68935
          ],
          [
            139.753093,
            35.689193
          ],
          [
            139.752782,
            35.689191
          ],
          [
            139.75235,
            35.689264
          ],
          [
            139.752062,
            35.689473
          ],
          [
            139.751662,
            35.68938
          ],
          [
            139.751261,
            35.689289
          ],
          [
            139.750963,
            35.689157
          ],
          [
            139.750604,
            35.688988
          ],
          [
            139.750231,
            35.68882
          ],
          [
            139.749877,
            35.688649
          ],
          [
            139.749504,
            35.688472
          ],
          [
            139.749102,
            35.688316
          ],
          [
            139.748691,
            35.688184
          ],
          [
            139.748288,
            35.688085
          ],
          [
            139.747857,
            35.688034
          ],
          [
            139.747413,
            35.687997
          ],
          [
            139.746977,
            35.687943
          ],
          [
            139.746565,
            35.687931
          ],
          [
            139.746137,
            35.687928
          ],
          [
            139.745707,
            35.687993
          ],
          [
            139.745337,
            35.687928
          ],
          [
            139.745275,
            35.687635
          ],
          [
            139.745219,
            35.687277
          ],
          [
            139.745217,
            35.686922
          ],
          [
            139.745152,
            35.686564
          ],
          [
            139.745079,
            35.686254
          ],
          [
            139.744941,
            35.685884
          ],
          [
            139.74488,
            35.685534
          ],
          [
            139.744739,
            35.685213
          ],
          [
            139.744646,
            35.684877
          ],
          [
            139.744586,
            35.684544
          ],
          [
            139.744397,
            35.684257
          ],
          [
            139.7443,
            35.683935
          ],
          [
            139.74427,
            35.683658
          ],
          [
            139.744278,
            35.683342
          ],
          [
            139.744378,
            35.683003
          ],
          [
            139.744466,
            35.682628
          ],
          [
            139.744605,
            35.682288
          ],
          [
            139.744788,
            35.681962
          ],
          [
            139.744985,
            35.68164
          ],
          [
            139.745148,
            35.68134
          ],
          [
            139.745329,
            35.681037
          ],
          [
            139.745508,
            35.680739
          ],
          [
            139.745695,
            35.680416
          ],
          [
            139.745883,
            35.680098
          ],
          [
            139.74617,
            35.679862
          ],
          [
            139.746588,
            35.679728
          ],
          [
            139.746984,
            35.679613
          ],
          [
            139.747318,
            35.679495
          ],
          [
            139.747576,
            35.679294
          ],
          [
            139.747873,
            35.679063
          ],
          [
            139.748095,
            35.67885
          ],
          [
            139.748326,
            35.678585
          ],
          [
            139.748533,
            35.67831
          ],
          [
            139.748747,
            35.678026
          ],
          [
            139.749012,
            35.677789
          ],
          [
            139.749324,
            35.677585
          ],
          [
            139.749765,
            35.677473
          ],
          [
            139.750172,
            35.677417
          ],
          [
            139.750578,
            35.677371
          ],
          [
            139.751064,
            35.677379
          ],
          [
            139.751527,
            35.677447
          ],
          [
            139.751994,
            35.677573
          ]
        ]
      },
      "properties": {
        "sport_type": "walk",
        "year": "2024",
        "city": "千代田区",
        "city_status": "resolved"
      }
    },
    {
      "type": "Feature",
      "geometry": {
        "type": "LineString",
        "coordinates": [
          [
            139.708474,
            35.824985
          ],
          [
            139.708288,
            35.824995
          ],
          [
            139.708103,
            35.825011
          ],
          [
            139.70792,
            35.82503
          ],
          [
            139.707738,
            35.825057
          ],
          [
            139.707557,
            35.825102
          ],
          [
            139.707374,
            35.825153
          ],
          [
            139.707189,
            35.825206
          ],
          [
            139.707006,
            35.825264
          ],
          [
            139.706826,
            35.82532
          ],
          [
            139.706651,
            35.825371
          ],
          [
            139.706489,
            35.825417
          ],
          [
            139.70636,
            35.825427
          ],
          [
            139.706297,
            35.825413
          ],
          [
            139.706283,
            35.825406
          ],
          [
            139.706283,
            35.825403
          ],
          [
            139.706282,
            35.825402
          ],
          [
            139.706269,
            35.825405
          ],
          [
            139.706233,
            35.825423
          ],
          [
            139.706149,
            35.825467
          ],
          [
            139.706013,
            35.825517
          ],
          [
            139.705843,
            35.825554
          ],
          [
            139.705663,
            35.825583
          ],
          [
            139.705483,
            35.82561
          ],
          [
            139.705304,
            35.825632
          ],
          [
            139.705124,
            35.825656
          ],
          [
            139.704941,
            35.825678
          ],
          [
            139.704754,
            35.825699
          ],
          [
            139.704565,
            35.825728
          ],
          [
            139.704374,
            35.825756
          ],
          [
            139.704183,
            35.82579
          ],
          [
            139.703994,
            35.825817
          ],
          [
            139.703812,
            35.825838
          ],
          [
            139.703634,
            35.825868
          ],
          [
            139.70345,
            35.825907
          ],
          [
            139.703273,
            35.825931
          ],
          [
            139.703108,
            35.825958
          ],
          [
            139.702933,
            35.825974
          ],
          [
            139.702753,
            35.825989
          ],
          [
            139.702586,
            35.826004
          ],
          [
            139.702435,
            35.826019
          ],
          [
            139.702271,
            35.826035
          ],
          [
            139.702095,
            35.826056
          ],
          [
            139.701921,
            35.826084
          ],
          [
            139.701739,
            35.826107
          ],
          [
            139.701549,
            35.826134
          ],
          [
            139.701358,
            35.826163
          ],
          [
            139.701168,
            35.826191
          ],
          [
            139.700976,
            35.826213
          ],
          [
            139.700784,
            35.826232
          ],
          [
            139.700593,
            35.826251
          ],
          [
            139.700404,
            35.826272
          ],
          [
            139.700218,
            35.826296
          ],
          [
            139.700033,
            35.826321
          ],
          [
            139.699848,
            35.826347
          ],
          [
            139.69966,
            35.826372
          ],
          [
            139.69947,
            35.826397
          ],
          [
            139.699279,
            35.826424
          ],
          [
            139.699087,
            35.826449
          ],
          [
            139.698896,
            35.826476
          ],
          [
            139.698707,
            35.826501
          ],
          [
            139.698522,
            35.826518
          ],
          [
            139.698348,
            35.826529
          ],
          [
            139.698205,
            35.826533
          ],
          [
            139.698129,
            35.826518
          ],
          [
            139.6981,
            35.826499
          ],
          [
            139.698085,
            35.826478
          ],
          [
            139.698071,
            35.826459
          ],
          [
            139.698101,
            35.826581
          ],
          [
            139.69796,
            35.826596
          ],
          [
            139.697822,
            35.826613
          ],
          [
            139.697683,
            35.826638
          ],
          [
            139.697524,
            35.826669
          ],
          [
            139.697351,
            35.8267
          ],
          [
            139.697175,
            35.826732
          ],
          [
            139.697001,
            35.826762
          ],
          [
            139.696829,
            35.826789
          ],
          [
            139.696661,
            35.826814
          ],
          [
            139.696498,
            35.826839
          ],
          [
            139.696332,
            35.826864
          ],
          [
            139.696163,
            35.826893
          ],
          [
            139.695992,
            35.826928
          ],
          [
            139.695827,
            35.826965
          ],
          [
            139.695664,
            35.827
          ],
          [
            139.695496,
            35.827032
          ],
          [
            139.695322,
            35.827065
          ],
          [
            139.695146,
            35.827099
          ],
          [
            139.694969,
            35.827127
          ],
          [
            139.694793,
            35.827146
          ],
          [
            139.694625,
            35.827161
          ],
          [
            139.694463,
            35.827192
          ],
          [
            139.694293,
            35.827238
          ],
          [
            139.694127,
            35.827283
          ],
          [
            139.693985,
            35.827314
          ]
        ]
      },
      "properties": {
        "sport_type": "walk",
        "year": "2024",
        "city": "川口市",
        "city_status": "resolved"
      }
    },
    {
      "type": "Feature",
      "geometry": {
        "type": "LineString",
        "coordinates": [
          [
            139.702625,
            35.819258
          ],
          [
            139.702552,
            35.819327
          ],
          [
            139.70248,
            35.819397
          ],
          [
            139.702409,
            35.819466
          ],
          [
            139.702339,
            35.819535
          ],
          [
            139.702269,
            35.819602
          ],
          [
            139.702198,
            35.819666
          ],
          [
            139.702127,
            35.819727
          ],
          [
            139.702057,
            35.819785
          ],
          [
            139.701989,
            35.819845
          ],
          [
            139.701921,
            35.819907
          ],
          [
            139.701851,
            35.819972
          ],
          [
            139.701777,
            35.820036
          ],
          [
            139.701701,
            35.820101
          ],
          [
            139.701629,
            35.820169
          ],
          [
            139.701564,
            35.820241
          ],
          [
            139.701506,
            35.820315
          ],
          [
            139.701453,
            35.820391
          ],
          [
            139.701402,
            35.820468
          ],
          [
            139.70135,
            35.820544
          ],
          [
            139.701296,
            35.82062
          ],
          [
            139.701237,
            35.820697
          ],
          [
            139.701178,
            35.820774
          ],
          [
            139.701123,
            35.820852
          ],
          [
            139.701075,
            35.820933
          ],
          [
            139.701023,
            35.821014
          ],
          [
            139.700967,
            35.821093
          ],
          [
            139.70091,
            35.821172
          ],
          [
            139.700854,
            35.821249
          ],
          [
            139.700799,
            35.821326
          ],
          [
            139.700746,
            35.821403
          ],
          [
            139.700696,
            35.82148
          ],
          [
            139.700647,
            35.821558
          ],
          [
            139.700598,
            35.821636
          ],
          [
            139.700552,
            35.821716
          ],
          [
            139.700504,
            35.821795
          ],
          [
            139.700451,
            35.821872
          ],
          [
            139.700397,
            35.821949
          ],
          [
            139.700343,
            35.822026
          ],
          [
            139.700289,
            35.822104
          ],
          [
            139.700236,
            35.822183
          ],
          [
            139.70018,
            35.822263
          ],
          [
            139.700121,
            35.822343
          ],
          [
            139.70006,
            35.822419
          ],
          [
            139.699993,
            35.822491
          ],
          [
            139.699934,
            35.822565
          ],
          [
            139.699879,
            35.822642
          ],
          [
            139.699827,
            35.82272
          ],
          [
            139.699777,
            35.822799
          ],
          [
            139.699724,
            35.822878
          ],
          [
            139.699667,
            35.822954
          ],
          [
            139.699605,
            35.823029
          ],
          [
            139.699542,
            35.823104
          ],
          [
            139.699478,
            35.823179
          ],
          [
            139.699411,
            35.823254
          ],
          [
            139.699342,
            35.823328
          ],
          [
            139.699274,
            35.823403
          ],
          [
            139.699207,
            35.823478
          ],
          [
            139.699142,
            35.823552
          ],
          [
            139.699079,
            35.823627
          ],
          [
            139.699014,
            35.823702
          ],
          [
            139.698948,
            35.823775
          ],
          [
            139.698881,
            35.823847
          ],
          [
            139.698815,
            35.823919
          ],
          [
            139.698749,
            35.823992
          ],
          [
            139.698684,
            35.824065
          ],
          [
            139.698619,
            35.824137
          ],
          [
            139.698553,
            35.824208
          ],
          [
            139.698486,
            35.824278
          ],
          [
            139.69842,
            35.824348
          ],
          [
            139.698353,
            35.824419
          ],
          [
            139.698288,
            35.824491
          ],
          [
            139.698221,
            35.824564
          ],
          [
            139.698155,
            35.824636
          ],
          [
            139.698088,
            35.824707
          ],
          [
            139.69802,
            35.824777
          ],
          [
            139.697949,
            35.824844
          ],
          [
            139.697875,
            35.824908
          ],
          [
            139.697798,
            35.824964
          ],
          [
            139.697715,
            35.825004
          ],
          [
            139.697626,
            35.825013
          ],
          [
            139.697536,
            35.824998
          ],
          [
            139.697447,
            35.824957
          ],
          [
            139.697362,
            35.824901
          ],
          [
            139.697282,
            35.824838
          ],
          [
            139.697204,
            35.824776
          ],
          [
            139.697129,
            35.824712
          ],
          [
            139.697052,
            35.824649
          ],
          [
            139.69697,
            35.824588
          ],
          [
            139.696885,
            35.824531
          ],
          [
            139.696802,
            35.824475
          ],
          [
            139.696718,
            35.824419
          ],
          [
            139.696631,
            35.82436
          ],
          [
            139.69654,
            35.824303
          ],
          [
            139.69645,
            35.824246
          ],
          [
            139.69636,
            35.824192
          ],
          [
            139.696267,
            35.824149
          ],
          [
            139.696171,
            35.824126
          ],
          [
            139.696076,
            35.824135
          ],
          [
            139.69599,
            35.82418
          ],
          [
            139.695908,
            35.824243
          ],
          [
            139.695829,
            35.824313
          ],
          [
            139.695751,
            35.824384
          ],
          [
            139.695673,
            35.824454
          ],
          [
            139.695597,
            35.824523
          ],
          [
            139.69552,
            35.82459
          ],
          [
            139.695442,
            35.824655
          ],
          [
            139.695365,
            35.824721
          ],
          [
            139.695289,
            35.824787
          ],
          [
            139.695214,
            35.824852
          ],
          [
            139.695139,
            35.824918
          ],
          [
            139.695067,
            35.824986
          ],
          [
            139.694997,
            35.825054
          ],
          [
            139.694924,
            35.825122
          ],
          [
            139.694849,
            35.825188
          ],
          [
            139.694772,
            35.825254
          ],
          [
            139.694693,
            35.825319
          ],
          [
            139.694614,
            35.825385
          ],
          [
            139.694535,
            35.825451
          ],
          [
            139.694456,
            35.825516
          ],
          [
            139.694376,
            35.825582
          ],
          [
            139.694297,
            35.825647
          ],
          [
            139.694216,
            35.825711
          ],
          [
            139.694135,
            35.825775
          ],
          [
            139.694055,
            35.825839
          ],
          [
            139.693975,
            35.825903
          ],
          [
            139.693893,
            35.825965
          ],
          [
            139.693819,
            35.826033
          ],
          [
            139.693743,
            35.826099
          ],
          [
            139.693673,
            35.82616
          ],
          [
            139.693604,
            35.826221
          ],
          [
            139.693536,
            35.826283
          ],
          [
            139.69347,
            35.826345
          ],
          [
            139.693403,
            35.826405
          ],
          [
            139.69334,
            35.826464
          ],
          [
            139.69328,
            35.826521
          ],
          [
            139.693205,
            35.826582
          ],
          [
            139.693136,
            35.826624
          ]
        ]
      },
      "properties": {
        "sport_type": "walk",
        "year": "2024",
        "city": "蕨市",
        "city_status": "resolved"
      }
    },
    {
      "type": "Feature",
      "geometry": {
        "type": "LineString",
        "coordinates": [
          [
            117.009874,
            32.577236
          ],
          [
            117.009878,
            32.57698
          ],
          [
            117.009887,
            32.576723
          ],
          [
            117.009892,
            32.57648
          ],
          [
            117.009889,
            32.576243
          ],
          [
            117.009892,
            32.576
          ],
          [
            117.009901,
            32.575756
          ],
          [
            117.009905,
            32.575514
          ],
          [
            117.009903,
            32.575279
          ],
          [
            117.009904,
            32.575048
          ],
          [
            117.009892,
            32.57482
          ],
          [
            117.009894,
            32.574609
          ],
          [
            117.0099,
            32.574368
          ],
          [
            117.009892,
            32.574138
          ],
          [
            117.009887,
            32.573916
          ],
          [
            117.009878,
            32.573687
          ],
          [
            117.009864,
            32.573478
          ],
          [
            117.009884,
            32.573245
          ],
          [
            117.009892,
            32.573021
          ],
          [
            117.009914,
            32.572791
          ],
          [
            117.009935,
            32.57256
          ],
          [
            117.009916,
            32.572331
          ],
          [
            117.009936,
            32.572108
          ],
          [
            117.009922,
            32.571885
          ],
          [
            117.010045,
            32.571556
          ],
          [
            117.009978,
            32.571161
          ],
          [
            117.009707,
            32.571124
          ],
          [
            117.009481,
            32.571034
          ],
          [
            117.00938,
            32.570819
          ],
          [
            117.009169,
            32.570712
          ],
          [
            117.009115,
            32.570679
          ],
          [
            117.008899,
            32.570538
          ],
          [
            117.008836,
            32.570299
          ],
          [
            117.008693,
            32.570116
          ],
          [
            117.008459,
            32.570011
          ],
          [
            117.008242,
            32.569897
          ],
          [
            117.008032,
            32.569742
          ],
          [
            117.007936,
            32.569528
          ],
          [
            117.007676,
            32.569446
          ],
          [
            117.007388,
            32.569371
          ],
          [
            117.007174,
            32.569207
          ],
          [
            117.00698,
            32.569029
          ],
          [
            117.006798,
            32.568887
          ],
          [
            117.006467,
            32.568896
          ],
          [
            117.006177,
            32.568885
          ],
          [
            117.005895,
            32.568873
          ],
          [
            117.005663,
            32.568825
          ],
          [
            117.005644,
            32.568613
          ],
          [
            117.005657,
            32.56838
          ],
          [
            117.005653,
            32.568143
          ],
          [
            117.00567,
            32.567907
          ],
          [
            117.00565,
            32.56766
          ],
          [
            117.005643,
            32.567402
          ],
          [
            117.00565,
            32.56714
          ],
          [
            117.005598,
            32.566906
          ],
          [
            117.005598,
            32.566657
          ],
          [
            117.005609,
            32.566387
          ],
          [
            117.005741,
            32.566187
          ],
          [
            117.005765,
            32.565968
          ],
          [
            117.005699,
            32.56573
          ],
          [
            117.005732,
            32.56569
          ],
          [
            117.005903,
            32.565511
          ],
          [
            117.006045,
            32.565311
          ],
          [
            117.006122,
            32.565093
          ],
          [
            117.006094,
            32.564881
          ],
          [
            117.005964,
            32.564668
          ],
          [
            117.005963,
            32.564433
          ],
          [
            117.005971,
            32.5642
          ],
          [
            117.005937,
            32.563979
          ],
          [
            117.005953,
            32.563751
          ],
          [
            117.005951,
            32.563512
          ],
          [
            117.005679,
            32.563413
          ],
          [
            117.005598,
            32.563262
          ],
          [
            117.005593,
            32.563009
          ],
          [
            117.005689,
            32.562933
          ],
          [
            117.005592,
            32.562791
          ],
          [
            117.005595,
            32.562545
          ],
          [
            117.005593,
            32.562307
          ],
          [
            117.00559,
            32.562065
          ],
          [
            117.00559,
            32.561811
          ],
          [
            117.005617,
            32.561558
          ],
          [
            117.005625,
            32.561323
          ],
          [
            117.00563,
            32.561084
          ],
          [
            117.005592,
            32.560882
          ],
          [
            117.005593,
            32.560627
          ],
          [
            117.005603,
            32.560383
          ],
          [
            117.005676,
            32.560205
          ],
          [
            117.005675,
            32.560186
          ],
          [
            117.005675,
            32.560183
          ],
          [
            117.005687,
            32.560191
          ],
          [
            117.005765,
            32.560185
          ],
          [
            117.005777,
            32.560164
          ],
          [
            117.00576,
            32.559916
          ],
          [
            117.005726,
            32.559678
          ],
          [
            117.005689,
            32.559451
          ],
          [
            117.005812,
            32.559243
          ],
          [
            117.00582,
            32.558992
          ],
          [
            117.005815,
            32.558749
          ],
          [
            117.005808,
            32.558503
          ],
          [
            117.00581,
            32.558263
          ],
          [
            117.005811,
            32.558021
          ],
          [
            117.005803,
            32.557778
          ],
          [
            117.005807,
            32.557532
          ],
          [
            117.005808,
            32.557291
          ],
          [
            117.005806,
            32.557056
          ],
          [
            117.005799,
            32.556818
          ],
          [
            117.005806,
            32.556579
          ],
          [
            117.005822,
            32.55635
          ],
          [
            117.005715,
            32.556147
          ],
          [
            117.005678,
            32.555936
          ],
          [
            117.005666,
            32.555709
          ],
          [
            117.005663,
            32.555503
          ],
          [
            117.005645,
            32.555311
          ],
          [
            117.005623,
            32.555258
          ],
          [
            117.005615,
            32.555242
          ],
          [
            117.005598,
            32.55524
          ],
          [
            117.005441,
            32.555246
          ],
          [
            117.005133,
            32.555248
          ],
          [
            117.004948,
            32.55531
          ],
          [
            117.004953,
            32.555333
          ],
          [
            117.004951,
            32.555336
          ],
          [
            117.004957,
            32.555331
          ],
          [
            117.004928,
            32.555334
          ],
          [
            117.004673,
            32.555289
          ],
          [
            117.004395,
            32.555331
          ],
          [
            117.004115,
            32.55535
          ],
          [
            117.003823,
            32.555356
          ],
          [
            117.003524,
            32.555367
          ],
          [
            117.003232,
            32.555365
          ],
          [
            117.002944,
            32.55536
          ],
          [
            117.002666,
            32.555344
          ],
          [
            117.002365,
            32.555338
          ],
          [
            117.002067,
            32.555335
          ],
          [
            117.001776,
            32.555332
          ],
          [
            117.001478,
            32.555299
          ],
          [
            117.001168,
            32.555323
          ],
          [
            117.000881,
            32.555324
          ],
          [
            117.000602,
            32.555341
          ],
          [
            117.000326,
            32.555334
          ],
          [
            117.000035,
            32.555316
          ],
          [
            116.999774,
            32.555268
          ],
          [
            116.999453,
            32.555288
          ],
          [
            116.999132,
            32.5553
          ],
          [
            116.998813,
            32.555312
          ],
          [
            116.998507,
            32.555331
          ],
          [
            116.998204,
            32.555358
          ],
          [
            116.997899,
            32.555353
          ],
          [
            116.997594,
            32.555349
          ],
          [
            116.997313,
            32.555357
          ]
        ]
      },
      "properties": {
        "sport_type": "walk",
        "year": "2024",
        "city": "田家庵区",
        "city_status": "resolved"
      }
    },
    {
      "type": "Feature",
      "geometry": {
        "type": "LineString",
        "coordinates": [
          [
            139.716598,
            35.815602
          ],
          [
            139.71679,
            35.815612
          ],
          [
            139.716981,
            35.815621
          ],
          [
            139.717169,
            35.81563
          ],
          [
            139.717354,
            35.815635
          ],
          [
            139.71754,
            35.815644
          ],
          [
            139.717725,
            35.815655
          ],
          [
            139.717904,
            35.815666
          ],
          [
            139.718068,
            35.815678
          ],
          [
            139.718192,
            35.815702
          ],
          [
            139.718273,
            35.815724
          ],
          [
            139.718369,
            35.815733
          ],
          [
            139.718513,
            35.815731
          ],
          [
            139.718688,
            35.815731
          ],
          [
            139.71887,
            35.815745
          ],
          [
            139.719053,
            35.815766
          ],
          [
            139.719236,
            35.815784
          ],
          [
            139.719414,
            35.815798
          ],
          [
            139.719586,
            35.815805
          ],
          [
            139.719749,
            35.815801
          ],
          [
            139.71991,
            35.815799
          ],
          [
            139.720086,
            35.815822
          ],
          [
            139.720274,
            35.815853
          ],
          [
            139.720468,
            35.815877
          ],
          [
            139.720662,
            35.815896
          ],
          [
            139.720854,
            35.815916
          ],
          [
            139.721049,
            35.815936
          ],
          [
            139.721243,
            35.81596
          ],
          [
            139.721434,
            35.815992
          ],
          [
            139.721625,
            35.81602
          ],
          [
            139.721819,
            35.816039
          ],
          [
            139.722014,
            35.816051
          ],
          [
            139.722207,
            35.816065
          ],
          [
            139.722399,
            35.816085
          ],
          [
            139.722593,
            35.816108
          ],
          [
            139.72279,
            35.816127
          ],
          [
            139.722987,
            35.816144
          ],
          [
            139.723181,
            35.816165
          ],
          [
            139.723372,
            35.816187
          ],
          [
            139.723549,
            35.816225
          ],
          [
            139.72371,
            35.816286
          ],
          [
            139.723864,
            35.816356
          ],
          [
            139.723992,
            35.816442
          ],
          [
            139.724055,
            35.816539
          ],
          [
            139.724006,
            35.816644
          ],
          [
            139.723909,
            35.816753
          ],
          [
            139.723809,
            35.816868
          ],
          [
            139.723711,
            35.816976
          ],
          [
            139.723644,
            35.817088
          ],
          [
            139.723587,
            35.817206
          ],
          [
            139.723516,
            35.817324
          ],
          [
            139.723434,
            35.817443
          ],
          [
            139.72336,
            35.81757
          ],
          [
            139.723299,
            35.817707
          ],
          [
            139.723232,
            35.817846
          ],
          [
            139.723179,
            35.817995
          ],
          [
            139.723144,
            35.818152
          ],
          [
            139.723118,
            35.818312
          ],
          [
            139.723107,
            35.818471
          ],
          [
            139.723124,
            35.818627
          ],
          [
            139.723154,
            35.818779
          ],
          [
            139.723181,
            35.818915
          ],
          [
            139.723183,
            35.819005
          ],
          [
            139.723116,
            35.818998
          ],
          [
            139.722982,
            35.81896
          ],
          [
            139.722807,
            35.818933
          ],
          [
            139.722622,
            35.818904
          ],
          [
            139.722438,
            35.818875
          ],
          [
            139.722256,
            35.818848
          ],
          [
            139.722078,
            35.818816
          ],
          [
            139.7219,
            35.81879
          ],
          [
            139.721722,
            35.818765
          ],
          [
            139.721548,
            35.818743
          ],
          [
            139.721377,
            35.818734
          ],
          [
            139.721206,
            35.818723
          ],
          [
            139.721037,
            35.818723
          ],
          [
            139.72087,
            35.818748
          ],
          [
            139.720706,
            35.818791
          ],
          [
            139.720544,
            35.818838
          ],
          [
            139.72038,
            35.818872
          ],
          [
            139.720214,
            35.818886
          ],
          [
            139.72005,
            35.818882
          ],
          [
            139.719887,
            35.818872
          ],
          [
            139.719723,
            35.818859
          ],
          [
            139.71956,
            35.818847
          ],
          [
            139.719398,
            35.818838
          ],
          [
            139.719237,
            35.818831
          ],
          [
            139.719074,
            35.818834
          ],
          [
            139.718905,
            35.818829
          ],
          [
            139.718734,
            35.818821
          ],
          [
            139.718563,
            35.818811
          ],
          [
            139.71839,
            35.8188
          ],
          [
            139.718215,
            35.818792
          ],
          [
            139.718035,
            35.818784
          ],
          [
            139.717852,
            35.818776
          ],
          [
            139.717669,
            35.818756
          ],
          [
            139.717487,
            35.818734
          ],
          [
            139.717304,
            35.818719
          ],
          [
            139.71712,
            35.818713
          ],
          [
            139.716932,
            35.818704
          ],
          [
            139.716743,
            35.818694
          ],
          [
            139.716551,
            35.818687
          ]
        ]
      },
      "properties": {
        "sport_type": "walk",
        "year": "2024",
        "city": "川口市",
        "city_status": "resolved"
      }
    },
    {
      "type": "Feature",
      "geometry": {
        "type": "LineString",
        "coordinates": [
          [
            139.717505,
            35.820511
          ],
          [
            139.717889,
            35.820604
          ],
          [
            139.718313,
            35.820684
          ],
          [
            139.718734,
            35.820777
          ],
          [
            139.719156,
            35.820862
          ],
          [
            139.719578,
            35.820926
          ],
          [
            139.720007,
            35.820998
          ],
          [
            139.720435,
            35.821075
          ],
          [
            139.720854,
            35.821143
          ],
          [
            139.721252,
            35.8212
          ],
          [
            139.721668,
            35.821247
          ],
          [
            139.722108,
            35.821311
          ],
          [
            139.72255,
            35.821371
          ],
          [
            139.722992,
            35.821445
          ],
          [
            139.72343,
            35.821496
          ],
          [
            139.72384,
            35.821526
          ],
          [
            139.724031,
            35.821578
          ],
          [
            139.723898,
            35.821735
          ],
          [
            139.723937,
            35.822069
          ],
          [
            139.724011,
            35.822402
          ],
          [
            139.724234,
            35.822613
          ],
          [
            139.724634,
            35.822606
          ],
          [
            139.725027,
            35.822534
          ],
          [
            139.725411,
            35.822449
          ],
          [
            139.725783,
            35.822358
          ],
          [
            139.726106,
            35.822226
          ],
          [
            139.726409,
            35.822053
          ],
          [
            139.726657,
            35.821829
          ],
          [
            139.726848,
            35.821566
          ],
          [
            139.72707,
            35.821374
          ],
          [
            139.727432,
            35.821443
          ],
          [
            139.727758,
            35.821326
          ],
          [
            139.728071,
            35.821178
          ],
          [
            139.728405,
            35.821047
          ],
          [
            139.728768,
            35.820978
          ],
          [
            139.729145,
            35.820922
          ],
          [
            139.729528,
            35.82087
          ],
          [
            139.729906,
            35.820804
          ],
          [
            139.730281,
            35.820753
          ],
          [
            139.730454,
            35.820687
          ],
          [
            139.730436,
            35.820675
          ],
          [
            139.730471,
            35.820708
          ],
          [
            139.730506,
            35.820875
          ],
          [
            139.730498,
            35.821194
          ],
          [
            139.730515,
            35.821515
          ],
          [
            139.7305,
            35.821839
          ],
          [
            139.7305,
            35.82217
          ],
          [
            139.730511,
            35.822482
          ],
          [
            139.730518,
            35.822784
          ],
          [
            139.730503,
            35.823102
          ],
          [
            139.730516,
            35.823426
          ],
          [
            139.730549,
            35.823746
          ],
          [
            139.73049,
            35.824018
          ],
          [
            139.730196,
            35.824114
          ],
          [
            139.729812,
            35.824153
          ],
          [
            139.729423,
            35.82418
          ],
          [
            139.729041,
            35.82419
          ],
          [
            139.728674,
            35.824229
          ],
          [
            139.728304,
            35.824274
          ],
          [
            139.727953,
            35.824292
          ],
          [
            139.727684,
            35.824319
          ],
          [
            139.727374,
            35.824365
          ],
          [
            139.726972,
            35.824445
          ],
          [
            139.726581,
            35.824515
          ],
          [
            139.726231,
            35.824571
          ],
          [
            139.725889,
            35.824647
          ],
          [
            139.725518,
            35.824719
          ],
          [
            139.725137,
            35.824798
          ],
          [
            139.724778,
            35.824874
          ],
          [
            139.724642,
            35.824871
          ],
          [
            139.724615,
            35.824877
          ],
          [
            139.724356,
            35.82496
          ],
          [
            139.723995,
            35.825027
          ],
          [
            139.723627,
            35.825067
          ],
          [
            139.723274,
            35.825085
          ],
          [
            139.722888,
            35.825058
          ],
          [
            139.722503,
            35.82502
          ],
          [
            139.722126,
            35.824958
          ],
          [
            139.721757,
            35.824895
          ],
          [
            139.721382,
            35.824847
          ],
          [
            139.721057,
            35.824804
          ],
          [
            139.720914,
            35.824645
          ],
          [
            139.720911,
            35.824355
          ],
          [
            139.72094,
            35.824047
          ],
          [
            139.720947,
            35.823724
          ],
          [
            139.720876,
            35.823433
          ],
          [
            139.720525,
            35.823333
          ],
          [
            139.72012,
            35.823313
          ],
          [
            139.719729,
            35.823313
          ],
          [
            139.719338,
            35.823298
          ],
          [
            139.718952,
            35.823295
          ],
          [
            139.718564,
            35.82329
          ],
          [
            139.71818,
            35.823281
          ],
          [
            139.718017,
            35.823126
          ],
          [
            139.71804,
            35.822831
          ],
          [
            139.718061,
            35.822501
          ],
          [
            139.718064,
            35.822187
          ],
          [
            139.717917,
            35.821978
          ],
          [
            139.717538,
            35.821931
          ],
          [
            139.717356,
            35.821887
          ],
          [
            139.717231,
            35.821867
          ]
        ]
      },
      "properties": {
        "sport_type": "walk",
        "year": "2024",
        "city": "川口市",
        "city_status": "resolved"
      }
    },
    {
      "type": "Feature",
      "geometry": {
        "type": "LineString",
        "coordinates": [
          [
            139.713693,
            35.826187
          ],
          [
            139.713726,
            35.826484
          ],
          [
            139.713734,
            35.826749
          ],
          [
            139.713846,
            35.826928
          ],
          [
            139.714144,
            35.8269
          ],
          [
            139.714479,
            35.826882
          ],
          [
            139.714835,
            35.826883
          ],
          [
            139.715199,
            35.826888
          ],
          [
            139.71557,
            35.826895
          ],
          [
            139.715938,
            35.826894
          ],
          [
            139.716298,
            35.826895
          ],
          [
            139.716657,
            35.826899
          ],
          [
            139.717009,
            35.826912
          ],
          [
            139.717276,
            35.827004
          ],
          [
            139.717321,
            35.82724
          ],
          [
            139.717297,
            35.827493
          ],
          [
            139.717267,
            35.827737
          ],
          [
            139.717323,
            35.827935
          ],
          [
            139.717493,
            35.827918
          ],
          [
            139.717829,
            35.827895
          ],
          [
            139.718204,
            35.827908
          ],
          [
            139.718561,
            35.827919
          ],
          [
            139.718887,
            35.827864
          ],
          [
            139.719069,
            35.827651
          ],
          [
            139.719183,
            35.827397
          ],
          [
            139.719381,
            35.827219
          ],
          [
            139.719656,
            35.82713
          ],
          [
            139.719961,
            35.827054
          ],
          [
            139.72028,
            35.826989
          ],
          [
            139.720615,
            35.827026
          ],
          [
            139.720933,
            35.827133
          ],
          [
            139.721211,
            35.827272
          ],
          [
            139.721466,
            35.827458
          ],
          [
            139.721649,
            35.82768
          ],
          [
            139.721715,
            35.827937
          ],
          [
            139.721761,
            35.828181
          ],
          [
            139.721789,
            35.828449
          ],
          [
            139.721818,
            35.828716
          ],
          [
            139.721823,
            35.828989
          ],
          [
            139.721782,
            35.829262
          ],
          [
            139.721738,
            35.829527
          ],
          [
            139.721605,
            35.82977
          ],
          [
            139.721271,
            35.829744
          ],
          [
            139.720937,
            35.829668
          ],
          [
            139.720573,
            35.829613
          ],
          [
            139.720238,
            35.829532
          ],
          [
            139.719904,
            35.829503
          ],
          [
            139.719547,
            35.829467
          ],
          [
            139.719191,
            35.82948
          ],
          [
            139.718857,
            35.82949
          ],
          [
            139.718718,
            35.829424
          ],
          [
            139.718683,
            35.829436
          ],
          [
            139.718482,
            35.829495
          ],
          [
            139.718278,
            35.82939
          ],
          [
            139.718022,
            35.829259
          ],
          [
            139.717698,
            35.829203
          ],
          [
            139.717457,
            35.829105
          ],
          [
            139.717419,
            35.829068
          ],
          [
            139.717411,
            35.829066
          ],
          [
            139.717293,
            35.829087
          ],
          [
            139.716993,
            35.829054
          ],
          [
            139.716655,
            35.828975
          ],
          [
            139.716315,
            35.828913
          ],
          [
            139.715984,
            35.828861
          ],
          [
            139.715674,
            35.828809
          ],
          [
            139.715429,
            35.828783
          ],
          [
            139.715135,
            35.82884
          ],
          [
            139.714795,
            35.828902
          ],
          [
            139.714457,
            35.828968
          ],
          [
            139.714129,
            35.829027
          ],
          [
            139.713873,
            35.829003
          ],
          [
            139.713814,
            35.828786
          ],
          [
            139.713821,
            35.828515
          ],
          [
            139.713823,
            35.828241
          ],
          [
            139.713821,
            35.827969
          ],
          [
            139.713807,
            35.827691
          ],
          [
            139.713809,
            35.827413
          ],
          [
            139.713816,
            35.827139
          ],
          [
            139.713815,
            35.826868
          ],
          [
            139.713807,
            35.826601
          ],
          [
            139.713787,
            35.826331
          ],
          [
            139.713786,
            35.826063
          ]
        ]
      },
      "properties": {
        "sport_type": "walk",
        "year": "2024",
        "city": "川口市",
        "city_status": "resolved"
      }
    },
    {
      "type": "Feature",
      "geometry": {
        "type": "LineString",
        "coordinates": [
          [
            139.754052,
            35.668041
          ],
          [
            139.75409,
            35.668024
          ]
        ]
      },
      "properties": {
        "sport_type": "walk",
        "year": "2024",
        "city": "港区",
        "city_status": "resolved"
      }
    },
    {
      "type": "Feature",
      "geometry": {
        "type": "LineString",
        "coordinates": [
          [
            139.482261,
            35.304579
          ],
          [
            139.482336,
            35.304729
          ],
          [
            139.482414,
            35.304882
          ],
          [
            139.482486,
            35.305038
          ],
          [
            139.482548,
            35.3052
          ],
          [
            139.482618,
            35.305362
          ],
          [
            139.482695,
            35.305525
          ],
          [
            139.482766,
            35.305682
          ],
          [
            139.482811,
            35.305808
          ],
          [
            139.482806,
            35.305869
          ],
          [
            139.482781,
            35.305892
          ],
          [
            139.482827,
            35.305934
          ],
          [
            139.482927,
            35.306044
          ],
          [
            139.483023,
            35.306191
          ],
          [
            139.483097,
            35.306312
          ],
          [
            139.483135,
            35.306382
          ],
          [
            139.483239,
            35.306448
          ],
          [
            139.483384,
            35.306554
          ],
          [
            139.483529,
            35.306683
          ],
          [
            139.483675,
            35.306813
          ],
          [
            139.483825,
            35.306943
          ],
          [
            139.483981,
            35.307065
          ],
          [
            139.484136,
            35.307187
          ],
          [
            139.484296,
            35.3073
          ],
          [
            139.484456,
            35.307367
          ],
          [
            139.484649,
            35.307389
          ],
          [
            139.484819,
            35.307365
          ],
          [
            139.485006,
            35.307364
          ],
          [
            139.485192,
            35.307399
          ],
          [
            139.485378,
            35.307446
          ],
          [
            139.485566,
            35.307491
          ],
          [
            139.485753,
            35.307535
          ],
          [
            139.485944,
            35.307582
          ],
          [
            139.486137,
            35.30763
          ],
          [
            139.486324,
            35.30769
          ],
          [
            139.486502,
            35.307765
          ],
          [
            139.486673,
            35.30785
          ],
          [
            139.486833,
            35.307946
          ],
          [
            139.486993,
            35.308045
          ],
          [
            139.487164,
            35.308123
          ],
          [
            139.4873,
            35.308198
          ],
          [
            139.4874,
            35.308298
          ],
          [
            139.487562,
            35.308351
          ],
          [
            139.487762,
            35.308357
          ],
          [
            139.487979,
            35.308362
          ],
          [
            139.488198,
            35.308361
          ],
          [
            139.488414,
            35.308353
          ],
          [
            139.488627,
            35.308346
          ],
          [
            139.488842,
            35.308349
          ],
          [
            139.489054,
            35.308344
          ],
          [
            139.489262,
            35.308337
          ],
          [
            139.489466,
            35.308338
          ],
          [
            139.489669,
            35.308339
          ],
          [
            139.48987,
            35.308333
          ],
          [
            139.490066,
            35.308335
          ],
          [
            139.490277,
            35.308344
          ],
          [
            139.490494,
            35.308349
          ],
          [
            139.490712,
            35.308341
          ],
          [
            139.49093,
            35.308317
          ],
          [
            139.491151,
            35.308278
          ],
          [
            139.491369,
            35.308229
          ],
          [
            139.491584,
            35.308163
          ],
          [
            139.491795,
            35.308091
          ],
          [
            139.491999,
            35.308012
          ],
          [
            139.4922,
            35.307926
          ],
          [
            139.492397,
            35.307835
          ],
          [
            139.492588,
            35.30774
          ],
          [
            139.492772,
            35.307645
          ],
          [
            139.492945,
            35.307543
          ],
          [
            139.493113,
            35.307436
          ],
          [
            139.493284,
            35.307325
          ],
          [
            139.49346,
            35.307219
          ],
          [
            139.493635,
            35.30711
          ],
          [
            139.493808,
            35.306997
          ],
          [
            139.493978,
            35.30688
          ],
          [
            139.494149,
            35.306767
          ],
          [
            139.49434,
            35.306684
          ],
          [
            139.49455,
            35.30664
          ],
          [
            139.494767,
            35.30663
          ],
          [
            139.494988,
            35.306634
          ],
          [
            139.495208,
            35.306623
          ],
          [
            139.495429,
            35.306609
          ],
          [
            139.495648,
            35.306604
          ],
          [
            139.495862,
            35.306617
          ],
          [
            139.496071,
            35.306643
          ],
          [
            139.496279,
            35.306678
          ],
          [
            139.496488,
            35.306715
          ],
          [
            139.496703,
            35.30674
          ],
          [
            139.496925,
            35.306769
          ],
          [
            139.497149,
            35.306793
          ],
          [
            139.497368,
            35.306793
          ],
          [
            139.497583,
            35.306775
          ],
          [
            139.497797,
            35.306752
          ],
          [
            139.498011,
            35.306731
          ],
          [
            139.498226,
            35.306716
          ],
          [
            139.498443,
            35.306696
          ],
          [
            139.498663,
            35.306677
          ],
          [
            139.498885,
            35.306662
          ],
          [
            139.499106,
            35.306653
          ],
          [
            139.499326,
            35.306659
          ],
          [
            139.499546,
            35.306673
          ],
          [
            139.499767,
            35.306679
          ],
          [
            139.49999,
            35.306677
          ],
          [
            139.500213,
            35.30667
          ],
          [
            139.500432,
            35.306663
          ],
          [
            139.500653,
            35.306652
          ],
          [
            139.500872,
            35.306648
          ],
          [
            139.501088,
            35.306645
          ],
          [
            139.501313,
            35.306636
          ],
          [
            139.501536,
            35.306633
          ],
          [
            139.501751,
            35.306627
          ],
          [
            139.50196,
            35.306597
          ],
          [
            139.502155,
            35.306552
          ],
          [
            139.502401,
            35.306531
          ],
          [
            139.502628,
            35.306501
          ],
          [
            139.50282,
            35.306481
          ],
          [
            139.503001,
            35.306455
          ],
          [
            139.503181,
            35.306438
          ],
          [
            139.503371,
            35.30642
          ],
          [
            139.503578,
            35.306396
          ],
          [
            139.503793,
            35.306373
          ],
          [
            139.504007,
            35.306345
          ],
          [
            139.504219,
            35.306326
          ],
          [
            139.504424,
            35.306305
          ],
          [
            139.504625,
            35.306278
          ],
          [
            139.504828,
            35.306261
          ],
          [
            139.505019,
            35.306256
          ],
          [
            139.505123,
            35.306254
          ],
          [
            139.505345,
            35.306266
          ],
          [
            139.505564,
            35.306202
          ],
          [
            139.50577,
            35.30614
          ],
          [
            139.505988,
            35.306108
          ],
          [
            139.506199,
            35.306071
          ],
          [
            139.506404,
            35.306045
          ],
          [
            139.506624,
            35.306019
          ],
          [
            139.506836,
            35.305958
          ],
          [
            139.507044,
            35.305888
          ],
          [
            139.507259,
            35.305843
          ],
          [
            139.50745,
            35.305769
          ],
          [
            139.50762,
            35.305729
          ],
          [
            139.507811,
            35.305683
          ],
          [
            139.508007,
            35.30565
          ],
          [
            139.508202,
            35.305606
          ],
          [
            139.5084,
            35.305582
          ],
          [
            139.508563,
            35.305561
          ]
        ]
      },
      "properties": {
        "sport_type": "walk",
        "year": "2024",
        "city": "藤沢市",
        "city_status": "resolved"
      }
    },
    {
      "type": "Feature",
      "geometry": {
        "type": "LineString",
        "coordinates": [
          [
            139.632832,
            35.462578
          ],
          [
            139.632715,
            35.46259
          ],
          [
            139.632603,
            35.462601
          ],
          [
            139.632498,
            35.462608
          ],
          [
            139.632401,
            35.462608
          ],
          [
            139.632309,
            35.462599
          ],
          [
            139.632219,
            35.462587
          ],
          [
            139.63213,
            35.462574
          ],
          [
            139.632038,
            35.462564
          ],
          [
            139.631945,
            35.462558
          ],
          [
            139.631846,
            35.462559
          ],
          [
            139.631743,
            35.462565
          ],
          [
            139.631636,
            35.46257
          ],
          [
            139.631515,
            35.462563
          ],
          [
            139.631398,
            35.462557
          ],
          [
            139.631282,
            35.462562
          ],
          [
            139.631168,
            35.462572
          ],
          [
            139.631056,
            35.462572
          ],
          [
            139.630943,
            35.462587
          ],
          [
            139.63083,
            35.462597
          ],
          [
            139.630714,
            35.462595
          ],
          [
            139.630599,
            35.462597
          ],
          [
            139.63049,
            35.462597
          ],
          [
            139.630376,
            35.462602
          ],
          [
            139.630264,
            35.462599
          ],
          [
            139.630153,
            35.462602
          ],
          [
            139.630043,
            35.462599
          ],
          [
            139.629935,
            35.462599
          ],
          [
            139.629827,
            35.462595
          ],
          [
            139.629723,
            35.462593
          ],
          [
            139.629636,
            35.462585
          ],
          [
            139.629566,
            35.462612
          ],
          [
            139.629489,
            35.46264
          ],
          [
            139.629399,
            35.462628
          ],
          [
            139.629306,
            35.462633
          ],
          [
            139.629225,
            35.462637
          ],
          [
            139.629155,
            35.462636
          ],
          [
            139.629095,
            35.462632
          ],
          [
            139.629041,
            35.462627
          ],
          [
            139.62898,
            35.462613
          ],
          [
            139.628918,
            35.462604
          ],
          [
            139.62884,
            35.462598
          ],
          [
            139.628765,
            35.462594
          ],
          [
            139.628667,
            35.462603
          ],
          [
            139.628557,
            35.462617
          ],
          [
            139.628437,
            35.462608
          ],
          [
            139.628323,
            35.462584
          ],
          [
            139.628223,
            35.462536
          ],
          [
            139.628112,
            35.462511
          ],
          [
            139.627995,
            35.462498
          ],
          [
            139.627876,
            35.462499
          ],
          [
            139.627763,
            35.46251
          ],
          [
            139.627655,
            35.462543
          ],
          [
            139.627548,
            35.462563
          ],
          [
            139.627443,
            35.462584
          ],
          [
            139.62734,
            35.462597
          ],
          [
            139.627247,
            35.46262
          ],
          [
            139.627171,
            35.462656
          ],
          [
            139.627084,
            35.462688
          ],
          [
            139.626976,
            35.462655
          ],
          [
            139.626875,
            35.462628
          ],
          [
            139.626792,
            35.462665
          ],
          [
            139.626768,
            35.462655
          ],
          [
            139.626753,
            35.46264
          ],
          [
            139.626741,
            35.462628
          ],
          [
            139.626736,
            35.462612
          ],
          [
            139.626737,
            35.462592
          ],
          [
            139.626741,
            35.462571
          ],
          [
            139.626744,
            35.462552
          ],
          [
            139.626732,
            35.462536
          ],
          [
            139.626712,
            35.46253
          ],
          [
            139.626686,
            35.46254
          ],
          [
            139.62665,
            35.462565
          ],
          [
            139.626586,
            35.46261
          ],
          [
            139.626533,
            35.462648
          ],
          [
            139.626477,
            35.462687
          ],
          [
            139.62644,
            35.462706
          ],
          [
            139.626391,
            35.462688
          ],
          [
            139.626344,
            35.462605
          ],
          [
            139.626322,
            35.462542
          ],
          [
            139.626296,
            35.462519
          ],
          [
            139.626197,
            35.46251
          ],
          [
            139.626109,
            35.462528
          ],
          [
            139.626018,
            35.46255
          ],
          [
            139.625948,
            35.462553
          ],
          [
            139.62588,
            35.462546
          ],
          [
            139.625785,
            35.46255
          ],
          [
            139.625685,
            35.462574
          ],
          [
            139.625573,
            35.462618
          ],
          [
            139.625453,
            35.46265
          ],
          [
            139.625329,
            35.462672
          ],
          [
            139.625204,
            35.462693
          ],
          [
            139.625076,
            35.462694
          ],
          [
            139.62495,
            35.462714
          ],
          [
            139.624864,
            35.46276
          ],
          [
            139.624816,
            35.462852
          ],
          [
            139.62475,
            35.46294
          ],
          [
            139.624674,
            35.46302
          ],
          [
            139.624626,
            35.463107
          ],
          [
            139.624585,
            35.463197
          ],
          [
            139.624534,
            35.463287
          ],
          [
            139.624462,
            35.46337
          ],
          [
            139.62441,
            35.463456
          ],
          [
            139.624356,
            35.463541
          ],
          [
            139.624307,
            35.463625
          ],
          [
            139.62427,
            35.46371
          ],
          [
            139.624244,
            35.463794
          ],
          [
            139.624227,
            35.463876
          ],
          [
            139.624216,
            35.463957
          ],
          [
            139.624208,
            35.464041
          ],
          [
            139.624202,
            35.464127
          ],
          [
            139.624198,
            35.464214
          ],
          [
            139.624196,
            35.4643
          ],
          [
            139.624191,
            35.464383
          ],
          [
            139.624181,
            35.464463
          ],
          [
            139.624164,
            35.464543
          ],
          [
            139.624147,
            35.464624
          ],
          [
            139.624137,
            35.464703
          ],
          [
            139.624137,
            35.464782
          ],
          [
            139.624145,
            35.46486
          ],
          [
            139.624156,
            35.464937
          ],
          [
            139.624167,
            35.465014
          ],
          [
            139.624171,
            35.465093
          ],
          [
            139.624169,
            35.465168
          ],
          [
            139.62414,
            35.465238
          ],
          [
            139.624044,
            35.465251
          ],
          [
            139.623945,
            35.465268
          ],
          [
            139.623846,
            35.465299
          ],
          [
            139.623737,
            35.465289
          ],
          [
            139.623634,
            35.465273
          ],
          [
            139.623545,
            35.465248
          ],
          [
            139.623478,
            35.465212
          ],
          [
            139.623439,
            35.465172
          ],
          [
            139.623419,
            35.465138
          ],
          [
            139.623402,
            35.465107
          ],
          [
            139.623391,
            35.465093
          ]
        ]
      },
      "properties": {
        "sport_type": "walk",
        "year": "2024",
        "city": "横浜市",
        "city_status": "resolved"
      }
    },
    {
      "type": "Feature",
      "geometry": {
        "type": "LineString",
        "coordinates": [
          [
            139.716509,
            35.807562
          ],
          [
            139.71648,
            35.807651
          ],
          [
            139.716443,
            35.807742
          ],
          [
            139.716402,
            35.807835
          ],
          [
            139.716354,
            35.807939
          ],
          [
            139.716332,
            35.808048
          ],
          [
            139.716304,
            35.808145
          ],
          [
            139.716256,
            35.808227
          ],
          [
            139.716188,
            35.808289
          ],
          [
            139.716149,
            35.808315
          ],
          [
            139.716098,
            35.808397
          ],
          [
            139.716042,
            35.808478
          ],
          [
            139.715986,
            35.80856
          ],
          [
            139.715927,
            35.808643
          ],
          [
            139.715866,
            35.808726
          ],
          [
            139.715806,
            35.80881
          ],
          [
            139.715745,
            35.808893
          ],
          [
            139.715683,
            35.808975
          ],
          [
            139.715616,
            35.809056
          ],
          [
            139.715548,
            35.809136
          ],
          [
            139.715482,
            35.809215
          ],
          [
            139.715418,
            35.809294
          ],
          [
            139.715357,
            35.809374
          ],
          [
            139.7153,
            35.809453
          ],
          [
            139.715246,
            35.809533
          ],
          [
            139.71519,
            35.809613
          ],
          [
            139.715129,
            35.809691
          ],
          [
            139.715066,
            35.809768
          ],
          [
            139.715005,
            35.809847
          ],
          [
            139.714948,
            35.809928
          ],
          [
            139.714892,
            35.810009
          ],
          [
            139.714835,
            35.810091
          ],
          [
            139.714775,
            35.810171
          ],
          [
            139.714711,
            35.810249
          ],
          [
            139.714646,
            35.810327
          ],
          [
            139.714582,
            35.810405
          ],
          [
            139.71452,
            35.810485
          ],
          [
            139.714459,
            35.810566
          ],
          [
            139.714398,
            35.810648
          ],
          [
            139.714335,
            35.810729
          ],
          [
            139.71427,
            35.81081
          ],
          [
            139.714207,
            35.810893
          ],
          [
            139.714146,
            35.810977
          ],
          [
            139.714086,
            35.811064
          ],
          [
            139.714026,
            35.811152
          ],
          [
            139.713962,
            35.811242
          ],
          [
            139.713893,
            35.811333
          ],
          [
            139.713822,
            35.811425
          ],
          [
            139.713753,
            35.811515
          ],
          [
            139.713686,
            35.811601
          ],
          [
            139.71362,
            35.811682
          ],
          [
            139.713556,
            35.811763
          ],
          [
            139.713495,
            35.811844
          ],
          [
            139.713435,
            35.811924
          ],
          [
            139.713376,
            35.812005
          ],
          [
            139.713318,
            35.812085
          ],
          [
            139.713259,
            35.812165
          ],
          [
            139.7132,
            35.812244
          ],
          [
            139.71314,
            35.812321
          ],
          [
            139.713081,
            35.812396
          ],
          [
            139.713023,
            35.812472
          ],
          [
            139.712969,
            35.81255
          ],
          [
            139.712926,
            35.81263
          ],
          [
            139.712894,
            35.812709
          ],
          [
            139.712884,
            35.812785
          ],
          [
            139.712893,
            35.812851
          ],
          [
            139.712892,
            35.812911
          ],
          [
            139.712875,
            35.812973
          ],
          [
            139.712853,
            35.813047
          ],
          [
            139.712834,
            35.813128
          ],
          [
            139.712815,
            35.813213
          ],
          [
            139.712796,
            35.813301
          ],
          [
            139.712778,
            35.81339
          ],
          [
            139.712761,
            35.813482
          ],
          [
            139.712744,
            35.813576
          ]
        ]
      },
      "properties": {
        "sport_type": "walk",
        "year": "2024",
        "city": "川口市",
        "city_status": "resolved"
      }
    },
    {
      "type": "Feature",
      "geometry": {
        "type": "LineString",
        "coordinates": [
          [
            139.762519,
            35.701723
          ],
          [
            139.762683,
            35.701641
          ],
          [
            139.762821,
            35.70149
          ],
          [
            139.762917,
            35.701332
          ],
          [
            139.763061,
            35.701163
          ],
          [
            139.763214,
            35.701002
          ],
          [
            139.763421,
            35.700882
          ],
          [
            139.76365,
            35.700794
          ],
          [
            139.763888,
            35.700765
          ],
          [
            139.764147,
            35.700731
          ],
          [
            139.764338,
            35.700603
          ],
          [
            139.764512,
            35.700484
          ],
          [
            139.764736,
            35.700394
          ],
          [
            139.764992,
            35.700316
          ],
          [
            139.76523,
            35.700247
          ],
          [
            139.765424,
            35.700212
          ],
          [
            139.765727,
            35.700094
          ],
          [
            139.765943,
            35.700014
          ],
          [
            139.766168,
            35.699936
          ],
          [
            139.766395,
            35.699865
          ],
          [
            139.766637,
            35.699787
          ],
          [
            139.766873,
            35.699704
          ],
          [
            139.767102,
            35.699625
          ],
          [
            139.767329,
            35.699559
          ],
          [
            139.767531,
            35.699508
          ],
          [
            139.767726,
            35.699444
          ],
          [
            139.76794,
            35.699335
          ],
          [
            139.768163,
            35.699227
          ],
          [
            139.768387,
            35.699127
          ],
          [
            139.768613,
            35.69903
          ],
          [
            139.768806,
            35.698942
          ],
          [
            139.768901,
            35.698912
          ],
          [
            139.768929,
            35.6989
          ],
          [
            139.768952,
            35.698891
          ],
          [
            139.768976,
            35.698886
          ],
          [
            139.768988,
            35.698882
          ],
          [
            139.768983,
            35.698873
          ],
          [
            139.769032,
            35.698843
          ],
          [
            139.769248,
            35.698821
          ],
          [
            139.769554,
            35.698804
          ],
          [
            139.76983,
            35.698831
          ],
          [
            139.770087,
            35.698803
          ],
          [
            139.770332,
            35.698761
          ],
          [
            139.770566,
            35.698714
          ],
          [
            139.770783,
            35.698682
          ],
          [
            139.770971,
            35.698668
          ],
          [
            139.771059,
            35.698673
          ],
          [
            139.771115,
            35.698681
          ],
          [
            139.771226,
            35.698673
          ],
          [
            139.771419,
            35.698654
          ],
          [
            139.771668,
            35.698667
          ],
          [
            139.771921,
            35.698691
          ],
          [
            139.772143,
            35.698708
          ],
          [
            139.77231,
            35.698705
          ],
          [
            139.7724,
            35.698707
          ],
          [
            139.772475,
            35.698713
          ],
          [
            139.77253,
            35.698712
          ],
          [
            139.77257,
            35.698709
          ],
          [
            139.772611,
            35.698707
          ],
          [
            139.772831,
            35.698633
          ],
          [
            139.772877,
            35.698602
          ],
          [
            139.772901,
            35.698568
          ],
          [
            139.772918,
            35.698529
          ],
          [
            139.772935,
            35.698499
          ],
          [
            139.772943,
            35.698484
          ],
          [
            139.772943,
            35.698472
          ],
          [
            139.772941,
            35.698463
          ],
          [
            139.77294,
            35.698459
          ],
          [
            139.77294,
            35.698459
          ],
          [
            139.772939,
            35.698458
          ],
          [
            139.772934,
            35.698453
          ],
          [
            139.772924,
            35.698441
          ],
          [
            139.772925,
            35.69844
          ],
          [
            139.772954,
            35.698459
          ],
          [
            139.772985,
            35.698466
          ],
          [
            139.772996,
            35.698468
          ],
          [
            139.773003,
            35.698478
          ],
          [
            139.773014,
            35.698495
          ],
          [
            139.773019,
            35.698494
          ],
          [
            139.773018,
            35.698484
          ],
          [
            139.773115,
            35.699038
          ],
          [
            139.773601,
            35.701984
          ],
          [
            139.774047,
            35.705238
          ],
          [
            139.774184,
            35.706649
          ],
          [
            139.774246,
            35.707376
          ],
          [
            139.774712,
            35.710749
          ],
          [
            139.775229,
            35.71285
          ],
          [
            139.775756,
            35.713688
          ],
          [
            139.775824,
            35.714896
          ],
          [
            139.776138,
            35.717328
          ],
          [
            139.777868,
            35.720884
          ],
          [
            139.777547,
            35.721421
          ],
          [
            139.777561,
            35.721485
          ],
          [
            139.777561,
            35.721542
          ],
          [
            139.771048,
            35.727286
          ],
          [
            139.771067,
            35.727272
          ],
          [
            139.771085,
            35.727278
          ],
          [
            139.770995,
            35.727376
          ],
          [
            139.767971,
            35.730451
          ],
          [
            139.766755,
            35.731741
          ],
          [
            139.766435,
            35.732114
          ],
          [
            139.766404,
            35.732175
          ],
          [
            139.766416,
            35.732222
          ],
          [
            139.761252,
            35.737701
          ],
          [
            139.761199,
            35.737667
          ],
          [
            139.76105,
            35.737571
          ],
          [
            139.760968,
            35.737518
          ],
          [
            139.760942,
            35.737502
          ],
          [
            139.760939,
            35.7375
          ],
          [
            139.760942,
            35.737503
          ],
          [
            139.760949,
            35.737515
          ],
          [
            139.760973,
            35.737555
          ],
          [
            139.761,
            35.737603
          ],
          [
            139.725075,
            35.766892
          ],
          [
            139.723525,
            35.769562
          ],
          [
            139.722091,
            35.772487
          ]
        ]
      },
      "properties": {
        "sport_type": "walk",
        "year": "2024",
        "city": "文京区",
        "city_status": "resolved"
      }
    },
    {
      "type": "Feature",
      "geometry": {
        "type": "LineString",
        "coordinates": [
          [
            139.717717,
            35.791422
          ],
          [
            139.717987,
            35.794454
          ],
          [
            139.7182,
            35.797548
          ]
        ]
      },
      "properties": {
        "sport_type": "walk",
        "year": "2024",
        "city": "北区",
        "city_status": "resolved"
      }
    },
    {
      "type": "Feature",
      "geometry": {
        "type": "LineString",
        "coordinates": [
          [
            139.713441,
            35.805865
          ],
          [
            139.707801,
            35.812047
          ]
        ]
      },
      "properties": {
        "sport_type": "walk",
        "year": "2024",
        "city": "川口市",
        "city_status": "resolved"
      }
    },
    {
      "type": "Feature",
      "geometry": {
        "type": "LineString",
        "coordinates": [
          [
            139.753166,
            35.67212
          ],
          [
            139.753278,
            35.672156
          ],
          [
            139.753399,
            35.672163
          ],
          [
            139.753521,
            35.672146
          ],
          [
            139.753641,
            35.672118
          ],
          [
            139.753757,
            35.672086
          ],
          [
            139.753867,
            35.672061
          ],
          [
            139.753968,
            35.67205
          ],
          [
            139.75406,
            35.672049
          ],
          [
            139.754146,
            35.672059
          ],
          [
            139.754234,
            35.672079
          ],
          [
            139.754326,
            35.672106
          ],
          [
            139.754423,
            35.67214
          ],
          [
            139.754522,
            35.672184
          ],
          [
            139.754618,
            35.672236
          ],
          [
            139.754703,
            35.672291
          ]
        ]
      },
      "properties": {
        "sport_type": "walk",
        "year": "2024",
        "city": "港区",
        "city_status": "resolved"
      }
    },
    {
      "type": "Feature",
      "geometry": {
        "type": "LineString",
        "coordinates": [
          [
            139.745466,
            35.670596
          ],
          [
            139.74537,
            35.67061
          ],
          [
            139.745276,
            35.67062
          ],
          [
            139.745186,
            35.670626
          ],
          [
            139.745106,
            35.670631
          ],
          [
            139.745042,
            35.670636
          ],
          [
            139.745001,
            35.670638
          ],
          [
            139.744982,
            35.670637
          ],
          [
            139.744979,
            35.670635
          ],
          [
            139.744984,
            35.670634
          ],
          [
            139.744991,
            35.670633
          ],
          [
            139.744995,
            35.670633
          ],
          [
            139.744992,
            35.670636
          ],
          [
            139.744973,
            35.670641
          ],
          [
            139.744934,
            35.670651
          ],
          [
            139.744875,
            35.670665
          ],
          [
            139.744803,
            35.670682
          ],
          [
            139.744723,
            35.6707
          ],
          [
            139.74464,
            35.670718
          ],
          [
            139.744555,
            35.670735
          ],
          [
            139.744468,
            35.67075
          ],
          [
            139.744378,
            35.670765
          ],
          [
            139.744288,
            35.670783
          ],
          [
            139.744197,
            35.670801
          ],
          [
            139.744105,
            35.670819
          ],
          [
            139.744014,
            35.670836
          ],
          [
            139.743923,
            35.670852
          ],
          [
            139.743834,
            35.670867
          ],
          [
            139.74375,
            35.670882
          ],
          [
            139.743674,
            35.670898
          ],
          [
            139.743605,
            35.670915
          ],
          [
            139.743544,
            35.670936
          ],
          [
            139.743487,
            35.670957
          ],
          [
            139.743429,
            35.670966
          ],
          [
            139.743368,
            35.670955
          ],
          [
            139.743306,
            35.670923
          ],
          [
            139.74324,
            35.670876
          ],
          [
            139.743174,
            35.670824
          ],
          [
            139.743117,
            35.670772
          ],
          [
            139.743077,
            35.670722
          ],
          [
            139.743054,
            35.670686
          ],
          [
            139.743043,
            35.670668
          ],
          [
            139.743037,
            35.670661
          ],
          [
            139.743034,
            35.67066
          ],
          [
            139.743032,
            35.670664
          ],
          [
            139.743027,
            35.670669
          ],
          [
            139.74302,
            35.670676
          ],
          [
            139.743009,
            35.670684
          ],
          [
            139.742991,
            35.670692
          ],
          [
            139.742965,
            35.670703
          ],
          [
            139.742931,
            35.670718
          ],
          [
            139.742888,
            35.670739
          ],
          [
            139.742837,
            35.670766
          ],
          [
            139.742779,
            35.670796
          ],
          [
            139.742717,
            35.670827
          ],
          [
            139.742654,
            35.670857
          ],
          [
            139.74259,
            35.670885
          ],
          [
            139.742527,
            35.670916
          ],
          [
            139.742465,
            35.670954
          ],
          [
            139.7424,
            35.670995
          ],
          [
            139.742328,
            35.671038
          ],
          [
            139.742253,
            35.67108
          ],
          [
            139.742178,
            35.671122
          ],
          [
            139.742104,
            35.671165
          ],
          [
            139.742029,
            35.671209
          ],
          [
            139.741957,
            35.671253
          ],
          [
            139.741886,
            35.671296
          ],
          [
            139.741818,
            35.671341
          ],
          [
            139.741752,
            35.671383
          ],
          [
            139.741691,
            35.671427
          ],
          [
            139.741633,
            35.671468
          ],
          [
            139.741578,
            35.671507
          ],
          [
            139.741525,
            35.671545
          ],
          [
            139.741476,
            35.67158
          ],
          [
            139.74143,
            35.671613
          ],
          [
            139.741384,
            35.671642
          ],
          [
            139.74134,
            35.67167
          ],
          [
            139.741295,
            35.671697
          ],
          [
            139.741247,
            35.671724
          ],
          [
            139.741186,
            35.671753
          ],
          [
            139.741112,
            35.671794
          ],
          [
            139.741037,
            35.67184
          ],
          [
            139.740963,
            35.67189
          ],
          [
            139.740891,
            35.67194
          ],
          [
            139.740819,
            35.671992
          ],
          [
            139.74075,
            35.672044
          ],
          [
            139.740682,
            35.672097
          ],
          [
            139.740615,
            35.672151
          ],
          [
            139.740549,
            35.672205
          ],
          [
            139.740485,
            35.672259
          ],
          [
            139.740425,
            35.672316
          ],
          [
            139.740381,
            35.672364
          ]
        ]
      },
      "properties": {
        "sport_type": "walk",
        "year": "2024",
        "city": "港区",
        "city_status": "resolved"
      }
    },
    {
      "type": "Feature",
      "geometry": {
        "type": "LineString",
        "coordinates": [
          [
            141.006478,
            43.196212
          ],
          [
            141.006927,
            43.195882
          ],
          [
            141.007311,
            43.19555
          ],
          [
            141.007571,
            43.195329
          ],
          [
            141.007819,
            43.195149
          ],
          [
            141.008209,
            43.194862
          ],
          [
            141.008605,
            43.194561
          ],
          [
            141.008904,
            43.194285
          ],
          [
            141.009158,
            43.193955
          ],
          [
            141.009515,
            43.193626
          ],
          [
            141.00994,
            43.193336
          ],
          [
            141.010283,
            43.19295
          ],
          [
            141.010554,
            43.192505
          ],
          [
            141.010796,
            43.1921
          ],
          [
            141.011083,
            43.191712
          ],
          [
            141.01115,
            43.191508
          ],
          [
            141.011399,
            43.191126
          ],
          [
            141.011648,
            43.190812
          ],
          [
            141.012033,
            43.191076
          ],
          [
            141.012327,
            43.191114
          ],
          [
            141.01241,
            43.191045
          ],
          [
            141.012375,
            43.190759
          ],
          [
            141.012365,
            43.190796
          ],
          [
            141.012428,
            43.190665
          ],
          [
            141.012016,
            43.190401
          ],
          [
            141.012262,
            43.190033
          ],
          [
            141.012735,
            43.189709
          ],
          [
            141.013253,
            43.189455
          ],
          [
            141.013774,
            43.189206
          ],
          [
            141.014259,
            43.188985
          ],
          [
            141.01427,
            43.188952
          ],
          [
            141.014463,
            43.188723
          ],
          [
            141.014922,
            43.18839
          ],
          [
            141.015375,
            43.188101
          ],
          [
            141.015833,
            43.187836
          ],
          [
            141.016319,
            43.18756
          ],
          [
            141.016844,
            43.187278
          ],
          [
            141.017425,
            43.187124
          ],
          [
            141.01799,
            43.186915
          ],
          [
            141.018535,
            43.186729
          ],
          [
            141.019033,
            43.186465
          ],
          [
            141.019611,
            43.186242
          ],
          [
            141.020186,
            43.18601
          ],
          [
            141.020711,
            43.185747
          ],
          [
            141.021187,
            43.185539
          ],
          [
            141.021603,
            43.185352
          ],
          [
            141.022093,
            43.185109
          ],
          [
            141.022608,
            43.184884
          ],
          [
            141.023147,
            43.184707
          ],
          [
            141.023432,
            43.184572
          ],
          [
            141.023955,
            43.184315
          ],
          [
            141.0245,
            43.184051
          ],
          [
            141.025013,
            43.183851
          ],
          [
            141.025434,
            43.183629
          ],
          [
            141.025896,
            43.183455
          ],
          [
            141.025994,
            43.183405
          ],
          [
            141.026219,
            43.183305
          ],
          [
            141.026726,
            43.18311
          ],
          [
            141.027193,
            43.182932
          ],
          [
            141.027624,
            43.183093
          ],
          [
            141.027977,
            43.182995
          ],
          [
            141.028413,
            43.182927
          ],
          [
            141.028839,
            43.182714
          ],
          [
            141.029292,
            43.182571
          ],
          [
            141.029549,
            43.182456
          ],
          [
            141.030026,
            43.182261
          ],
          [
            141.030474,
            43.182068
          ],
          [
            141.030788,
            43.181914
          ],
          [
            141.0313,
            43.181965
          ],
          [
            141.031824,
            43.182055
          ],
          [
            141.032427,
            43.182116
          ],
          [
            141.033034,
            43.182219
          ],
          [
            141.033627,
            43.182322
          ],
          [
            141.034207,
            43.182426
          ],
          [
            141.03481,
            43.182542
          ],
          [
            141.034834,
            43.182767
          ],
          [
            141.0345,
            43.183096
          ],
          [
            141.034662,
            43.183384
          ],
          [
            141.034566,
            43.183586
          ],
          [
            141.034572,
            43.183588
          ],
          [
            141.034773,
            43.183323
          ],
          [
            141.03467,
            43.182991
          ],
          [
            141.035061,
            43.182698
          ],
          [
            141.035508,
            43.182573
          ],
          [
            141.036076,
            43.182431
          ],
          [
            141.036501,
            43.182164
          ],
          [
            141.036539,
            43.182126
          ],
          [
            141.036782,
            43.181744
          ],
          [
            141.036988,
            43.18159
          ],
          [
            141.036994,
            43.181603
          ],
          [
            141.037014,
            43.181605
          ],
          [
            141.036946,
            43.181303
          ],
          [
            141.037112,
            43.180896
          ],
          [
            141.037131,
            43.180826
          ],
          [
            141.037259,
            43.180422
          ],
          [
            141.037425,
            43.180048
          ],
          [
            141.037551,
            43.179857
          ],
          [
            141.037566,
            43.179814
          ],
          [
            141.037613,
            43.179755
          ],
          [
            141.037659,
            43.179712
          ],
          [
            141.037706,
            43.179631
          ],
          [
            141.038035,
            43.17933
          ],
          [
            141.03822,
            43.179085
          ],
          [
            141.038236,
            43.178682
          ],
          [
            141.038202,
            43.178484
          ],
          [
            141.038282,
            43.178434
          ],
          [
            141.038813,
            43.178293
          ],
          [
            141.039376,
            43.178117
          ],
          [
            141.039903,
            43.177951
          ],
          [
            141.040426,
            43.177832
          ],
          [
            141.040926,
            43.177759
          ],
          [
            141.041478,
            43.177685
          ],
          [
            141.042092,
            43.177716
          ],
          [
            141.04265,
            43.177894
          ],
          [
            141.042809,
            43.177948
          ],
          [
            141.042828,
            43.177952
          ],
          [
            141.04323,
            43.178244
          ],
          [
            141.043441,
            43.178405
          ],
          [
            141.043893,
            43.178644
          ],
          [
            141.044399,
            43.178803
          ],
          [
            141.04495,
            43.178926
          ],
          [
            141.04549,
            43.179058
          ],
          [
            141.046057,
            43.17919
          ],
          [
            141.04664,
            43.179322
          ],
          [
            141.04642,
            43.179053
          ],
          [
            141.045829,
            43.178916
          ],
          [
            141.045273,
            43.178805
          ],
          [
            141.044694,
            43.178678
          ],
          [
            141.044172,
            43.178535
          ],
          [
            141.043739,
            43.178308
          ],
          [
            141.043346,
            43.178002
          ],
          [
            141.042904,
            43.177742
          ],
          [
            141.042412,
            43.17756
          ],
          [
            141.041872,
            43.177458
          ],
          [
            141.041315,
            43.17748
          ],
          [
            141.040782,
            43.177572
          ],
          [
            141.04026,
            43.17766
          ],
          [
            141.039898,
            43.17773
          ],
          [
            141.039533,
            43.177838
          ],
          [
            141.038972,
            43.177998
          ],
          [
            141.038441,
            43.178163
          ],
          [
            141.037915,
            43.178275
          ],
          [
            141.037622,
            43.178393
          ],
          [
            141.037106,
            43.178677
          ],
          [
            141.036645,
            43.178953
          ],
          [
            141.031177,
            43.180313
          ],
          [
            141.030661,
            43.180276
          ],
          [
            141.030574,
            43.180271
          ]
        ]
      },
      "properties": {
        "sport_type": "walk",
        "year": "2024",
        "city": "小樽市",
        "city_status": "resolved"
      }
    },
    {
      "type": "Feature",
      "geometry": {
        "type": "LineString",
        "coordinates": [
          [
            141.340387,
            43.068416
          ],
          [
            141.339516,
            43.06837
          ],
          [
            141.33928,
            43.067764
          ],
          [
            141.338875,
            43.067557
          ],
          [
            141.337891,
            43.067306
          ],
          [
            141.337068,
            43.067198
          ],
          [
            141.336158,
            43.067048
          ],
          [
            141.335542,
            43.066953
          ],
          [
            141.334664,
            43.066826
          ],
          [
            141.33395,
            43.066744
          ],
          [
            141.33297,
            43.066686
          ],
          [
            141.330077,
            43.066368
          ],
          [
            141.329552,
            43.066299
          ],
          [
            141.328874,
            43.066222
          ],
          [
            141.328098,
            43.066124
          ],
          [
            141.327486,
            43.066001
          ],
          [
            141.326715,
            43.065927
          ],
          [
            141.326002,
            43.065831
          ],
          [
            141.325426,
            43.065755
          ],
          [
            141.324706,
            43.065663
          ],
          [
            141.323992,
            43.065571
          ],
          [
            141.323176,
            43.065438
          ],
          [
            141.322311,
            43.065334
          ],
          [
            141.321503,
            43.065251
          ],
          [
            141.320774,
            43.065125
          ],
          [
            141.320304,
            43.065016
          ],
          [
            141.320273,
            43.065472
          ],
          [
            141.320104,
            43.066131
          ],
          [
            141.320657,
            43.066242
          ],
          [
            141.320682,
            43.066641
          ],
          [
            141.320625,
            43.067171
          ],
          [
            141.320619,
            43.067302
          ],
          [
            141.320622,
            43.067369
          ],
          [
            141.320616,
            43.067409
          ],
          [
            141.320564,
            43.067306
          ],
          [
            141.320533,
            43.067262
          ],
          [
            141.320589,
            43.06738
          ],
          [
            141.320593,
            43.067303
          ],
          [
            141.32052,
            43.067341
          ],
          [
            141.320428,
            43.067094
          ],
          [
            141.320148,
            43.067261
          ],
          [
            141.319442,
            43.067183
          ],
          [
            141.318839,
            43.067108
          ],
          [
            141.318753,
            43.067546
          ],
          [
            141.318631,
            43.068137
          ],
          [
            141.318068,
            43.068505
          ],
          [
            141.317357,
            43.06877
          ],
          [
            141.316665,
            43.069023
          ],
          [
            141.315922,
            43.069324
          ],
          [
            141.315496,
            43.069552
          ],
          [
            141.314814,
            43.069801
          ],
          [
            141.31421,
            43.070087
          ],
          [
            141.313507,
            43.070379
          ],
          [
            141.312838,
            43.070651
          ],
          [
            141.31217,
            43.070981
          ],
          [
            141.311511,
            43.071218
          ],
          [
            141.310823,
            43.071537
          ],
          [
            141.310185,
            43.071954
          ],
          [
            141.309595,
            43.072262
          ],
          [
            141.30894,
            43.072625
          ],
          [
            141.308599,
            43.072871
          ],
          [
            141.30845,
            43.072954
          ],
          [
            141.307928,
            43.073233
          ],
          [
            141.307362,
            43.073566
          ],
          [
            141.306734,
            43.073972
          ],
          [
            141.306562,
            43.074076
          ],
          [
            141.306408,
            43.074131
          ],
          [
            141.305798,
            43.074472
          ],
          [
            141.305233,
            43.074807
          ],
          [
            141.304721,
            43.075117
          ],
          [
            141.304187,
            43.075417
          ],
          [
            141.303735,
            43.075729
          ],
          [
            141.303234,
            43.075956
          ],
          [
            141.302781,
            43.076227
          ],
          [
            141.302211,
            43.076591
          ],
          [
            141.301692,
            43.076895
          ],
          [
            141.301202,
            43.077173
          ],
          [
            141.301666,
            43.076944
          ],
          [
            141.302271,
            43.076571
          ],
          [
            141.302841,
            43.076207
          ],
          [
            141.302786,
            43.075829
          ],
          [
            141.302385,
            43.075451
          ],
          [
            141.301872,
            43.075055
          ],
          [
            141.301387,
            43.074591
          ],
          [
            141.300929,
            43.074035
          ],
          [
            141.300396,
            43.073624
          ],
          [
            141.299866,
            43.073128
          ],
          [
            141.299384,
            43.072666
          ],
          [
            141.298868,
            43.07223
          ],
          [
            141.298232,
            43.071763
          ],
          [
            141.297686,
            43.071275
          ],
          [
            141.29725,
            43.0708
          ],
          [
            141.29676,
            43.070318
          ],
          [
            141.296284,
            43.069916
          ],
          [
            141.296129,
            43.069712
          ],
          [
            141.29566,
            43.069263
          ],
          [
            141.295171,
            43.068765
          ],
          [
            141.294614,
            43.068343
          ],
          [
            141.29436,
            43.068202
          ],
          [
            141.294203,
            43.06797
          ],
          [
            141.29449,
            43.067996
          ],
          [
            141.295082,
            43.067654
          ],
          [
            141.29506,
            43.067334
          ],
          [
            141.294488,
            43.066926
          ],
          [
            141.293987,
            43.066481
          ],
          [
            141.293563,
            43.066144
          ],
          [
            141.293504,
            43.066134
          ],
          [
            141.293294,
            43.065941
          ],
          [
            141.292787,
            43.065521
          ],
          [
            141.292273,
            43.065109
          ],
          [
            141.291758,
            43.064698
          ],
          [
            141.291239,
            43.064299
          ],
          [
            141.291253,
            43.063942
          ],
          [
            141.291971,
            43.063553
          ],
          [
            141.292613,
            43.063199
          ],
          [
            141.29329,
            43.062793
          ],
          [
            141.293943,
            43.062397
          ],
          [
            141.294527,
            43.06206
          ],
          [
            141.295178,
            43.061682
          ],
          [
            141.295868,
            43.061295
          ],
          [
            141.296493,
            43.060942
          ],
          [
            141.296865,
            43.060757
          ],
          [
            141.297511,
            43.060349
          ],
          [
            141.298231,
            43.059961
          ],
          [
            141.29892,
            43.059544
          ],
          [
            141.299652,
            43.059143
          ],
          [
            141.300218,
            43.058802
          ],
          [
            141.300962,
            43.058449
          ],
          [
            141.30167,
            43.058102
          ],
          [
            141.302328,
            43.057806
          ],
          [
            141.302956,
            43.057437
          ],
          [
            141.303595,
            43.057135
          ],
          [
            141.304291,
            43.056787
          ],
          [
            141.304929,
            43.056453
          ],
          [
            141.305321,
            43.055971
          ],
          [
            141.305109,
            43.055468
          ],
          [
            141.304522,
            43.054924
          ],
          [
            141.304078,
            43.054322
          ],
          [
            141.303786,
            43.053723
          ],
          [
            141.303488,
            43.053127
          ],
          [
            141.303209,
            43.05254
          ],
          [
            141.302941,
            43.051957
          ],
          [
            141.30317,
            43.051572
          ],
          [
            141.304007,
            43.051454
          ],
          [
            141.304849,
            43.051399
          ],
          [
            141.305647,
            43.051298
          ],
          [
            141.30652,
            43.05135
          ],
          [
            141.307077,
            43.051656
          ],
          [
            141.307606,
            43.051754
          ],
          [
            141.308031,
            43.051528
          ]
        ]
      },
      "properties": {
        "sport_type": "walk",
        "year": "2024",
        "city": "札幌市",
        "city_status": "resolved"
      }
    },
    {
      "type": "Feature",
      "geometry": {
        "type": "LineString",
        "coordinates": [
          [
            139.716762,
            35.815594
          ],
          [
            139.716974,
            35.815586
          ],
          [
            139.717143,
            35.815528
          ],
          [
            139.717229,
            35.815385
          ],
          [
            139.717276,
            35.815209
          ],
          [
            139.717316,
            35.815029
          ],
          [
            139.717351,
            35.814849
          ],
          [
            139.717393,
            35.814672
          ],
          [
            139.717446,
            35.814501
          ],
          [
            139.717526,
            35.814342
          ],
          [
            139.717584,
            35.814172
          ],
          [
            139.717625,
            35.813995
          ],
          [
            139.717667,
            35.813817
          ],
          [
            139.717729,
            35.813645
          ],
          [
            139.717783,
            35.813476
          ],
          [
            139.717832,
            35.813307
          ],
          [
            139.717909,
            35.813154
          ],
          [
            139.718027,
            35.813022
          ],
          [
            139.718167,
            35.812903
          ],
          [
            139.71832,
            35.812794
          ],
          [
            139.718485,
            35.8127
          ],
          [
            139.718676,
            35.812651
          ],
          [
            139.718883,
            35.812655
          ],
          [
            139.719091,
            35.812684
          ],
          [
            139.719299,
            35.812718
          ],
          [
            139.719509,
            35.812738
          ],
          [
            139.71971,
            35.812732
          ],
          [
            139.719868,
            35.812667
          ],
          [
            139.719978,
            35.812522
          ],
          [
            139.720066,
            35.812345
          ],
          [
            139.72015,
            35.812164
          ],
          [
            139.720243,
            35.811987
          ],
          [
            139.720358,
            35.811818
          ],
          [
            139.720467,
            35.811647
          ],
          [
            139.720568,
            35.811472
          ],
          [
            139.720659,
            35.811293
          ],
          [
            139.720732,
            35.811115
          ],
          [
            139.720804,
            35.810949
          ],
          [
            139.720911,
            35.810825
          ],
          [
            139.721094,
            35.810797
          ],
          [
            139.721309,
            35.810817
          ],
          [
            139.721527,
            35.810841
          ],
          [
            139.721746,
            35.810865
          ],
          [
            139.721962,
            35.810892
          ],
          [
            139.722175,
            35.810932
          ],
          [
            139.722382,
            35.810975
          ],
          [
            139.72259,
            35.811004
          ],
          [
            139.722781,
            35.811031
          ],
          [
            139.722902,
            35.811054
          ],
          [
            139.722957,
            35.811065
          ],
          [
            139.723055,
            35.811074
          ],
          [
            139.723235,
            35.811093
          ],
          [
            139.72345,
            35.811121
          ],
          [
            139.723674,
            35.811147
          ],
          [
            139.723895,
            35.811174
          ],
          [
            139.724114,
            35.811204
          ],
          [
            139.72433,
            35.811229
          ],
          [
            139.724531,
            35.811253
          ],
          [
            139.724678,
            35.811275
          ],
          [
            139.72473,
            35.811289
          ],
          [
            139.724778,
            35.8113
          ],
          [
            139.724908,
            35.811317
          ],
          [
            139.725103,
            35.811343
          ],
          [
            139.725313,
            35.811375
          ],
          [
            139.725525,
            35.811413
          ],
          [
            139.725743,
            35.811451
          ],
          [
            139.725966,
            35.81148
          ],
          [
            139.726189,
            35.811505
          ],
          [
            139.726409,
            35.811531
          ],
          [
            139.726625,
            35.811559
          ],
          [
            139.726841,
            35.81159
          ],
          [
            139.727057,
            35.811623
          ],
          [
            139.727256,
            35.811659
          ],
          [
            139.727404,
            35.811692
          ],
          [
            139.727451,
            35.811703
          ],
          [
            139.727446,
            35.8117
          ],
          [
            139.727454,
            35.811696
          ],
          [
            139.727525,
            35.811698
          ],
          [
            139.727693,
            35.811712
          ],
          [
            139.727901,
            35.811739
          ],
          [
            139.728117,
            35.811769
          ],
          [
            139.728307,
            35.8118
          ],
          [
            139.728418,
            35.811836
          ],
          [
            139.72848,
            35.81185
          ],
          [
            139.7286,
            35.811854
          ],
          [
            139.728795,
            35.81187
          ],
          [
            139.72901,
            35.8119
          ],
          [
            139.729227,
            35.811934
          ],
          [
            139.729435,
            35.811962
          ],
          [
            139.729632,
            35.81199
          ],
          [
            139.729836,
            35.81202
          ],
          [
            139.730047,
            35.812049
          ],
          [
            139.730262,
            35.812076
          ],
          [
            139.730479,
            35.812105
          ],
          [
            139.730696,
            35.812139
          ],
          [
            139.730908,
            35.81217
          ],
          [
            139.731076,
            35.8122
          ],
          [
            139.731139,
            35.812225
          ],
          [
            139.731142,
            35.812228
          ],
          [
            139.731154,
            35.812227
          ],
          [
            139.731219,
            35.812229
          ],
          [
            139.731373,
            35.812242
          ],
          [
            139.731588,
            35.812261
          ],
          [
            139.731814,
            35.812282
          ],
          [
            139.732037,
            35.812317
          ],
          [
            139.732256,
            35.812356
          ],
          [
            139.732473,
            35.812384
          ],
          [
            139.73269,
            35.812411
          ],
          [
            139.732906,
            35.812442
          ],
          [
            139.733117,
            35.812474
          ],
          [
            139.73332,
            35.812507
          ],
          [
            139.733509,
            35.812531
          ],
          [
            139.73365,
            35.812545
          ],
          [
            139.733759,
            35.812555
          ],
          [
            139.733929,
            35.812563
          ],
          [
            139.734139,
            35.812561
          ],
          [
            139.734357,
            35.812555
          ],
          [
            139.734573,
            35.81255
          ],
          [
            139.734786,
            35.812533
          ],
          [
            139.735,
            35.812509
          ],
          [
            139.735216,
            35.812488
          ],
          [
            139.735431,
            35.812452
          ],
          [
            139.735646,
            35.812415
          ],
          [
            139.73586,
            35.812375
          ],
          [
            139.736073,
            35.81233
          ],
          [
            139.736285,
            35.812282
          ],
          [
            139.736497,
            35.812229
          ],
          [
            139.736711,
            35.812172
          ],
          [
            139.736927,
            35.812117
          ],
          [
            139.737144,
            35.812067
          ],
          [
            139.737357,
            35.812022
          ],
          [
            139.737571,
            35.811978
          ],
          [
            139.737778,
            35.81194
          ],
          [
            139.737944,
            35.811916
          ],
          [
            139.738092,
            35.811883
          ],
          [
            139.738283,
            35.811822
          ],
          [
            139.73848,
            35.811743
          ],
          [
            139.738516,
            35.811728
          ]
        ]
      },
      "properties": {
        "sport_type": "walk",
        "year": "2024",
        "city": "川口市",
        "city_status": "resolved"
      }
    },
    {
      "type": "Feature",
      "geometry": {
        "type": "LineString",
        "coordinates": [
          [
            139.739044,
            35.811975
          ],
          [
            139.739165,
            35.812161
          ],
          [
            139.739271,
            35.812331
          ],
          [
            139.739273,
            35.812463
          ],
          [
            139.739091,
            35.8125
          ],
          [
            139.738864,
            35.812537
          ],
          [
            139.738642,
            35.812589
          ],
          [
            139.73846,
            35.812658
          ],
          [
            139.73832,
            35.812702
          ],
          [
            139.738214,
            35.812591
          ],
          [
            139.738092,
            35.812477
          ],
          [
            139.73789,
            35.812486
          ],
          [
            139.737662,
            35.81254
          ],
          [
            139.737427,
            35.812607
          ],
          [
            139.737181,
            35.812661
          ],
          [
            139.736931,
            35.812715
          ],
          [
            139.736683,
            35.812769
          ],
          [
            139.736435,
            35.812812
          ],
          [
            139.736188,
            35.812864
          ],
          [
            139.735944,
            35.812926
          ],
          [
            139.735706,
            35.812988
          ],
          [
            139.735485,
            35.81301
          ],
          [
            139.735346,
            35.812914
          ],
          [
            139.735279,
            35.812731
          ],
          [
            139.735185,
            35.812569
          ],
          [
            139.734981,
            35.812518
          ],
          [
            139.734735,
            35.81253
          ],
          [
            139.734482,
            35.812544
          ],
          [
            139.734231,
            35.812538
          ],
          [
            139.733983,
            35.812525
          ],
          [
            139.733764,
            35.812517
          ],
          [
            139.733576,
            35.812502
          ],
          [
            139.733331,
            35.812473
          ],
          [
            139.73307,
            35.812436
          ],
          [
            139.732813,
            35.81239
          ],
          [
            139.732563,
            35.812342
          ],
          [
            139.732316,
            35.812309
          ],
          [
            139.732062,
            35.812277
          ],
          [
            139.731805,
            35.812246
          ],
          [
            139.731549,
            35.812216
          ],
          [
            139.731326,
            35.812197
          ],
          [
            139.731229,
            35.812202
          ],
          [
            139.731205,
            35.812199
          ],
          [
            139.731096,
            35.81217
          ],
          [
            139.730862,
            35.812124
          ],
          [
            139.730602,
            35.81208
          ],
          [
            139.730357,
            35.81204
          ],
          [
            139.73012,
            35.812004
          ],
          [
            139.729885,
            35.811974
          ],
          [
            139.729647,
            35.811952
          ],
          [
            139.729411,
            35.811928
          ],
          [
            139.729177,
            35.811899
          ],
          [
            139.728943,
            35.811857
          ],
          [
            139.728709,
            35.811807
          ],
          [
            139.728475,
            35.811766
          ],
          [
            139.728243,
            35.811728
          ],
          [
            139.728009,
            35.811692
          ],
          [
            139.727777,
            35.811657
          ],
          [
            139.727577,
            35.811627
          ],
          [
            139.727473,
            35.811621
          ],
          [
            139.727404,
            35.811659
          ],
          [
            139.727342,
            35.811792
          ],
          [
            139.72726,
            35.811981
          ],
          [
            139.727169,
            35.812176
          ],
          [
            139.727079,
            35.812367
          ],
          [
            139.726982,
            35.812545
          ],
          [
            139.726846,
            35.812679
          ],
          [
            139.726643,
            35.812715
          ],
          [
            139.726454,
            35.812755
          ],
          [
            139.726359,
            35.812903
          ],
          [
            139.726297,
            35.813085
          ],
          [
            139.726249,
            35.813269
          ],
          [
            139.726227,
            35.813443
          ],
          [
            139.726227,
            35.813613
          ],
          [
            139.726186,
            35.813792
          ],
          [
            139.726106,
            35.813971
          ],
          [
            139.726001,
            35.814146
          ],
          [
            139.725881,
            35.814314
          ],
          [
            139.725752,
            35.814478
          ],
          [
            139.725619,
            35.814642
          ],
          [
            139.725496,
            35.814807
          ],
          [
            139.725401,
            35.814984
          ],
          [
            139.7253,
            35.81516
          ],
          [
            139.725161,
            35.815316
          ],
          [
            139.725014,
            35.815466
          ],
          [
            139.724866,
            35.815627
          ],
          [
            139.72473,
            35.815792
          ],
          [
            139.724586,
            35.815952
          ],
          [
            139.724444,
            35.816105
          ],
          [
            139.724298,
            35.816258
          ],
          [
            139.724148,
            35.816416
          ],
          [
            139.724007,
            35.816576
          ],
          [
            139.723869,
            35.816729
          ],
          [
            139.72374,
            35.816835
          ],
          [
            139.723638,
            35.816824
          ],
          [
            139.723596,
            35.816674
          ],
          [
            139.723584,
            35.816471
          ],
          [
            139.723508,
            35.816276
          ],
          [
            139.72331,
            35.816158
          ],
          [
            139.723068,
            35.816103
          ],
          [
            139.722824,
            35.816063
          ],
          [
            139.722586,
            35.81603
          ],
          [
            139.722356,
            35.816006
          ],
          [
            139.722126,
            35.815982
          ],
          [
            139.721894,
            35.815959
          ],
          [
            139.721663,
            35.815937
          ],
          [
            139.721436,
            35.815914
          ],
          [
            139.721202,
            35.815891
          ],
          [
            139.720964,
            35.815869
          ],
          [
            139.720723,
            35.815849
          ],
          [
            139.720479,
            35.815827
          ],
          [
            139.720232,
            35.815806
          ],
          [
            139.719982,
            35.815786
          ],
          [
            139.719726,
            35.815766
          ],
          [
            139.719465,
            35.815735
          ],
          [
            139.719209,
            35.815705
          ],
          [
            139.718958,
            35.815674
          ],
          [
            139.718714,
            35.815647
          ],
          [
            139.718486,
            35.815633
          ],
          [
            139.718332,
            35.815642
          ],
          [
            139.718307,
            35.815651
          ],
          [
            139.718316,
            35.815651
          ],
          [
            139.718307,
            35.815649
          ],
          [
            139.718214,
            35.815639
          ],
          [
            139.717998,
            35.815621
          ],
          [
            139.717753,
            35.815607
          ],
          [
            139.71752,
            35.815589
          ],
          [
            139.717315,
            35.815577
          ],
          [
            139.717208,
            35.815572
          ],
          [
            139.717173,
            35.815563
          ],
          [
            139.717049,
            35.815553
          ],
          [
            139.716844,
            35.815542
          ],
          [
            139.716615,
            35.815552
          ]
        ]
      },
      "properties": {
        "sport_type": "walk",
        "year": "2024",
        "city": "川口市",
        "city_status": "resolved"
      }
    },
    {
      "type": "Feature",
      "geometry": {
        "type": "LineString",
        "coordinates": [
          [
            139.699472,
            35.80626
          ],
          [
            139.698807,
            35.806389
          ],
          [
            139.698186,
            35.806519
          ],
          [
            139.697588,
            35.806616
          ],
          [
            139.696952,
            35.806727
          ],
          [
            139.696478,
            35.806808
          ],
          [
            139.695851,
            35.807009
          ],
          [
            139.695226,
            35.807303
          ],
          [
            139.694697,
            35.807636
          ],
          [
            139.694168,
            35.807974
          ],
          [
            139.693687,
            35.808267
          ],
          [
            139.693233,
            35.808604
          ],
          [
            139.693242,
            35.808414
          ],
          [
            139.692849,
            35.807916
          ],
          [
            139.692489,
            35.80746
          ],
          [
            139.692531,
            35.807056
          ],
          [
            139.692971,
            35.806984
          ],
          [
            139.693012,
            35.806833
          ],
          [
            139.692949,
            35.80629
          ],
          [
            139.692807,
            35.805779
          ],
          [
            139.692674,
            35.805238
          ],
          [
            139.692559,
            35.804699
          ],
          [
            139.692448,
            35.804161
          ],
          [
            139.69236,
            35.803667
          ],
          [
            139.692231,
            35.803123
          ],
          [
            139.692112,
            35.802593
          ],
          [
            139.692006,
            35.802082
          ],
          [
            139.691949,
            35.801903
          ],
          [
            139.691933,
            35.801696
          ],
          [
            139.691928,
            35.801693
          ],
          [
            139.692101,
            35.801664
          ],
          [
            139.692694,
            35.801649
          ],
          [
            139.693272,
            35.801563
          ],
          [
            139.693824,
            35.80148
          ],
          [
            139.694102,
            35.801422
          ],
          [
            139.694133,
            35.801421
          ],
          [
            139.694725,
            35.801352
          ],
          [
            139.695285,
            35.801255
          ],
          [
            139.695878,
            35.80116
          ]
        ]
      },
      "properties": {
        "sport_type": "walk",
        "year": "2024",
        "city": "川口市",
        "city_status": "resolved"
      }
    },
    {
      "type": "Feature",
      "geometry": {
        "type": "LineString",
        "coordinates": [
          [
            139.706022,
            35.799378
          ],
          [
            139.706618,
            35.799198
          ],
          [
            139.707226,
            35.799002
          ],
          [
            139.707856,
            35.798827
          ],
          [
            139.708456,
            35.798629
          ],
          [
            139.70903,
            35.798418
          ],
          [
            139.70963,
            35.798223
          ],
          [
            139.710231,
            35.798038
          ],
          [
            139.71079,
            35.797854
          ],
          [
            139.711365,
            35.797649
          ],
          [
            139.71192,
            35.797477
          ],
          [
            139.712505,
            35.797264
          ],
          [
            139.713077,
            35.797067
          ],
          [
            139.713652,
            35.796919
          ],
          [
            139.714245,
            35.796848
          ],
          [
            139.714853,
            35.796797
          ],
          [
            139.715448,
            35.796721
          ],
          [
            139.716043,
            35.796622
          ],
          [
            139.716677,
            35.79661
          ],
          [
            139.717085,
            35.79673
          ],
          [
            139.717153,
            35.797239
          ],
          [
            139.717228,
            35.797782
          ],
          [
            139.71733,
            35.798329
          ],
          [
            139.717349,
            35.798804
          ]
        ]
      },
      "properties": {
        "sport_type": "walk",
        "year": "2024",
        "city": "川口市",
        "city_status": "resolved"
      }
    },
    {
      "type": "Feature",
      "geometry": {
        "type": "LineString",
        "coordinates": [
          [
            139.720026,
            35.799335
          ],
          [
            139.720119,
            35.79923
          ],
          [
            139.720122,
            35.799214
          ],
          [
            139.720136,
            35.799205
          ],
          [
            139.720136,
            35.799219
          ],
          [
            139.720252,
            35.799104
          ],
          [
            139.720222,
            35.79869
          ],
          [
            139.720182,
            35.798316
          ],
          [
            139.719865,
            35.797987
          ],
          [
            139.71947,
            35.798062
          ],
          [
            139.719347,
            35.798492
          ],
          [
            139.719236,
            35.798702
          ],
          [
            139.719313,
            35.799096
          ]
        ]
      },
      "properties": {
        "sport_type": "walk",
        "year": "2024",
        "city": "川口市",
        "city_status": "resolved"
      }
    },
    {
      "type": "Feature",
      "geometry": {
        "type": "LineString",
        "coordinates": [
          [
            139.71656,
            35.807865
          ],
          [
            139.716317,
            35.808333
          ],
          [
            139.715995,
            35.80878
          ],
          [
            139.715605,
            35.809215
          ],
          [
            139.715255,
            35.809666
          ],
          [
            139.714945,
            35.810096
          ],
          [
            139.714767,
            35.810352
          ],
          [
            139.714456,
            35.81079
          ],
          [
            139.714126,
            35.811221
          ],
          [
            139.713813,
            35.811618
          ],
          [
            139.713474,
            35.812079
          ],
          [
            139.713157,
            35.812548
          ],
          [
            139.71287,
            35.812976
          ],
          [
            139.712758,
            35.81345
          ]
        ]
      },
      "properties": {
        "sport_type": "walk",
        "year": "2024",
        "city": "川口市",
        "city_status": "resolved"
      }
    },
    {
      "type": "Feature",
      "geometry": {
        "type": "LineString",
        "coordinates": [
          [
            139.715956,
            35.814461
          ],
          [
            139.716117,
            35.81435
          ],
          [
            139.716272,
            35.814242
          ],
          [
            139.716427,
            35.814136
          ],
          [
            139.716581,
            35.814031
          ],
          [
            139.716732,
            35.813929
          ],
          [
            139.716893,
            35.813826
          ],
          [
            139.717041,
            35.813726
          ],
          [
            139.717183,
            35.813636
          ],
          [
            139.717324,
            35.813538
          ],
          [
            139.717483,
            35.813433
          ],
          [
            139.717645,
            35.813325
          ],
          [
            139.717791,
            35.813231
          ],
          [
            139.717872,
            35.813111
          ],
          [
            139.717924,
            35.812956
          ],
          [
            139.717981,
            35.812786
          ],
          [
            139.71805,
            35.812618
          ],
          [
            139.718109,
            35.812462
          ],
          [
            139.718164,
            35.812305
          ],
          [
            139.718222,
            35.81215
          ],
          [
            139.718264,
            35.811998
          ],
          [
            139.718303,
            35.811851
          ],
          [
            139.718358,
            35.811713
          ],
          [
            139.718403,
            35.81161
          ],
          [
            139.718428,
            35.811473
          ],
          [
            139.71845,
            35.811315
          ],
          [
            139.718478,
            35.811149
          ],
          [
            139.718534,
            35.81099
          ],
          [
            139.718639,
            35.81088
          ],
          [
            139.718812,
            35.810855
          ],
          [
            139.719011,
            35.810861
          ],
          [
            139.719186,
            35.81084
          ],
          [
            139.719316,
            35.8108
          ],
          [
            139.719482,
            35.81077
          ],
          [
            139.71967,
            35.810757
          ],
          [
            139.719871,
            35.810755
          ],
          [
            139.720082,
            35.810765
          ],
          [
            139.720299,
            35.810784
          ],
          [
            139.720511,
            35.810797
          ],
          [
            139.720719,
            35.810799
          ],
          [
            139.720927,
            35.810806
          ],
          [
            139.721135,
            35.810821
          ],
          [
            139.721343,
            35.810842
          ],
          [
            139.721542,
            35.810864
          ],
          [
            139.721742,
            35.810889
          ],
          [
            139.721954,
            35.810922
          ],
          [
            139.72217,
            35.810966
          ],
          [
            139.722386,
            35.811001
          ],
          [
            139.7226,
            35.811032
          ],
          [
            139.722808,
            35.811063
          ],
          [
            139.723006,
            35.811088
          ],
          [
            139.723206,
            35.811113
          ],
          [
            139.723419,
            35.811141
          ],
          [
            139.723632,
            35.811166
          ],
          [
            139.723843,
            35.811194
          ],
          [
            139.724064,
            35.811218
          ],
          [
            139.724284,
            35.81125
          ],
          [
            139.724491,
            35.81128
          ],
          [
            139.724645,
            35.811302
          ],
          [
            139.724698,
            35.811317
          ],
          [
            139.724713,
            35.811325
          ],
          [
            139.72479,
            35.811334
          ],
          [
            139.724969,
            35.811349
          ],
          [
            139.725189,
            35.81137
          ],
          [
            139.725401,
            35.811394
          ],
          [
            139.725604,
            35.811425
          ],
          [
            139.725817,
            35.811457
          ],
          [
            139.726032,
            35.811494
          ],
          [
            139.726243,
            35.811529
          ],
          [
            139.726443,
            35.811555
          ],
          [
            139.726641,
            35.811583
          ],
          [
            139.726858,
            35.811616
          ],
          [
            139.727079,
            35.811647
          ],
          [
            139.727284,
            35.811676
          ],
          [
            139.727435,
            35.811703
          ],
          [
            139.72757,
            35.811725
          ],
          [
            139.727741,
            35.811746
          ],
          [
            139.727944,
            35.811774
          ],
          [
            139.728163,
            35.811801
          ],
          [
            139.728339,
            35.81183
          ],
          [
            139.72845,
            35.811844
          ],
          [
            139.728594,
            35.811856
          ],
          [
            139.728784,
            35.811883
          ],
          [
            139.728992,
            35.811924
          ],
          [
            139.729206,
            35.811961
          ],
          [
            139.729409,
            35.811991
          ],
          [
            139.729601,
            35.812017
          ],
          [
            139.72979,
            35.812043
          ],
          [
            139.729983,
            35.812072
          ],
          [
            139.730177,
            35.812098
          ],
          [
            139.730375,
            35.81212
          ],
          [
            139.730574,
            35.81214
          ],
          [
            139.730773,
            35.812155
          ],
          [
            139.730965,
            35.812161
          ],
          [
            139.731119,
            35.812146
          ],
          [
            139.731174,
            35.812116
          ],
          [
            139.731196,
            35.812098
          ],
          [
            139.731248,
            35.812051
          ],
          [
            139.731283,
            35.811916
          ],
          [
            139.731294,
            35.811739
          ],
          [
            139.731299,
            35.811572
          ],
          [
            139.7313,
            35.811404
          ],
          [
            139.731316,
            35.811237
          ],
          [
            139.731353,
            35.811066
          ],
          [
            139.731398,
            35.810895
          ],
          [
            139.73144,
            35.810729
          ],
          [
            139.73145,
            35.810565
          ],
          [
            139.731473,
            35.810437
          ],
          [
            139.731605,
            35.81038
          ],
          [
            139.731793,
            35.810347
          ],
          [
            139.73197,
            35.810302
          ],
          [
            139.732058,
            35.810211
          ],
          [
            139.732021,
            35.810141
          ],
          [
            139.731999,
            35.810125
          ],
          [
            139.731999,
            35.810128
          ],
          [
            139.732039,
            35.810143
          ],
          [
            139.73213,
            35.810172
          ],
          [
            139.732268,
            35.810197
          ],
          [
            139.732444,
            35.810203
          ],
          [
            139.732648,
            35.810193
          ],
          [
            139.732856,
            35.810169
          ],
          [
            139.733059,
            35.810139
          ],
          [
            139.733255,
            35.810108
          ],
          [
            139.733441,
            35.810077
          ],
          [
            139.733628,
            35.810052
          ],
          [
            139.733813,
            35.810025
          ],
          [
            139.733997,
            35.809999
          ],
          [
            139.73418,
            35.809976
          ],
          [
            139.734344,
            35.809976
          ],
          [
            139.734478,
            35.809991
          ],
          [
            139.734639,
            35.809955
          ],
          [
            139.73482,
            35.809919
          ],
          [
            139.735006,
            35.809888
          ],
          [
            139.735192,
            35.809862
          ],
          [
            139.735382,
            35.809832
          ],
          [
            139.735424,
            35.809825
          ]
        ]
      },
      "properties": {
        "sport_type": "walk",
        "year": "2025",
        "city": "川口市",
        "city_status": "resolved"
      }
    },
    {
      "type": "Feature",
      "geometry": {
        "type": "LineString",
        "coordinates": [
          [
            140.144248,
            37.539871
          ],
          [
            140.144579,
            37.539671
          ],
          [
            140.144754,
            37.539527
          ],
          [
            140.145064,
            37.539264
          ],
          [
            140.145335,
            37.538953
          ],
          [
            140.145586,
            37.53865
          ],
          [
            140.145754,
            37.538411
          ],
          [
            140.14589,
            37.538068
          ],
          [
            140.146022,
            37.537708
          ],
          [
            140.146094,
            37.537316
          ],
          [
            140.146076,
            37.536928
          ],
          [
            140.14607,
            37.536564
          ],
          [
            140.146064,
            37.536205
          ],
          [
            140.146064,
            37.535833
          ],
          [
            140.146062,
            37.535466
          ],
          [
            140.146075,
            37.535097
          ],
          [
            140.146086,
            37.53473
          ],
          [
            140.14609,
            37.534351
          ],
          [
            140.146087,
            37.533979
          ],
          [
            140.146093,
            37.533602
          ],
          [
            140.146098,
            37.533242
          ],
          [
            140.146105,
            37.532938
          ],
          [
            140.146113,
            37.532562
          ],
          [
            140.146102,
            37.532196
          ],
          [
            140.146112,
            37.531837
          ],
          [
            140.146113,
            37.531477
          ],
          [
            140.146056,
            37.531117
          ],
          [
            140.145927,
            37.530804
          ],
          [
            140.145724,
            37.530474
          ],
          [
            140.14551,
            37.530161
          ],
          [
            140.145262,
            37.529917
          ],
          [
            140.145309,
            37.529655
          ],
          [
            140.145131,
            37.529317
          ],
          [
            140.145,
            37.528981
          ],
          [
            140.144957,
            37.528622
          ],
          [
            140.144911,
            37.528252
          ],
          [
            140.144911,
            37.527907
          ],
          [
            140.144918,
            37.527548
          ],
          [
            140.144855,
            37.527226
          ],
          [
            140.144838,
            37.526889
          ],
          [
            140.144744,
            37.526476
          ],
          [
            140.144796,
            37.526183
          ],
          [
            140.144705,
            37.525838
          ],
          [
            140.144577,
            37.525483
          ],
          [
            140.14437,
            37.525158
          ],
          [
            140.14411,
            37.524846
          ],
          [
            140.143837,
            37.524536
          ],
          [
            140.143572,
            37.524221
          ],
          [
            140.143323,
            37.523909
          ],
          [
            140.143077,
            37.52359
          ],
          [
            140.142884,
            37.523243
          ],
          [
            140.142501,
            37.523124
          ],
          [
            140.142071,
            37.523261
          ],
          [
            140.141628,
            37.523385
          ],
          [
            140.141319,
            37.52339
          ],
          [
            140.141196,
            37.523455
          ],
          [
            140.141178,
            37.52339
          ],
          [
            140.1411,
            37.523419
          ],
          [
            140.141101,
            37.523419
          ],
          [
            140.141101,
            37.523419
          ],
          [
            140.141087,
            37.523391
          ],
          [
            140.140971,
            37.523423
          ],
          [
            140.14113,
            37.523393
          ],
          [
            140.141433,
            37.523386
          ],
          [
            140.141653,
            37.523386
          ],
          [
            140.141441,
            37.523401
          ],
          [
            140.141489,
            37.523388
          ],
          [
            140.141505,
            37.523385
          ],
          [
            140.141864,
            37.523334
          ],
          [
            140.1423,
            37.523205
          ],
          [
            140.142756,
            37.5231
          ],
          [
            140.142864,
            37.522743
          ],
          [
            140.142945,
            37.522365
          ],
          [
            140.143039,
            37.521994
          ],
          [
            140.143121,
            37.521606
          ],
          [
            140.143226,
            37.521219
          ],
          [
            140.143333,
            37.520844
          ],
          [
            140.143414,
            37.52048
          ],
          [
            140.143497,
            37.520113
          ],
          [
            140.143576,
            37.519728
          ],
          [
            140.143657,
            37.519363
          ],
          [
            140.143719,
            37.518983
          ],
          [
            140.143793,
            37.51861
          ],
          [
            140.143721,
            37.518279
          ],
          [
            140.14379,
            37.517924
          ],
          [
            140.143843,
            37.517566
          ],
          [
            140.143886,
            37.5172
          ],
          [
            140.144002,
            37.516837
          ],
          [
            140.144076,
            37.51647
          ],
          [
            140.14417,
            37.516112
          ],
          [
            140.144125,
            37.515754
          ],
          [
            140.143673,
            37.515765
          ],
          [
            140.143608,
            37.51577
          ],
          [
            140.14362,
            37.515757
          ],
          [
            140.143801,
            37.515785
          ],
          [
            140.144011,
            37.515783
          ],
          [
            140.144316,
            37.515628
          ],
          [
            140.144418,
            37.515246
          ],
          [
            140.144505,
            37.514891
          ],
          [
            140.144633,
            37.514568
          ],
          [
            140.144733,
            37.51425
          ],
          [
            140.144898,
            37.513905
          ],
          [
            140.144982,
            37.513731
          ],
          [
            140.145047,
            37.51342
          ],
          [
            140.145097,
            37.51311
          ],
          [
            140.145029,
            37.512755
          ],
          [
            140.14497,
            37.512379
          ],
          [
            140.144959,
            37.512094
          ],
          [
            140.144973,
            37.511729
          ],
          [
            140.14503,
            37.511368
          ],
          [
            140.145077,
            37.511019
          ],
          [
            140.145162,
            37.510676
          ],
          [
            140.145284,
            37.51033
          ],
          [
            140.145441,
            37.509976
          ],
          [
            140.14559,
            37.509614
          ],
          [
            140.145779,
            37.509262
          ],
          [
            140.146024,
            37.508949
          ],
          [
            140.146242,
            37.508631
          ],
          [
            140.146407,
            37.508297
          ],
          [
            140.14651,
            37.507965
          ],
          [
            140.146557,
            37.507738
          ],
          [
            140.146637,
            37.507618
          ],
          [
            140.146761,
            37.507353
          ],
          [
            140.146877,
            37.50711
          ],
          [
            140.147051,
            37.506768
          ],
          [
            140.147223,
            37.506386
          ],
          [
            140.147213,
            37.505977
          ],
          [
            140.147164,
            37.505575
          ],
          [
            140.147087,
            37.505215
          ],
          [
            140.147017,
            37.504982
          ],
          [
            140.146679,
            37.504729
          ],
          [
            140.146407,
            37.504497
          ],
          [
            140.146257,
            37.50422
          ],
          [
            140.146211,
            37.503844
          ],
          [
            140.14619,
            37.503467
          ],
          [
            140.146236,
            37.503124
          ],
          [
            140.146342,
            37.502748
          ],
          [
            140.146139,
            37.502625
          ],
          [
            140.14613,
            37.502727
          ],
          [
            140.146086,
            37.502722
          ],
          [
            140.146097,
            37.502704
          ],
          [
            140.146187,
            37.502714
          ],
          [
            140.146228,
            37.502708
          ],
          [
            140.146104,
            37.502637
          ],
          [
            140.14595,
            37.502566
          ],
          [
            140.146154,
            37.502416
          ],
          [
            140.146211,
            37.5022
          ],
          [
            140.146079,
            37.502034
          ],
          [
            140.146357,
            37.501698
          ],
          [
            140.146493,
            37.501341
          ],
          [
            140.14643,
            37.501134
          ]
        ]
      },
      "properties": {
        "sport_type": "walk",
        "year": "2025",
        "city": "猪苗代町",
        "city_status": "resolved"
      }
    },
    {
      "type": "Feature",
      "geometry": {
        "type": "LineString",
        "coordinates": [
          [
            139.717277,
            35.82004
          ],
          [
            139.717281,
            35.819852
          ],
          [
            139.717286,
            35.819669
          ],
          [
            139.717293,
            35.819489
          ],
          [
            139.717297,
            35.81931
          ],
          [
            139.717305,
            35.819134
          ],
          [
            139.717311,
            35.818961
          ],
          [
            139.717313,
            35.818788
          ],
          [
            139.717311,
            35.818614
          ],
          [
            139.71731,
            35.818442
          ],
          [
            139.717315,
            35.818275
          ],
          [
            139.717314,
            35.818121
          ],
          [
            139.717324,
            35.817975
          ],
          [
            139.717341,
            35.817813
          ],
          [
            139.717372,
            35.817645
          ],
          [
            139.717426,
            35.817476
          ],
          [
            139.717495,
            35.817309
          ],
          [
            139.717564,
            35.817138
          ],
          [
            139.717635,
            35.816967
          ],
          [
            139.71771,
            35.816795
          ],
          [
            139.717782,
            35.816618
          ],
          [
            139.717848,
            35.81644
          ],
          [
            139.71792,
            35.816261
          ],
          [
            139.717999,
            35.816084
          ],
          [
            139.718075,
            35.81591
          ],
          [
            139.718116,
            35.815747
          ],
          [
            139.718019,
            35.815638
          ],
          [
            139.717809,
            35.815606
          ],
          [
            139.717578,
            35.815597
          ],
          [
            139.717346,
            35.815592
          ],
          [
            139.717113,
            35.815582
          ],
          [
            139.716886,
            35.815572
          ],
          [
            139.716665,
            35.815563
          ]
        ]
      },
      "properties": {
        "sport_type": "walk",
        "year": "2025",
        "city": "川口市",
        "city_status": "resolved"
      }
    },
    {
      "type": "Feature",
      "geometry": {
        "type": "LineString",
        "coordinates": [
          [
            139.753276,
            35.672114
          ],
          [
            139.753467,
            35.672118
          ],
          [
            139.753661,
            35.672083
          ],
          [
            139.753863,
            35.672049
          ],
          [
            139.754075,
            35.672046
          ],
          [
            139.754284,
            35.672086
          ],
          [
            139.754487,
            35.672161
          ],
          [
            139.754681,
            35.672249
          ]
        ]
      },
      "properties": {
        "sport_type": "walk",
        "year": "2025",
        "city": "港区",
        "city_status": "resolved"
      }
    },
    {
      "type": "Feature",
      "geometry": {
        "type": "LineString",
        "coordinates": [
          [
            139.259328,
            35.635154
          ],
          [
            139.259398,
            35.635191
          ],
          [
            139.259471,
            35.635224
          ],
          [
            139.259541,
            35.635252
          ],
          [
            139.259612,
            35.63528
          ],
          [
            139.259687,
            35.635301
          ],
          [
            139.259763,
            35.635314
          ],
          [
            139.259842,
            35.635319
          ],
          [
            139.25992,
            35.635332
          ],
          [
            139.26,
            35.635353
          ],
          [
            139.26008,
            35.635379
          ],
          [
            139.260163,
            35.635402
          ],
          [
            139.260244,
            35.635424
          ],
          [
            139.260324,
            35.635439
          ],
          [
            139.260412,
            35.635461
          ],
          [
            139.260499,
            35.635485
          ],
          [
            139.26058,
            35.635505
          ],
          [
            139.260659,
            35.635516
          ],
          [
            139.260715,
            35.635486
          ],
          [
            139.26067,
            35.635436
          ],
          [
            139.260607,
            35.635398
          ],
          [
            139.260545,
            35.63536
          ],
          [
            139.26048,
            35.635318
          ],
          [
            139.260418,
            35.635274
          ],
          [
            139.260352,
            35.635235
          ],
          [
            139.260293,
            35.635192
          ],
          [
            139.260233,
            35.635149
          ],
          [
            139.260168,
            35.635105
          ],
          [
            139.260103,
            35.635058
          ],
          [
            139.260034,
            35.635027
          ],
          [
            139.259997,
            35.634984
          ],
          [
            139.26005,
            35.634984
          ],
          [
            139.260104,
            35.635027
          ],
          [
            139.260161,
            35.635062
          ],
          [
            139.260225,
            35.635084
          ],
          [
            139.260294,
            35.635094
          ],
          [
            139.260367,
            35.635106
          ],
          [
            139.26044,
            35.635116
          ],
          [
            139.260518,
            35.63512
          ],
          [
            139.260596,
            35.635131
          ],
          [
            139.260674,
            35.635138
          ],
          [
            139.260754,
            35.635123
          ],
          [
            139.260831,
            35.63511
          ],
          [
            139.260914,
            35.635089
          ],
          [
            139.260997,
            35.635074
          ],
          [
            139.261081,
            35.635066
          ],
          [
            139.261167,
            35.635054
          ],
          [
            139.261249,
            35.635034
          ],
          [
            139.261321,
            35.635003
          ],
          [
            139.261375,
            35.634966
          ],
          [
            139.261329,
            35.634954
          ],
          [
            139.261245,
            35.634928
          ],
          [
            139.261166,
            35.634894
          ],
          [
            139.261089,
            35.634856
          ],
          [
            139.261012,
            35.634815
          ],
          [
            139.260927,
            35.634791
          ],
          [
            139.260845,
            35.634767
          ],
          [
            139.260762,
            35.634751
          ],
          [
            139.260683,
            35.63473
          ],
          [
            139.260609,
            35.634702
          ],
          [
            139.260542,
            35.634662
          ],
          [
            139.260473,
            35.634627
          ],
          [
            139.260405,
            35.634597
          ],
          [
            139.260341,
            35.63456
          ],
          [
            139.260278,
            35.63452
          ],
          [
            139.260225,
            35.634473
          ],
          [
            139.260176,
            35.634424
          ],
          [
            139.260148,
            35.634371
          ],
          [
            139.260137,
            35.634332
          ],
          [
            139.26015,
            35.634294
          ],
          [
            139.260216,
            35.634324
          ],
          [
            139.260251,
            35.634398
          ],
          [
            139.260276,
            35.634471
          ],
          [
            139.260323,
            35.634521
          ],
          [
            139.260385,
            35.634548
          ],
          [
            139.260455,
            35.634561
          ],
          [
            139.260526,
            35.634557
          ],
          [
            139.260596,
            35.634545
          ],
          [
            139.260666,
            35.634528
          ],
          [
            139.260731,
            35.634505
          ],
          [
            139.260809,
            35.634495
          ],
          [
            139.260891,
            35.634487
          ],
          [
            139.260971,
            35.634475
          ],
          [
            139.261047,
            35.634467
          ],
          [
            139.26112,
            35.634458
          ],
          [
            139.261194,
            35.634451
          ],
          [
            139.261257,
            35.634427
          ],
          [
            139.261308,
            35.634386
          ],
          [
            139.261365,
            35.634339
          ],
          [
            139.261427,
            35.634295
          ],
          [
            139.261486,
            35.634245
          ],
          [
            139.261547,
            35.634193
          ],
          [
            139.261603,
            35.634137
          ],
          [
            139.261662,
            35.634087
          ],
          [
            139.261726,
            35.634039
          ],
          [
            139.26179,
            35.633991
          ],
          [
            139.261868,
            35.633958
          ],
          [
            139.261957,
            35.633927
          ],
          [
            139.262036,
            35.633893
          ],
          [
            139.262114,
            35.633855
          ],
          [
            139.262188,
            35.63382
          ],
          [
            139.26226,
            35.633784
          ],
          [
            139.262331,
            35.633745
          ],
          [
            139.262409,
            35.633712
          ],
          [
            139.26249,
            35.633675
          ],
          [
            139.262565,
            35.633634
          ],
          [
            139.262646,
            35.633602
          ],
          [
            139.262726,
            35.633566
          ],
          [
            139.262808,
            35.633527
          ],
          [
            139.26289,
            35.633497
          ],
          [
            139.26298,
            35.633472
          ],
          [
            139.263069,
            35.633454
          ],
          [
            139.263158,
            35.633449
          ],
          [
            139.263241,
            35.633439
          ],
          [
            139.263317,
            35.633421
          ],
          [
            139.263392,
            35.633391
          ],
          [
            139.263464,
            35.633353
          ],
          [
            139.263543,
            35.633328
          ],
          [
            139.263621,
            35.6333
          ],
          [
            139.263697,
            35.633268
          ],
          [
            139.263776,
            35.633238
          ],
          [
            139.263859,
            35.63321
          ],
          [
            139.263951,
            35.633191
          ],
          [
            139.264042,
            35.633181
          ],
          [
            139.264129,
            35.633173
          ],
          [
            139.264211,
            35.633155
          ],
          [
            139.26429,
            35.633127
          ],
          [
            139.264364,
            35.633095
          ],
          [
            139.264433,
            35.633061
          ],
          [
            139.264505,
            35.633031
          ],
          [
            139.264585,
            35.633009
          ],
          [
            139.264669,
            35.632988
          ],
          [
            139.264751,
            35.632959
          ],
          [
            139.264833,
            35.632928
          ],
          [
            139.264919,
            35.632906
          ],
          [
            139.265002,
            35.632881
          ],
          [
            139.265086,
            35.632849
          ],
          [
            139.26518,
            35.632804
          ],
          [
            139.265263,
            35.632766
          ],
          [
            139.265344,
            35.632727
          ],
          [
            139.265426,
            35.632689
          ],
          [
            139.265509,
            35.632658
          ],
          [
            139.265586,
            35.632616
          ],
          [
            139.26566,
            35.632572
          ],
          [
            139.265738,
            35.632529
          ],
          [
            139.265816,
            35.632488
          ],
          [
            139.265886,
            35.632436
          ],
          [
            139.265934,
            35.632394
          ]
        ]
      },
      "properties": {
        "sport_type": "walk",
        "year": "2025",
        "city": "八王子市",
        "city_status": "resolved"
      }
    },
    {
      "type": "Feature",
      "geometry": {
        "type": "LineString",
        "coordinates": [
          [
            139.716497,
            35.818704
          ],
          [
            139.716636,
            35.818707
          ],
          [
            139.716774,
            35.818712
          ],
          [
            139.716914,
            35.818723
          ],
          [
            139.717057,
            35.818735
          ],
          [
            139.717194,
            35.81873
          ],
          [
            139.71729,
            35.81868
          ],
          [
            139.717327,
            35.818575
          ],
          [
            139.717337,
            35.818453
          ],
          [
            139.717334,
            35.818329
          ],
          [
            139.717309,
            35.818212
          ],
          [
            139.717232,
            35.818132
          ],
          [
            139.717107,
            35.818087
          ],
          [
            139.716971,
            35.818059
          ],
          [
            139.716836,
            35.818054
          ],
          [
            139.716699,
            35.81805
          ],
          [
            139.716559,
            35.818042
          ]
        ]
      },
      "properties": {
        "sport_type": "walk",
        "year": "2025",
        "city": "川口市",
        "city_status": "resolved"
      }
    },
    {
      "type": "Feature",
      "geometry": {
        "type": "LineString",
        "coordinates": [
          [
            139.720661,
            35.7936
          ],
          [
            139.720903,
            35.793571
          ],
          [
            139.721163,
            35.793558
          ],
          [
            139.721436,
            35.79354
          ],
          [
            139.7217,
            35.793523
          ],
          [
            139.721977,
            35.793499
          ],
          [
            139.722228,
            35.793471
          ],
          [
            139.722274,
            35.79364
          ],
          [
            139.722333,
            35.793833
          ],
          [
            139.72235,
            35.794046
          ],
          [
            139.722327,
            35.794279
          ],
          [
            139.72224,
            35.794434
          ],
          [
            139.721962,
            35.79444
          ],
          [
            139.72169,
            35.79448
          ],
          [
            139.72142,
            35.794495
          ],
          [
            139.721245,
            35.794537
          ],
          [
            139.721029,
            35.794656
          ],
          [
            139.720753,
            35.794726
          ],
          [
            139.720457,
            35.794761
          ],
          [
            139.720198,
            35.794797
          ],
          [
            139.719945,
            35.794815
          ],
          [
            139.719682,
            35.794819
          ],
          [
            139.719413,
            35.794835
          ],
          [
            139.719145,
            35.794855
          ],
          [
            139.718881,
            35.794885
          ],
          [
            139.718689,
            35.794983
          ],
          [
            139.718687,
            35.795195
          ],
          [
            139.718631,
            35.79543
          ],
          [
            139.718508,
            35.795655
          ],
          [
            139.71838,
            35.795868
          ],
          [
            139.718334,
            35.7961
          ],
          [
            139.718296,
            35.796301
          ],
          [
            139.718049,
            35.796368
          ],
          [
            139.717681,
            35.796401
          ],
          [
            139.717332,
            35.796434
          ],
          [
            139.717007,
            35.796463
          ],
          [
            139.716694,
            35.79649
          ],
          [
            139.716387,
            35.796513
          ],
          [
            139.716082,
            35.796536
          ],
          [
            139.715778,
            35.796562
          ],
          [
            139.715474,
            35.796591
          ],
          [
            139.715173,
            35.796617
          ],
          [
            139.714877,
            35.796652
          ],
          [
            139.714592,
            35.79669
          ],
          [
            139.714317,
            35.796718
          ],
          [
            139.714038,
            35.796731
          ],
          [
            139.713756,
            35.796758
          ],
          [
            139.71351,
            35.796844
          ],
          [
            139.713245,
            35.796935
          ],
          [
            139.712969,
            35.79703
          ],
          [
            139.712696,
            35.797135
          ],
          [
            139.712418,
            35.797235
          ],
          [
            139.712141,
            35.797338
          ],
          [
            139.711872,
            35.797439
          ],
          [
            139.711604,
            35.797531
          ],
          [
            139.711344,
            35.797615
          ],
          [
            139.711097,
            35.797696
          ],
          [
            139.710837,
            35.797785
          ],
          [
            139.710561,
            35.797872
          ],
          [
            139.710278,
            35.797964
          ],
          [
            139.70998,
            35.798062
          ],
          [
            139.709689,
            35.798159
          ],
          [
            139.709403,
            35.798248
          ],
          [
            139.709118,
            35.798337
          ],
          [
            139.70884,
            35.798428
          ],
          [
            139.708566,
            35.798522
          ],
          [
            139.708289,
            35.798612
          ],
          [
            139.708007,
            35.798704
          ],
          [
            139.707725,
            35.798795
          ],
          [
            139.707447,
            35.798885
          ],
          [
            139.707169,
            35.798976
          ],
          [
            139.706894,
            35.799071
          ],
          [
            139.706619,
            35.799163
          ],
          [
            139.706339,
            35.799257
          ],
          [
            139.706053,
            35.799349
          ]
        ]
      },
      "properties": {
        "sport_type": "walk",
        "year": "2025",
        "city": "北区",
        "city_status": "resolved"
      }
    },
    {
      "type": "Feature",
      "geometry": {
        "type": "LineString",
        "coordinates": [
          [
            139.702509,
            35.80285
          ],
          [
            139.702458,
            35.803092
          ],
          [
            139.702427,
            35.803331
          ],
          [
            139.702404,
            35.803568
          ],
          [
            139.702387,
            35.803804
          ],
          [
            139.702383,
            35.804036
          ],
          [
            139.702385,
            35.804259
          ],
          [
            139.702372,
            35.804482
          ],
          [
            139.702357,
            35.804708
          ],
          [
            139.702347,
            35.804944
          ],
          [
            139.702346,
            35.805181
          ]
        ]
      },
      "properties": {
        "sport_type": "walk",
        "year": "2025",
        "city": "川口市",
        "city_status": "resolved"
      }
    },
    {
      "type": "Feature",
      "geometry": {
        "type": "LineString",
        "coordinates": [
          [
            139.702393,
            35.810635
          ],
          [
            139.702396,
            35.810861
          ],
          [
            139.702403,
            35.811084
          ],
          [
            139.702425,
            35.811314
          ],
          [
            139.702447,
            35.811549
          ]
        ]
      },
      "properties": {
        "sport_type": "walk",
        "year": "2025",
        "city": "川口市",
        "city_status": "resolved"
      }
    },
    {
      "type": "Feature",
      "geometry": {
        "type": "LineString",
        "coordinates": [
          [
            139.717864,
            35.807576
          ],
          [
            139.717833,
            35.807673
          ],
          [
            139.717816,
            35.807765
          ],
          [
            139.717805,
            35.807859
          ],
          [
            139.717785,
            35.807963
          ],
          [
            139.717759,
            35.808073
          ],
          [
            139.717733,
            35.808186
          ],
          [
            139.717703,
            35.808299
          ],
          [
            139.717668,
            35.808408
          ],
          [
            139.717634,
            35.808515
          ],
          [
            139.717606,
            35.808616
          ],
          [
            139.717581,
            35.808711
          ],
          [
            139.717556,
            35.808807
          ],
          [
            139.717528,
            35.808908
          ],
          [
            139.717498,
            35.809012
          ],
          [
            139.717472,
            35.809117
          ],
          [
            139.717444,
            35.809222
          ],
          [
            139.717414,
            35.809327
          ],
          [
            139.717384,
            35.809432
          ],
          [
            139.717358,
            35.809537
          ],
          [
            139.717334,
            35.809642
          ],
          [
            139.717311,
            35.809747
          ],
          [
            139.717288,
            35.80985
          ],
          [
            139.717261,
            35.809951
          ],
          [
            139.717231,
            35.810049
          ],
          [
            139.717197,
            35.810142
          ],
          [
            139.717154,
            35.810222
          ],
          [
            139.717121,
            35.810297
          ],
          [
            139.717117,
            35.810382
          ],
          [
            139.717115,
            35.810478
          ],
          [
            139.717106,
            35.810577
          ],
          [
            139.71707,
            35.81067
          ],
          [
            139.716994,
            35.810747
          ],
          [
            139.7169,
            35.81082
          ],
          [
            139.71682,
            35.810904
          ],
          [
            139.716765,
            35.811001
          ],
          [
            139.716727,
            35.811104
          ],
          [
            139.716696,
            35.811206
          ],
          [
            139.716669,
            35.8113
          ],
          [
            139.716649,
            35.811385
          ],
          [
            139.716633,
            35.811472
          ],
          [
            139.716613,
            35.811562
          ],
          [
            139.71659,
            35.811655
          ],
          [
            139.716567,
            35.81175
          ],
          [
            139.716542,
            35.81185
          ],
          [
            139.716515,
            35.811956
          ],
          [
            139.716488,
            35.812064
          ],
          [
            139.716466,
            35.81217
          ],
          [
            139.716449,
            35.812275
          ],
          [
            139.71644,
            35.812378
          ],
          [
            139.716429,
            35.812481
          ],
          [
            139.716416,
            35.812583
          ],
          [
            139.7164,
            35.812684
          ],
          [
            139.71638,
            35.812785
          ],
          [
            139.716358,
            35.812884
          ],
          [
            139.716336,
            35.812983
          ],
          [
            139.716312,
            35.813081
          ],
          [
            139.716286,
            35.813178
          ],
          [
            139.716257,
            35.813275
          ],
          [
            139.716231,
            35.813367
          ],
          [
            139.716213,
            35.813447
          ],
          [
            139.716209,
            35.813524
          ],
          [
            139.716208,
            35.813607
          ],
          [
            139.716205,
            35.813698
          ],
          [
            139.716196,
            35.813793
          ],
          [
            139.716179,
            35.813889
          ],
          [
            139.716157,
            35.813984
          ],
          [
            139.716129,
            35.814077
          ],
          [
            139.716093,
            35.814167
          ],
          [
            139.716042,
            35.814251
          ],
          [
            139.715979,
            35.81433
          ],
          [
            139.715907,
            35.814409
          ],
          [
            139.715834,
            35.814493
          ]
        ]
      },
      "properties": {
        "sport_type": "walk",
        "year": "2025",
        "city": "川口市",
        "city_status": "resolved"
      }
    },
    {
      "type": "Feature",
      "geometry": {
        "type": "LineString",
        "coordinates": [
          [
            139.756594,
            35.671096
          ],
          [
            139.756683,
            35.67124
          ],
          [
            139.756776,
            35.671383
          ],
          [
            139.756865,
            35.671525
          ],
          [
            139.756949,
            35.671667
          ],
          [
            139.757034,
            35.67181
          ]
        ]
      },
      "properties": {
        "sport_type": "walk",
        "year": "2025",
        "city": "中央区",
        "city_status": "resolved"
      }
    },
    {
      "type": "Feature",
      "geometry": {
        "type": "LineString",
        "coordinates": [
          [
            139.75478,
            35.67231
          ],
          [
            139.754654,
            35.672202
          ],
          [
            139.754507,
            35.672114
          ],
          [
            139.754339,
            35.67205
          ],
          [
            139.754153,
            35.67202
          ],
          [
            139.753956,
            35.672019
          ],
          [
            139.753762,
            35.672044
          ],
          [
            139.753577,
            35.672086
          ],
          [
            139.753403,
            35.672126
          ],
          [
            139.753243,
            35.672141
          ],
          [
            139.753105,
            35.672115
          ]
        ]
      },
      "properties": {
        "sport_type": "walk",
        "year": "2025",
        "city": "港区",
        "city_status": "resolved"
      }
    },
    {
      "type": "Feature",
      "geometry": {
        "type": "LineString",
        "coordinates": [
          [
            139.716638,
            35.80759
          ],
          [
            139.716585,
            35.807726
          ],
          [
            139.716545,
            35.807878
          ],
          [
            139.716495,
            35.808034
          ],
          [
            139.716406,
            35.808183
          ],
          [
            139.716311,
            35.808329
          ],
          [
            139.716221,
            35.808475
          ],
          [
            139.716125,
            35.808613
          ],
          [
            139.716022,
            35.808747
          ],
          [
            139.715911,
            35.808879
          ],
          [
            139.71579,
            35.809007
          ],
          [
            139.715665,
            35.809134
          ],
          [
            139.715536,
            35.809262
          ],
          [
            139.715417,
            35.809397
          ],
          [
            139.715314,
            35.809538
          ],
          [
            139.71522,
            35.809683
          ],
          [
            139.715123,
            35.809831
          ],
          [
            139.715019,
            35.809978
          ],
          [
            139.714913,
            35.810128
          ],
          [
            139.714801,
            35.810278
          ],
          [
            139.714687,
            35.810427
          ],
          [
            139.714576,
            35.810572
          ],
          [
            139.714465,
            35.810714
          ],
          [
            139.714355,
            35.810858
          ],
          [
            139.71425,
            35.811006
          ],
          [
            139.714141,
            35.811152
          ],
          [
            139.714032,
            35.811296
          ],
          [
            139.713919,
            35.811436
          ],
          [
            139.713807,
            35.811581
          ],
          [
            139.713695,
            35.811729
          ],
          [
            139.713589,
            35.811876
          ],
          [
            139.713486,
            35.812023
          ],
          [
            139.713383,
            35.812171
          ],
          [
            139.713281,
            35.812319
          ],
          [
            139.713174,
            35.812466
          ],
          [
            139.713069,
            35.812609
          ],
          [
            139.712971,
            35.812747
          ],
          [
            139.712895,
            35.812871
          ],
          [
            139.712851,
            35.812958
          ],
          [
            139.71282,
            35.813042
          ],
          [
            139.712796,
            35.813175
          ],
          [
            139.712764,
            35.813324
          ],
          [
            139.712716,
            35.813472
          ]
        ]
      },
      "properties": {
        "sport_type": "walk",
        "year": "2025",
        "city": "川口市",
        "city_status": "resolved"
      }
    },
    {
      "type": "Feature",
      "geometry": {
        "type": "LineString",
        "coordinates": [
          [
            139.245086,
            35.626112
          ],
          [
            139.245764,
            35.626442
          ],
          [
            139.246185,
            35.626917
          ],
          [
            139.246595,
            35.627253
          ],
          [
            139.24664,
            35.627526
          ],
          [
            139.246785,
            35.628024
          ],
          [
            139.247072,
            35.628329
          ],
          [
            139.247466,
            35.628731
          ],
          [
            139.247434,
            35.629191
          ],
          [
            139.247232,
            35.629678
          ],
          [
            139.247152,
            35.630112
          ],
          [
            139.247049,
            35.630169
          ],
          [
            139.246777,
            35.630067
          ],
          [
            139.24665,
            35.630628
          ],
          [
            139.246509,
            35.63077
          ],
          [
            139.246309,
            35.630896
          ],
          [
            139.245902,
            35.630952
          ],
          [
            139.245279,
            35.631252
          ],
          [
            139.245013,
            35.631429
          ],
          [
            139.244752,
            35.631783
          ],
          [
            139.244532,
            35.632256
          ],
          [
            139.244271,
            35.632478
          ],
          [
            139.244142,
            35.63264
          ],
          [
            139.243959,
            35.632783
          ],
          [
            139.243969,
            35.632814
          ],
          [
            139.243953,
            35.632821
          ],
          [
            139.243563,
            35.632945
          ],
          [
            139.243123,
            35.63334
          ],
          [
            139.242617,
            35.633739
          ],
          [
            139.242004,
            35.63421
          ],
          [
            139.241603,
            35.634857
          ],
          [
            139.241639,
            35.634924
          ],
          [
            139.241543,
            35.634983
          ],
          [
            139.241791,
            35.634714
          ],
          [
            139.242189,
            35.634244
          ],
          [
            139.242765,
            35.633796
          ],
          [
            139.243279,
            35.633373
          ],
          [
            139.243675,
            35.632937
          ],
          [
            139.243893,
            35.632872
          ],
          [
            139.244053,
            35.632855
          ],
          [
            139.244067,
            35.632826
          ],
          [
            139.244083,
            35.632623
          ],
          [
            139.244304,
            35.632638
          ],
          [
            139.244394,
            35.632424
          ],
          [
            139.244632,
            35.632176
          ],
          [
            139.244816,
            35.63188
          ],
          [
            139.245008,
            35.631538
          ],
          [
            139.2452,
            35.631324
          ],
          [
            139.245691,
            35.631147
          ],
          [
            139.246111,
            35.630924
          ],
          [
            139.246339,
            35.63083
          ],
          [
            139.246449,
            35.630785
          ],
          [
            139.246604,
            35.630785
          ],
          [
            139.24671,
            35.630487
          ],
          [
            139.246805,
            35.630011
          ],
          [
            139.246861,
            35.630129
          ],
          [
            139.247107,
            35.630349
          ],
          [
            139.247107,
            35.630349
          ],
          [
            139.247101,
            35.63034
          ],
          [
            139.247101,
            35.63034
          ],
          [
            139.247209,
            35.630254
          ],
          [
            139.247247,
            35.629891
          ],
          [
            139.247329,
            35.629634
          ],
          [
            139.247505,
            35.629282
          ],
          [
            139.247595,
            35.629553
          ],
          [
            139.24777,
            35.629826
          ],
          [
            139.24835,
            35.629526
          ],
          [
            139.248449,
            35.629123
          ],
          [
            139.24875,
            35.629033
          ],
          [
            139.249169,
            35.628863
          ],
          [
            139.2491,
            35.628303
          ],
          [
            139.249216,
            35.628098
          ],
          [
            139.24959,
            35.628339
          ],
          [
            139.250059,
            35.628637
          ],
          [
            139.250355,
            35.629041
          ],
          [
            139.251156,
            35.629314
          ],
          [
            139.251423,
            35.629704
          ],
          [
            139.251991,
            35.630211
          ],
          [
            139.252812,
            35.63018
          ],
          [
            139.253128,
            35.630267
          ],
          [
            139.253305,
            35.630484
          ],
          [
            139.253988,
            35.630646
          ],
          [
            139.25469,
            35.63068
          ],
          [
            139.255214,
            35.630705
          ],
          [
            139.255324,
            35.631086
          ],
          [
            139.255289,
            35.631206
          ],
          [
            139.255671,
            35.631546
          ],
          [
            139.255913,
            35.631926
          ],
          [
            139.255945,
            35.632298
          ],
          [
            139.255956,
            35.632773
          ],
          [
            139.25577,
            35.632619
          ],
          [
            139.255646,
            35.632603
          ],
          [
            139.255486,
            35.63278
          ],
          [
            139.254941,
            35.632991
          ],
          [
            139.254939,
            35.632906
          ],
          [
            139.254805,
            35.632566
          ],
          [
            139.254539,
            35.632367
          ],
          [
            139.254269,
            35.632372
          ],
          [
            139.254175,
            35.632669
          ],
          [
            139.253629,
            35.633023
          ],
          [
            139.253423,
            35.633563
          ],
          [
            139.253572,
            35.633594
          ],
          [
            139.253837,
            35.634211
          ],
          [
            139.254011,
            35.634853
          ],
          [
            139.254349,
            35.635462
          ],
          [
            139.254703,
            35.63591
          ],
          [
            139.254879,
            35.636525
          ],
          [
            139.255054,
            35.637173
          ],
          [
            139.255244,
            35.637782
          ],
          [
            139.255278,
            35.637791
          ],
          [
            139.255193,
            35.638314
          ],
          [
            139.255754,
            35.63859
          ],
          [
            139.255745,
            35.638593
          ],
          [
            139.256247,
            35.63867
          ],
          [
            139.256209,
            35.638386
          ],
          [
            139.256361,
            35.638819
          ],
          [
            139.257299,
            35.639
          ],
          [
            139.258171,
            35.639154
          ],
          [
            139.259023,
            35.639279
          ],
          [
            139.259809,
            35.639371
          ],
          [
            139.260596,
            35.639622
          ],
          [
            139.261423,
            35.639726
          ],
          [
            139.262186,
            35.640008
          ],
          [
            139.26289,
            35.640436
          ],
          [
            139.263542,
            35.64086
          ],
          [
            139.264393,
            35.641058
          ],
          [
            139.265202,
            35.641274
          ],
          [
            139.266049,
            35.641396
          ],
          [
            139.266841,
            35.64138
          ],
          [
            139.267651,
            35.641255
          ],
          [
            139.268483,
            35.641106
          ],
          [
            139.269325,
            35.640885
          ],
          [
            139.270168,
            35.640735
          ],
          [
            139.271003,
            35.640595
          ],
          [
            139.271848,
            35.640512
          ],
          [
            139.272665,
            35.640447
          ],
          [
            139.273321,
            35.640769
          ],
          [
            139.273917,
            35.641245
          ],
          [
            139.274484,
            35.641675
          ],
          [
            139.275228,
            35.641752
          ],
          [
            139.276021,
            35.64192
          ],
          [
            139.276795,
            35.642033
          ],
          [
            139.277575,
            35.642159
          ],
          [
            139.278364,
            35.642322
          ],
          [
            139.2794,
            35.642425
          ],
          [
            139.280958,
            35.642694
          ],
          [
            139.281832,
            35.642221
          ],
          [
            139.28226,
            35.642318
          ],
          [
            139.282485,
            35.642398
          ]
        ]
      },
      "properties": {
        "sport_type": "hike",
        "year": "2025",
        "city": "八王子市",
        "city_status": "resolved"
      }
    },
    {
      "type": "Feature",
      "geometry": {
        "type": "LineString",
        "coordinates": [
          [
            139.7024,
            35.811592
          ],
          [
            139.702401,
            35.811489
          ],
          [
            139.702399,
            35.811387
          ],
          [
            139.702393,
            35.811286
          ],
          [
            139.702384,
            35.811184
          ],
          [
            139.702374,
            35.81108
          ],
          [
            139.702365,
            35.810975
          ],
          [
            139.702358,
            35.810871
          ],
          [
            139.702353,
            35.810767
          ],
          [
            139.702349,
            35.810664
          ]
        ]
      },
      "properties": {
        "sport_type": "walk",
        "year": "2025",
        "city": "川口市",
        "city_status": "resolved"
      }
    },
    {
      "type": "Feature",
      "geometry": {
        "type": "LineString",
        "coordinates": [
          [
            139.772376,
            35.705927
          ],
          [
            139.772353,
            35.705876
          ],
          [
            139.77233,
            35.705825
          ],
          [
            139.772309,
            35.705773
          ],
          [
            139.772288,
            35.705721
          ],
          [
            139.772269,
            35.705669
          ],
          [
            139.772253,
            35.705617
          ],
          [
            139.772238,
            35.705568
          ],
          [
            139.772224,
            35.705519
          ],
          [
            139.77221,
            35.705472
          ],
          [
            139.772199,
            35.705428
          ],
          [
            139.772189,
            35.705386
          ],
          [
            139.772183,
            35.705347
          ],
          [
            139.772179,
            35.70531
          ],
          [
            139.772177,
            35.705276
          ],
          [
            139.772177,
            35.705247
          ],
          [
            139.772179,
            35.705222
          ],
          [
            139.772182,
            35.705201
          ],
          [
            139.772186,
            35.705184
          ],
          [
            139.772189,
            35.705166
          ],
          [
            139.772191,
            35.705147
          ],
          [
            139.772193,
            35.705125
          ],
          [
            139.772192,
            35.705098
          ],
          [
            139.772188,
            35.705064
          ],
          [
            139.772183,
            35.705026
          ],
          [
            139.772176,
            35.704982
          ],
          [
            139.772169,
            35.704936
          ],
          [
            139.772162,
            35.704887
          ],
          [
            139.772155,
            35.704836
          ],
          [
            139.772149,
            35.704783
          ],
          [
            139.772145,
            35.704728
          ],
          [
            139.772143,
            35.704671
          ],
          [
            139.772143,
            35.704613
          ],
          [
            139.772142,
            35.704554
          ],
          [
            139.772141,
            35.704495
          ],
          [
            139.772137,
            35.704438
          ],
          [
            139.772131,
            35.704381
          ],
          [
            139.772123,
            35.704328
          ],
          [
            139.772117,
            35.704277
          ],
          [
            139.772111,
            35.704228
          ],
          [
            139.772106,
            35.704178
          ],
          [
            139.772103,
            35.704127
          ],
          [
            139.772102,
            35.704076
          ],
          [
            139.7721,
            35.704025
          ],
          [
            139.772096,
            35.703974
          ],
          [
            139.772092,
            35.703923
          ],
          [
            139.772086,
            35.703872
          ],
          [
            139.772079,
            35.703821
          ],
          [
            139.772073,
            35.703769
          ],
          [
            139.772065,
            35.703717
          ],
          [
            139.772057,
            35.703666
          ],
          [
            139.772049,
            35.703616
          ],
          [
            139.772041,
            35.703565
          ],
          [
            139.772034,
            35.703515
          ],
          [
            139.772028,
            35.703465
          ],
          [
            139.772021,
            35.703415
          ],
          [
            139.772014,
            35.703365
          ],
          [
            139.772009,
            35.703316
          ],
          [
            139.772004,
            35.703268
          ],
          [
            139.771998,
            35.703221
          ],
          [
            139.771994,
            35.703175
          ],
          [
            139.771992,
            35.703132
          ],
          [
            139.771993,
            35.703089
          ],
          [
            139.771994,
            35.703046
          ],
          [
            139.771993,
            35.703004
          ],
          [
            139.771989,
            35.702961
          ],
          [
            139.77198,
            35.702918
          ],
          [
            139.771968,
            35.702875
          ],
          [
            139.771953,
            35.702833
          ],
          [
            139.771937,
            35.702791
          ],
          [
            139.771922,
            35.702748
          ],
          [
            139.771909,
            35.702704
          ],
          [
            139.7719,
            35.70266
          ],
          [
            139.771892,
            35.702615
          ],
          [
            139.771889,
            35.702569
          ],
          [
            139.771888,
            35.702522
          ],
          [
            139.77189,
            35.702475
          ],
          [
            139.771894,
            35.702429
          ],
          [
            139.771898,
            35.702384
          ],
          [
            139.7719,
            35.702339
          ],
          [
            139.771901,
            35.702293
          ],
          [
            139.771898,
            35.702246
          ],
          [
            139.771894,
            35.702197
          ],
          [
            139.771889,
            35.702147
          ],
          [
            139.771882,
            35.702097
          ],
          [
            139.771874,
            35.702046
          ],
          [
            139.771864,
            35.701995
          ],
          [
            139.771852,
            35.701944
          ],
          [
            139.771836,
            35.701895
          ],
          [
            139.771817,
            35.701845
          ],
          [
            139.771798,
            35.701795
          ],
          [
            139.771782,
            35.701744
          ],
          [
            139.771773,
            35.701694
          ],
          [
            139.771769,
            35.701644
          ],
          [
            139.771766,
            35.701593
          ],
          [
            139.771765,
            35.701544
          ],
          [
            139.771767,
            35.701497
          ],
          [
            139.771772,
            35.701451
          ],
          [
            139.771776,
            35.701406
          ],
          [
            139.771778,
            35.70136
          ],
          [
            139.771778,
            35.701315
          ],
          [
            139.771779,
            35.70127
          ],
          [
            139.771779,
            35.701225
          ],
          [
            139.771777,
            35.701182
          ],
          [
            139.771775,
            35.701139
          ],
          [
            139.771771,
            35.701099
          ],
          [
            139.771766,
            35.701061
          ],
          [
            139.77176,
            35.701023
          ],
          [
            139.771753,
            35.700987
          ],
          [
            139.771747,
            35.700951
          ],
          [
            139.77174,
            35.700918
          ],
          [
            139.771733,
            35.700888
          ],
          [
            139.771729,
            35.700861
          ],
          [
            139.771733,
            35.700837
          ],
          [
            139.771737,
            35.700811
          ],
          [
            139.771741,
            35.700783
          ],
          [
            139.771742,
            35.700751
          ],
          [
            139.771742,
            35.700715
          ],
          [
            139.771741,
            35.700706
          ]
        ]
      },
      "properties": {
        "sport_type": "walk",
        "year": "2025",
        "city": "台東区",
        "city_status": "resolved"
      }
    },
    {
      "type": "Feature",
      "geometry": {
        "type": "LineString",
        "coordinates": [
          [
            140.099009,
            36.212165
          ],
          [
            140.099493,
            36.212176
          ],
          [
            140.099974,
            36.212184
          ],
          [
            140.100269,
            36.212202
          ],
          [
            140.100542,
            36.212187
          ],
          [
            140.100826,
            36.212296
          ],
          [
            140.100922,
            36.212545
          ],
          [
            140.100925,
            36.212795
          ],
          [
            140.101078,
            36.213017
          ],
          [
            140.10113,
            36.213185
          ],
          [
            140.101189,
            36.213434
          ],
          [
            140.101254,
            36.213506
          ],
          [
            140.100882,
            36.21354
          ],
          [
            140.100445,
            36.213582
          ],
          [
            140.100267,
            36.213674
          ],
          [
            140.100222,
            36.213913
          ],
          [
            140.100198,
            36.214104
          ],
          [
            140.100205,
            36.214281
          ],
          [
            140.10041,
            36.214339
          ],
          [
            140.100457,
            36.214363
          ],
          [
            140.100611,
            36.214498
          ],
          [
            140.100667,
            36.214648
          ],
          [
            140.100712,
            36.214777
          ],
          [
            140.100849,
            36.214977
          ],
          [
            140.101027,
            36.215167
          ],
          [
            140.101243,
            36.215327
          ],
          [
            140.101424,
            36.215516
          ],
          [
            140.101593,
            36.215635
          ],
          [
            140.101684,
            36.215803
          ],
          [
            140.101886,
            36.215979
          ],
          [
            140.101981,
            36.216145
          ],
          [
            140.102097,
            36.216215
          ],
          [
            140.102218,
            36.216261
          ],
          [
            140.102413,
            36.216249
          ],
          [
            140.102432,
            36.216291
          ],
          [
            140.102654,
            36.216403
          ],
          [
            140.102814,
            36.216492
          ],
          [
            140.102913,
            36.216646
          ],
          [
            140.102795,
            36.216719
          ],
          [
            140.102643,
            36.216912
          ],
          [
            140.102644,
            36.217047
          ],
          [
            140.102485,
            36.217167
          ],
          [
            140.102453,
            36.2174
          ],
          [
            140.102535,
            36.217628
          ],
          [
            140.102664,
            36.217766
          ],
          [
            140.102802,
            36.217906
          ],
          [
            140.102963,
            36.217979
          ],
          [
            140.103029,
            36.218078
          ],
          [
            140.103206,
            36.218091
          ],
          [
            140.103181,
            36.218095
          ],
          [
            140.103186,
            36.218122
          ],
          [
            140.103186,
            36.21812
          ],
          [
            140.103212,
            36.218078
          ],
          [
            140.103199,
            36.218085
          ],
          [
            140.10318,
            36.218101
          ],
          [
            140.10321,
            36.218212
          ],
          [
            140.10328,
            36.218299
          ],
          [
            140.103305,
            36.218342
          ],
          [
            140.103349,
            36.218454
          ],
          [
            140.103428,
            36.218525
          ],
          [
            140.103534,
            36.218654
          ],
          [
            140.10359,
            36.218703
          ],
          [
            140.103657,
            36.218751
          ],
          [
            140.103727,
            36.218769
          ],
          [
            140.103869,
            36.218838
          ],
          [
            140.103768,
            36.218887
          ],
          [
            140.103753,
            36.219066
          ],
          [
            140.103953,
            36.219157
          ],
          [
            140.103982,
            36.219218
          ],
          [
            140.104049,
            36.219264
          ],
          [
            140.10405,
            36.219337
          ],
          [
            140.104217,
            36.219457
          ],
          [
            140.10443,
            36.219519
          ],
          [
            140.104516,
            36.219747
          ],
          [
            140.104629,
            36.219982
          ],
          [
            140.104691,
            36.220189
          ],
          [
            140.104698,
            36.220406
          ],
          [
            140.104707,
            36.220602
          ],
          [
            140.104922,
            36.22081
          ],
          [
            140.105003,
            36.220973
          ],
          [
            140.10514,
            36.221243
          ],
          [
            140.105181,
            36.221315
          ],
          [
            140.105124,
            36.221396
          ],
          [
            140.105167,
            36.221464
          ],
          [
            140.105236,
            36.221611
          ],
          [
            140.105323,
            36.221708
          ],
          [
            140.105287,
            36.22167
          ],
          [
            140.105223,
            36.221737
          ],
          [
            140.105081,
            36.221823
          ],
          [
            140.105053,
            36.221927
          ],
          [
            140.105135,
            36.221968
          ],
          [
            140.105059,
            36.222006
          ],
          [
            140.104918,
            36.222037
          ],
          [
            140.104716,
            36.222039
          ],
          [
            140.104517,
            36.222104
          ],
          [
            140.104304,
            36.222287
          ],
          [
            140.104154,
            36.222381
          ],
          [
            140.104107,
            36.222471
          ],
          [
            140.104008,
            36.222555
          ],
          [
            140.103866,
            36.222669
          ],
          [
            140.103808,
            36.222783
          ],
          [
            140.10381,
            36.222929
          ],
          [
            140.10377,
            36.222944
          ],
          [
            140.103665,
            36.223027
          ],
          [
            140.103618,
            36.223083
          ],
          [
            140.103581,
            36.223132
          ],
          [
            140.103521,
            36.223124
          ],
          [
            140.103583,
            36.223122
          ],
          [
            140.103582,
            36.223121
          ],
          [
            140.103589,
            36.223125
          ],
          [
            140.103589,
            36.223123
          ],
          [
            140.103588,
            36.223099
          ],
          [
            140.103596,
            36.223051
          ],
          [
            140.103356,
            36.223062
          ],
          [
            140.103188,
            36.223096
          ],
          [
            140.103126,
            36.223146
          ],
          [
            140.103021,
            36.223182
          ],
          [
            140.102943,
            36.22315
          ],
          [
            140.102795,
            36.223174
          ],
          [
            140.102624,
            36.223204
          ],
          [
            140.102549,
            36.223309
          ],
          [
            140.102668,
            36.223425
          ],
          [
            140.102796,
            36.223549
          ],
          [
            140.102762,
            36.223494
          ],
          [
            140.102651,
            36.223548
          ],
          [
            140.102557,
            36.223583
          ],
          [
            140.102563,
            36.223724
          ],
          [
            140.102668,
            36.223809
          ],
          [
            140.10269,
            36.22395
          ],
          [
            140.102516,
            36.223991
          ],
          [
            140.102466,
            36.224128
          ],
          [
            140.102412,
            36.224219
          ],
          [
            140.102373,
            36.22432
          ],
          [
            140.102413,
            36.224392
          ],
          [
            140.102439,
            36.224404
          ],
          [
            140.102409,
            36.224413
          ],
          [
            140.102335,
            36.224371
          ],
          [
            140.102343,
            36.224382
          ],
          [
            140.102318,
            36.224409
          ],
          [
            140.102162,
            36.224477
          ],
          [
            140.102087,
            36.224527
          ],
          [
            140.102002,
            36.224638
          ],
          [
            140.101939,
            36.22468
          ],
          [
            140.101867,
            36.224699
          ],
          [
            140.10173,
            36.224774
          ],
          [
            140.101548,
            36.224796
          ],
          [
            140.101422,
            36.224749
          ]
        ]
      },
      "properties": {
        "sport_type": "hike",
        "year": "2025",
        "city": "つくば市",
        "city_status": "resolved"
      }
    },
    {
      "type": "Feature",
      "geometry": {
        "type": "LineString",
        "coordinates": [
          [
            140.108941,
            36.225182
          ],
          [
            140.109425,
            36.225169
          ],
          [
            140.109853,
            36.22501
          ],
          [
            140.109952,
            36.224949
          ],
          [
            140.110203,
            36.224936
          ],
          [
            140.11052,
            36.22476
          ],
          [
            140.110835,
            36.224599
          ],
          [
            140.110987,
            36.224502
          ],
          [
            140.110995,
            36.224411
          ],
          [
            140.11128,
            36.224363
          ],
          [
            140.11152,
            36.224347
          ],
          [
            140.111595,
            36.224292
          ],
          [
            140.111568,
            36.224322
          ],
          [
            140.11145,
            36.224307
          ],
          [
            140.111483,
            36.224185
          ],
          [
            140.111095,
            36.224159
          ],
          [
            140.110844,
            36.22397
          ],
          [
            140.110676,
            36.223977
          ],
          [
            140.110663,
            36.223922
          ],
          [
            140.110746,
            36.223799
          ],
          [
            140.110897,
            36.22376
          ],
          [
            140.111072,
            36.223737
          ],
          [
            140.111222,
            36.223682
          ],
          [
            140.111223,
            36.223712
          ],
          [
            140.111434,
            36.223658
          ],
          [
            140.111725,
            36.223579
          ],
          [
            140.112029,
            36.223561
          ],
          [
            140.112364,
            36.223526
          ],
          [
            140.112515,
            36.223315
          ],
          [
            140.112699,
            36.22312
          ],
          [
            140.113066,
            36.223047
          ],
          [
            140.113387,
            36.223062
          ],
          [
            140.113657,
            36.223039
          ],
          [
            140.114089,
            36.222982
          ],
          [
            140.11448,
            36.222955
          ],
          [
            140.11483,
            36.222762
          ],
          [
            140.115123,
            36.222538
          ],
          [
            140.11543,
            36.222464
          ],
          [
            140.115514,
            36.222373
          ],
          [
            140.115652,
            36.222346
          ],
          [
            140.115906,
            36.222303
          ],
          [
            140.11628,
            36.222272
          ],
          [
            140.116586,
            36.222226
          ],
          [
            140.116923,
            36.222016
          ],
          [
            140.117053,
            36.221799
          ],
          [
            140.117189,
            36.221748
          ],
          [
            140.117314,
            36.221661
          ],
          [
            140.117486,
            36.221607
          ],
          [
            140.117631,
            36.221502
          ],
          [
            140.117721,
            36.221409
          ],
          [
            140.117959,
            36.221301
          ],
          [
            140.118156,
            36.221226
          ],
          [
            140.118325,
            36.221233
          ],
          [
            140.118355,
            36.221097
          ],
          [
            140.118368,
            36.221001
          ],
          [
            140.118411,
            36.220866
          ],
          [
            140.118468,
            36.22076
          ],
          [
            140.118468,
            36.220622
          ],
          [
            140.118486,
            36.220504
          ],
          [
            140.118576,
            36.220376
          ],
          [
            140.118719,
            36.22018
          ],
          [
            140.118909,
            36.220023
          ],
          [
            140.11895,
            36.219962
          ],
          [
            140.118957,
            36.219963
          ],
          [
            140.119051,
            36.220022
          ],
          [
            140.119168,
            36.220089
          ],
          [
            140.119103,
            36.220039
          ],
          [
            140.118868,
            36.219949
          ],
          [
            140.11864,
            36.220053
          ],
          [
            140.118578,
            36.22
          ],
          [
            140.118292,
            36.220008
          ],
          [
            140.118026,
            36.219982
          ],
          [
            140.117699,
            36.219899
          ],
          [
            140.117444,
            36.219797
          ],
          [
            140.11718,
            36.219664
          ],
          [
            140.116866,
            36.219485
          ],
          [
            140.116573,
            36.219283
          ],
          [
            140.116255,
            36.219174
          ],
          [
            140.115906,
            36.219154
          ],
          [
            140.115595,
            36.219111
          ],
          [
            140.115441,
            36.218999
          ],
          [
            140.115187,
            36.218823
          ],
          [
            140.115042,
            36.218659
          ],
          [
            140.11498,
            36.218505
          ],
          [
            140.114625,
            36.218351
          ],
          [
            140.114304,
            36.21842
          ],
          [
            140.113967,
            36.218564
          ],
          [
            140.113752,
            36.218408
          ],
          [
            140.113476,
            36.218199
          ],
          [
            140.113127,
            36.21822
          ],
          [
            140.11273,
            36.218365
          ],
          [
            140.112355,
            36.218554
          ],
          [
            140.11201,
            36.218651
          ],
          [
            140.111718,
            36.218527
          ],
          [
            140.111383,
            36.218496
          ],
          [
            140.111373,
            36.218296
          ],
          [
            140.11133,
            36.217949
          ],
          [
            140.111244,
            36.21772
          ],
          [
            140.111159,
            36.217469
          ],
          [
            140.111003,
            36.217174
          ],
          [
            140.110704,
            36.216935
          ],
          [
            140.11037,
            36.216724
          ],
          [
            140.110154,
            36.216531
          ],
          [
            140.109771,
            36.216398
          ],
          [
            140.109484,
            36.216322
          ],
          [
            140.109082,
            36.216291
          ],
          [
            140.108803,
            36.216163
          ],
          [
            140.108483,
            36.216134
          ],
          [
            140.108175,
            36.216007
          ],
          [
            140.107903,
            36.215858
          ],
          [
            140.107582,
            36.215705
          ],
          [
            140.107273,
            36.21567
          ],
          [
            140.107009,
            36.215589
          ],
          [
            140.10669,
            36.215667
          ],
          [
            140.106439,
            36.215859
          ],
          [
            140.106061,
            36.215836
          ],
          [
            140.105662,
            36.215829
          ],
          [
            140.1054,
            36.215778
          ],
          [
            140.105129,
            36.215693
          ],
          [
            140.104776,
            36.215674
          ],
          [
            140.104613,
            36.215599
          ],
          [
            140.104397,
            36.215487
          ],
          [
            140.104166,
            36.215299
          ],
          [
            140.103999,
            36.215084
          ],
          [
            140.103669,
            36.214847
          ],
          [
            140.103512,
            36.214668
          ],
          [
            140.103314,
            36.214516
          ],
          [
            140.103155,
            36.21444
          ],
          [
            140.102989,
            36.214274
          ],
          [
            140.10286,
            36.214082
          ],
          [
            140.102839,
            36.213807
          ],
          [
            140.10274,
            36.21348
          ],
          [
            140.102551,
            36.213224
          ],
          [
            140.102209,
            36.213426
          ],
          [
            140.101992,
            36.213548
          ],
          [
            140.101677,
            36.21335
          ],
          [
            140.101543,
            36.213128
          ],
          [
            140.101333,
            36.213002
          ],
          [
            140.101143,
            36.212775
          ],
          [
            140.100993,
            36.212452
          ],
          [
            140.100875,
            36.212232
          ],
          [
            140.100609,
            36.212136
          ],
          [
            140.10022,
            36.212097
          ],
          [
            140.099755,
            36.212123
          ],
          [
            140.099517,
            36.211988
          ],
          [
            140.099138,
            36.212134
          ],
          [
            140.098654,
            36.212181
          ],
          [
            140.098451,
            36.212214
          ]
        ]
      },
      "properties": {
        "sport_type": "hike",
        "year": "2025",
        "city": "つくば市",
        "city_status": "resolved"
      }
    },
    {
      "type": "Feature",
      "geometry": {
        "type": "LineString",
        "coordinates": [
          [
            139.712898,
            35.813243
          ],
          [
            139.712989,
            35.812891
          ],
          [
            139.713168,
            35.812545
          ],
          [
            139.713414,
            35.812243
          ],
          [
            139.71362,
            35.811917
          ],
          [
            139.71386,
            35.811616
          ],
          [
            139.714053,
            35.811376
          ],
          [
            139.714067,
            35.811358
          ],
          [
            139.714089,
            35.811327
          ],
          [
            139.714255,
            35.811039
          ],
          [
            139.714491,
            35.810727
          ],
          [
            139.714687,
            35.810386
          ],
          [
            139.714913,
            35.81014
          ],
          [
            139.715014,
            35.809879
          ],
          [
            139.715317,
            35.809552
          ],
          [
            139.715566,
            35.809186
          ],
          [
            139.71585,
            35.808834
          ],
          [
            139.716104,
            35.808494
          ],
          [
            139.716382,
            35.808199
          ],
          [
            139.716425,
            35.80804
          ],
          [
            139.716439,
            35.807962
          ],
          [
            139.716567,
            35.807561
          ]
        ]
      },
      "properties": {
        "sport_type": "run",
        "year": "2025",
        "city": "川口市",
        "city_status": "resolved"
      }
    },
    {
      "type": "Feature",
      "geometry": {
        "type": "LineString",
        "coordinates": [
          [
            139.714038,
            35.806155
          ],
          [
            139.713744,
            35.806489
          ],
          [
            139.713448,
            35.80679
          ],
          [
            139.713102,
            35.807098
          ],
          [
            139.71278,
            35.807417
          ],
          [
            139.712513,
            35.807733
          ],
          [
            139.712175,
            35.808048
          ],
          [
            139.71184,
            35.808367
          ],
          [
            139.711535,
            35.808655
          ],
          [
            139.711216,
            35.808962
          ],
          [
            139.710878,
            35.809251
          ],
          [
            139.710565,
            35.809553
          ],
          [
            139.710292,
            35.809863
          ],
          [
            139.709982,
            35.810152
          ],
          [
            139.709692,
            35.810444
          ],
          [
            139.709405,
            35.810737
          ],
          [
            139.709125,
            35.811041
          ],
          [
            139.708806,
            35.811332
          ],
          [
            139.708479,
            35.811627
          ],
          [
            139.708223,
            35.811957
          ],
          [
            139.707875,
            35.812245
          ],
          [
            139.707562,
            35.812551
          ]
        ]
      },
      "properties": {
        "sport_type": "run",
        "year": "2025",
        "city": "川口市",
        "city_status": "resolved"
      }
    },
    {
      "type": "Feature",
      "geometry": {
        "type": "LineString",
        "coordinates": [
          [
            139.700754,
            35.819375
          ],
          [
            139.700429,
            35.819704
          ],
          [
            139.700102,
            35.820034
          ],
          [
            139.699818,
            35.820375
          ],
          [
            139.699544,
            35.820706
          ],
          [
            139.699313,
            35.821071
          ],
          [
            139.699399,
            35.821071
          ],
          [
            139.699658,
            35.820734
          ],
          [
            139.699885,
            35.820387
          ],
          [
            139.700176,
            35.820037
          ],
          [
            139.700501,
            35.819735
          ],
          [
            139.700847,
            35.819413
          ]
        ]
      },
      "properties": {
        "sport_type": "run",
        "year": "2025",
        "city": "蕨市",
        "city_status": "resolved"
      }
    },
    {
      "type": "Feature",
      "geometry": {
        "type": "LineString",
        "coordinates": [
          [
            139.701509,
            35.819426
          ],
          [
            139.701924,
            35.819655
          ],
          [
            139.70228,
            35.819469
          ],
          [
            139.702404,
            35.819526
          ],
          [
            139.70278,
            35.819842
          ],
          [
            139.703145,
            35.820141
          ],
          [
            139.703592,
            35.820292
          ],
          [
            139.704111,
            35.820301
          ],
          [
            139.704646,
            35.820273
          ],
          [
            139.705178,
            35.820273
          ]
        ]
      },
      "properties": {
        "sport_type": "run",
        "year": "2025",
        "city": "蕨市",
        "city_status": "resolved"
      }
    },
    {
      "type": "Feature",
      "geometry": {
        "type": "LineString",
        "coordinates": [
          [
            139.773194,
            35.71215
          ],
          [
            139.77319,
            35.712163
          ],
          [
            139.773186,
            35.712177
          ],
          [
            139.773183,
            35.71219
          ],
          [
            139.773178,
            35.712203
          ],
          [
            139.773174,
            35.712216
          ],
          [
            139.77317,
            35.712228
          ],
          [
            139.773167,
            35.71224
          ],
          [
            139.773164,
            35.712252
          ],
          [
            139.773162,
            35.712264
          ],
          [
            139.77316,
            35.712276
          ],
          [
            139.773158,
            35.71229
          ],
          [
            139.773156,
            35.712303
          ],
          [
            139.773153,
            35.712316
          ],
          [
            139.773149,
            35.712328
          ],
          [
            139.773146,
            35.71234
          ],
          [
            139.773142,
            35.712352
          ],
          [
            139.773139,
            35.712363
          ],
          [
            139.773135,
            35.712376
          ],
          [
            139.77313,
            35.712389
          ],
          [
            139.773125,
            35.712403
          ],
          [
            139.773121,
            35.712416
          ],
          [
            139.773118,
            35.712427
          ],
          [
            139.773117,
            35.712438
          ],
          [
            139.773116,
            35.712448
          ],
          [
            139.773115,
            35.712459
          ],
          [
            139.773113,
            35.71247
          ],
          [
            139.773112,
            35.712481
          ],
          [
            139.773109,
            35.712491
          ],
          [
            139.773105,
            35.712501
          ],
          [
            139.773102,
            35.712512
          ],
          [
            139.773098,
            35.712522
          ],
          [
            139.773095,
            35.712533
          ],
          [
            139.773093,
            35.712545
          ],
          [
            139.773092,
            35.712556
          ],
          [
            139.773093,
            35.712569
          ],
          [
            139.773094,
            35.712581
          ],
          [
            139.773093,
            35.712593
          ],
          [
            139.773091,
            35.712606
          ],
          [
            139.773088,
            35.712619
          ],
          [
            139.773084,
            35.712632
          ],
          [
            139.77308,
            35.712645
          ],
          [
            139.773076,
            35.712657
          ],
          [
            139.773071,
            35.712669
          ],
          [
            139.773066,
            35.712681
          ],
          [
            139.773062,
            35.712693
          ],
          [
            139.773057,
            35.712705
          ],
          [
            139.773052,
            35.712716
          ],
          [
            139.773047,
            35.712728
          ],
          [
            139.773043,
            35.712741
          ],
          [
            139.773039,
            35.712755
          ],
          [
            139.773035,
            35.71277
          ],
          [
            139.773031,
            35.712785
          ],
          [
            139.773028,
            35.712799
          ],
          [
            139.773024,
            35.712812
          ],
          [
            139.773021,
            35.712826
          ],
          [
            139.773018,
            35.71284
          ],
          [
            139.773016,
            35.712854
          ],
          [
            139.773015,
            35.712868
          ],
          [
            139.773016,
            35.712883
          ],
          [
            139.773016,
            35.712897
          ],
          [
            139.773016,
            35.71291
          ],
          [
            139.773016,
            35.712923
          ],
          [
            139.773015,
            35.712934
          ],
          [
            139.773013,
            35.712945
          ],
          [
            139.773011,
            35.712956
          ],
          [
            139.773009,
            35.712967
          ],
          [
            139.773007,
            35.712978
          ],
          [
            139.773005,
            35.71299
          ],
          [
            139.773002,
            35.713001
          ],
          [
            139.772998,
            35.713014
          ],
          [
            139.772995,
            35.713027
          ],
          [
            139.772991,
            35.713041
          ],
          [
            139.772987,
            35.713056
          ],
          [
            139.772983,
            35.713071
          ],
          [
            139.772979,
            35.713085
          ],
          [
            139.772975,
            35.713099
          ],
          [
            139.772971,
            35.713113
          ],
          [
            139.772968,
            35.713127
          ],
          [
            139.772965,
            35.713142
          ],
          [
            139.772962,
            35.713157
          ],
          [
            139.77296,
            35.713171
          ],
          [
            139.77296,
            35.713186
          ],
          [
            139.77296,
            35.713201
          ],
          [
            139.772961,
            35.713217
          ],
          [
            139.772962,
            35.713231
          ],
          [
            139.772963,
            35.713245
          ],
          [
            139.772965,
            35.713259
          ],
          [
            139.772968,
            35.713274
          ],
          [
            139.772971,
            35.713288
          ],
          [
            139.772974,
            35.713302
          ],
          [
            139.772978,
            35.713315
          ],
          [
            139.772982,
            35.713328
          ],
          [
            139.772985,
            35.713341
          ],
          [
            139.772988,
            35.713353
          ],
          [
            139.772991,
            35.713364
          ],
          [
            139.772993,
            35.713375
          ],
          [
            139.772996,
            35.713385
          ],
          [
            139.772999,
            35.713396
          ],
          [
            139.773001,
            35.713407
          ],
          [
            139.773003,
            35.713419
          ],
          [
            139.773004,
            35.713431
          ],
          [
            139.773004,
            35.713444
          ],
          [
            139.773002,
            35.713457
          ],
          [
            139.773,
            35.713471
          ],
          [
            139.772998,
            35.713485
          ],
          [
            139.772997,
            35.713499
          ],
          [
            139.772997,
            35.713512
          ],
          [
            139.772998,
            35.713524
          ],
          [
            139.772998,
            35.713536
          ],
          [
            139.772998,
            35.713548
          ],
          [
            139.772998,
            35.713561
          ],
          [
            139.772998,
            35.713574
          ],
          [
            139.773,
            35.713587
          ],
          [
            139.773002,
            35.7136
          ],
          [
            139.773004,
            35.713613
          ],
          [
            139.773006,
            35.713626
          ],
          [
            139.773008,
            35.71364
          ],
          [
            139.773009,
            35.713653
          ],
          [
            139.773011,
            35.713666
          ],
          [
            139.773014,
            35.713678
          ],
          [
            139.773019,
            35.71369
          ],
          [
            139.773025,
            35.713702
          ],
          [
            139.773031,
            35.713714
          ],
          [
            139.773037,
            35.713727
          ],
          [
            139.773041,
            35.713739
          ],
          [
            139.773043,
            35.713752
          ],
          [
            139.773044,
            35.713764
          ],
          [
            139.773046,
            35.713777
          ],
          [
            139.773048,
            35.713789
          ],
          [
            139.773049,
            35.713802
          ],
          [
            139.773051,
            35.713814
          ],
          [
            139.773053,
            35.713826
          ],
          [
            139.773056,
            35.713838
          ],
          [
            139.773059,
            35.713851
          ],
          [
            139.773062,
            35.713863
          ],
          [
            139.773066,
            35.713876
          ],
          [
            139.77307,
            35.713887
          ],
          [
            139.773075,
            35.713899
          ],
          [
            139.773081,
            35.71391
          ],
          [
            139.773088,
            35.713921
          ]
        ]
      },
      "properties": {
        "sport_type": "walk",
        "year": "2025",
        "city": "台東区",
        "city_status": "resolved"
      }
    },
    {
      "type": "Feature",
      "geometry": {
        "type": "LineString",
        "coordinates": [
          [
            139.716729,
            35.818156
          ],
          [
            139.717221,
            35.81819
          ],
          [
            139.717308,
            35.818225
          ],
          [
            139.717304,
            35.81823
          ],
          [
            139.717319,
            35.81823
          ],
          [
            139.717636,
            35.818199
          ],
          [
            139.71817,
            35.818211
          ],
          [
            139.718674,
            35.818238
          ],
          [
            139.719179,
            35.818235
          ],
          [
            139.719667,
            35.818201
          ],
          [
            139.720188,
            35.818191
          ],
          [
            139.720731,
            35.81813
          ],
          [
            139.721212,
            35.818035
          ],
          [
            139.721688,
            35.81801
          ],
          [
            139.722121,
            35.818188
          ],
          [
            139.722569,
            35.818293
          ],
          [
            139.723017,
            35.818473
          ],
          [
            139.723105,
            35.818896
          ],
          [
            139.723209,
            35.819291
          ],
          [
            139.723311,
            35.819693
          ],
          [
            139.723403,
            35.820086
          ],
          [
            139.723482,
            35.820516
          ],
          [
            139.72357,
            35.82091
          ],
          [
            139.723683,
            35.821333
          ],
          [
            139.723846,
            35.821538
          ],
          [
            139.723847,
            35.821566
          ],
          [
            139.723868,
            35.822002
          ],
          [
            139.723969,
            35.822452
          ],
          [
            139.724165,
            35.822877
          ],
          [
            139.724539,
            35.823069
          ],
          [
            139.725027,
            35.823078
          ],
          [
            139.725553,
            35.823037
          ],
          [
            139.725633,
            35.823311
          ],
          [
            139.725574,
            35.823747
          ],
          [
            139.725626,
            35.82414
          ],
          [
            139.725725,
            35.824529
          ],
          [
            139.72587,
            35.824937
          ],
          [
            139.726016,
            35.825348
          ],
          [
            139.726141,
            35.825784
          ],
          [
            139.726267,
            35.826204
          ],
          [
            139.72639,
            35.826627
          ],
          [
            139.726505,
            35.827045
          ],
          [
            139.726632,
            35.827468
          ],
          [
            139.726737,
            35.827895
          ],
          [
            139.726791,
            35.828308
          ],
          [
            139.7268,
            35.828716
          ],
          [
            139.7268,
            35.829139
          ],
          [
            139.726787,
            35.82956
          ],
          [
            139.726778,
            35.829964
          ],
          [
            139.726657,
            35.830367
          ],
          [
            139.726615,
            35.830772
          ],
          [
            139.726535,
            35.831211
          ],
          [
            139.726383,
            35.83162
          ],
          [
            139.726216,
            35.83202
          ],
          [
            139.72599,
            35.832414
          ],
          [
            139.725736,
            35.832804
          ],
          [
            139.725438,
            35.833179
          ],
          [
            139.725087,
            35.833508
          ],
          [
            139.724656,
            35.83378
          ],
          [
            139.724306,
            35.834107
          ],
          [
            139.723956,
            35.834448
          ],
          [
            139.723554,
            35.834754
          ],
          [
            139.723165,
            35.835069
          ],
          [
            139.722766,
            35.835371
          ],
          [
            139.722376,
            35.835666
          ],
          [
            139.721963,
            35.835956
          ],
          [
            139.721552,
            35.836245
          ],
          [
            139.721177,
            35.836551
          ],
          [
            139.720778,
            35.836841
          ],
          [
            139.720324,
            35.837082
          ],
          [
            139.71991,
            35.837265
          ],
          [
            139.719925,
            35.83726
          ],
          [
            139.72011,
            35.837188
          ],
          [
            139.720542,
            35.83695
          ],
          [
            139.720953,
            35.836691
          ],
          [
            139.721344,
            35.836412
          ],
          [
            139.72173,
            35.836125
          ],
          [
            139.722119,
            35.835837
          ],
          [
            139.722509,
            35.835542
          ],
          [
            139.72288,
            35.835256
          ],
          [
            139.72326,
            35.834976
          ],
          [
            139.723632,
            35.834696
          ],
          [
            139.724011,
            35.834411
          ],
          [
            139.724326,
            35.834084
          ],
          [
            139.724721,
            35.833783
          ],
          [
            139.725105,
            35.833507
          ],
          [
            139.725429,
            35.833168
          ],
          [
            139.725721,
            35.832802
          ],
          [
            139.725983,
            35.832441
          ],
          [
            139.726216,
            35.832051
          ],
          [
            139.726419,
            35.831635
          ],
          [
            139.726566,
            35.831222
          ],
          [
            139.726623,
            35.830794
          ],
          [
            139.726691,
            35.830386
          ],
          [
            139.726806,
            35.829947
          ],
          [
            139.726826,
            35.829513
          ],
          [
            139.726837,
            35.829078
          ],
          [
            139.726849,
            35.828635
          ],
          [
            139.726818,
            35.828201
          ],
          [
            139.726751,
            35.827778
          ],
          [
            139.726631,
            35.827359
          ],
          [
            139.726512,
            35.826944
          ],
          [
            139.726381,
            35.826523
          ],
          [
            139.726269,
            35.8261
          ],
          [
            139.72614,
            35.825677
          ],
          [
            139.72601,
            35.825265
          ],
          [
            139.72585,
            35.824874
          ],
          [
            139.725747,
            35.824454
          ],
          [
            139.725675,
            35.824035
          ],
          [
            139.725652,
            35.823588
          ],
          [
            139.725744,
            35.823144
          ],
          [
            139.725713,
            35.822714
          ],
          [
            139.72543,
            35.822461
          ],
          [
            139.724864,
            35.822552
          ],
          [
            139.724346,
            35.822577
          ],
          [
            139.723998,
            35.822378
          ],
          [
            139.723924,
            35.821953
          ],
          [
            139.723861,
            35.821526
          ],
          [
            139.723783,
            35.821061
          ],
          [
            139.723675,
            35.820623
          ],
          [
            139.723553,
            35.820172
          ],
          [
            139.723472,
            35.819725
          ],
          [
            139.723317,
            35.819328
          ],
          [
            139.723224,
            35.818862
          ],
          [
            139.723093,
            35.818442
          ],
          [
            139.722551,
            35.818298
          ],
          [
            139.722042,
            35.818115
          ],
          [
            139.721589,
            35.817943
          ],
          [
            139.721062,
            35.81801
          ],
          [
            139.720507,
            35.818117
          ],
          [
            139.719975,
            35.818184
          ],
          [
            139.719436,
            35.818191
          ],
          [
            139.718882,
            35.818222
          ],
          [
            139.718338,
            35.818196
          ],
          [
            139.71779,
            35.818151
          ],
          [
            139.717366,
            35.818155
          ],
          [
            139.716819,
            35.81811
          ]
        ]
      },
      "properties": {
        "sport_type": "run",
        "year": "2025",
        "city": "川口市",
        "city_status": "resolved"
      }
    },
    {
      "type": "Feature",
      "geometry": {
        "type": "LineString",
        "coordinates": [
          [
            116.887528,
            32.606645
          ],
          [
            116.887372,
            32.606671
          ],
          [
            116.887224,
            32.606659
          ],
          [
            116.88704,
            32.606634
          ],
          [
            116.886857,
            32.606594
          ],
          [
            116.886668,
            32.606543
          ],
          [
            116.886483,
            32.606466
          ],
          [
            116.886297,
            32.606403
          ],
          [
            116.886133,
            32.606333
          ],
          [
            116.885975,
            32.606254
          ],
          [
            116.885811,
            32.606174
          ],
          [
            116.885631,
            32.606109
          ],
          [
            116.88545,
            32.606061
          ],
          [
            116.885278,
            32.606025
          ],
          [
            116.885099,
            32.605999
          ],
          [
            116.884923,
            32.605972
          ],
          [
            116.884743,
            32.605939
          ],
          [
            116.884551,
            32.605899
          ],
          [
            116.884351,
            32.605845
          ],
          [
            116.88416,
            32.605781
          ],
          [
            116.883976,
            32.605716
          ],
          [
            116.883796,
            32.605657
          ],
          [
            116.883606,
            32.605593
          ],
          [
            116.883424,
            32.605529
          ],
          [
            116.883234,
            32.60546
          ],
          [
            116.88304,
            32.605391
          ],
          [
            116.882852,
            32.605329
          ],
          [
            116.882674,
            32.605266
          ],
          [
            116.882488,
            32.605203
          ],
          [
            116.882299,
            32.605141
          ],
          [
            116.882107,
            32.605077
          ],
          [
            116.881912,
            32.605016
          ],
          [
            116.881718,
            32.604958
          ],
          [
            116.88153,
            32.604905
          ],
          [
            116.881344,
            32.604845
          ],
          [
            116.88117,
            32.604796
          ],
          [
            116.880993,
            32.604756
          ],
          [
            116.880818,
            32.604706
          ],
          [
            116.880644,
            32.604661
          ],
          [
            116.880474,
            32.604607
          ],
          [
            116.880311,
            32.604547
          ],
          [
            116.880147,
            32.60447
          ],
          [
            116.879985,
            32.604403
          ],
          [
            116.879855,
            32.604335
          ],
          [
            116.879735,
            32.604262
          ],
          [
            116.879606,
            32.604168
          ],
          [
            116.879475,
            32.604072
          ],
          [
            116.879351,
            32.603984
          ],
          [
            116.879211,
            32.603889
          ],
          [
            116.879068,
            32.603801
          ],
          [
            116.878922,
            32.603715
          ],
          [
            116.878767,
            32.603643
          ],
          [
            116.878592,
            32.603583
          ],
          [
            116.878418,
            32.603521
          ],
          [
            116.878245,
            32.603465
          ],
          [
            116.878068,
            32.603424
          ],
          [
            116.877889,
            32.603386
          ],
          [
            116.877702,
            32.603359
          ],
          [
            116.877521,
            32.603345
          ],
          [
            116.877334,
            32.603339
          ],
          [
            116.877157,
            32.603336
          ],
          [
            116.876978,
            32.603346
          ],
          [
            116.876793,
            32.603352
          ],
          [
            116.876631,
            32.603357
          ],
          [
            116.87645,
            32.603352
          ],
          [
            116.87627,
            32.603321
          ],
          [
            116.876092,
            32.603274
          ],
          [
            116.875921,
            32.603222
          ],
          [
            116.875767,
            32.603155
          ],
          [
            116.875585,
            32.603094
          ],
          [
            116.875415,
            32.603036
          ],
          [
            116.87525,
            32.602986
          ],
          [
            116.875089,
            32.602922
          ],
          [
            116.874937,
            32.602853
          ],
          [
            116.874775,
            32.602779
          ],
          [
            116.874633,
            32.602695
          ],
          [
            116.874541,
            32.602571
          ],
          [
            116.874474,
            32.602427
          ],
          [
            116.874457,
            32.602276
          ],
          [
            116.874371,
            32.602127
          ],
          [
            116.874183,
            32.602047
          ],
          [
            116.874009,
            32.601988
          ],
          [
            116.873816,
            32.601983
          ],
          [
            116.873634,
            32.602011
          ],
          [
            116.873432,
            32.60199
          ],
          [
            116.873234,
            32.602003
          ],
          [
            116.87308,
            32.601995
          ],
          [
            116.872957,
            32.602089
          ],
          [
            116.872922,
            32.602111
          ],
          [
            116.872922,
            32.602109
          ],
          [
            116.87291,
            32.602106
          ],
          [
            116.872902,
            32.602098
          ],
          [
            116.872914,
            32.602103
          ],
          [
            116.872916,
            32.602103
          ],
          [
            116.872913,
            32.6021
          ],
          [
            116.872889,
            32.602087
          ],
          [
            116.872885,
            32.602087
          ],
          [
            116.872881,
            32.602089
          ],
          [
            116.87288,
            32.602089
          ],
          [
            116.87288,
            32.602089
          ],
          [
            116.87288,
            32.602089
          ],
          [
            116.87288,
            32.602093
          ],
          [
            116.872886,
            32.602104
          ],
          [
            116.872895,
            32.602112
          ],
          [
            116.872889,
            32.602104
          ],
          [
            116.872816,
            32.602084
          ],
          [
            116.87265,
            32.602041
          ],
          [
            116.872494,
            32.601981
          ],
          [
            116.872401,
            32.601983
          ],
          [
            116.872379,
            32.601998
          ],
          [
            116.872381,
            32.60199
          ],
          [
            116.872329,
            32.601943
          ],
          [
            116.87231,
            32.601949
          ],
          [
            116.872308,
            32.601958
          ],
          [
            116.872313,
            32.601969
          ],
          [
            116.87232,
            32.601964
          ],
          [
            116.872329,
            32.601962
          ],
          [
            116.872341,
            32.601962
          ],
          [
            116.872346,
            32.601962
          ],
          [
            116.872346,
            32.601962
          ],
          [
            116.872349,
            32.601964
          ],
          [
            116.872353,
            32.601962
          ],
          [
            116.872358,
            32.601962
          ],
          [
            116.872332,
            32.601946
          ],
          [
            116.872175,
            32.601878
          ],
          [
            116.872122,
            32.60188
          ],
          [
            116.872794,
            32.602222
          ],
          [
            116.873172,
            32.602392
          ],
          [
            116.873567,
            32.602589
          ],
          [
            116.874503,
            32.603033
          ],
          [
            116.876041,
            32.603652
          ],
          [
            116.877784,
            32.604163
          ],
          [
            116.87952,
            32.604663
          ],
          [
            116.881494,
            32.605249
          ],
          [
            116.883434,
            32.605844
          ],
          [
            116.884526,
            32.606176
          ],
          [
            116.884792,
            32.606259
          ],
          [
            116.886682,
            32.606829
          ],
          [
            116.888702,
            32.607363
          ],
          [
            116.89056,
            32.607843
          ],
          [
            116.892017,
            32.608198
          ],
          [
            116.893142,
            32.608135
          ],
          [
            116.894893,
            32.607019
          ],
          [
            116.896444,
            32.606175
          ],
          [
            116.897207,
            32.606014
          ],
          [
            116.899077,
            32.606242
          ],
          [
            116.899652,
            32.606384
          ]
        ]
      },
      "properties": {
        "sport_type": "walk",
        "year": "2025",
        "city": "谢家集区",
        "city_status": "resolved"
      }
    },
    {
      "type": "Feature",
      "geometry": {
        "type": "LineString",
        "coordinates": [
          [
            139.699311,
            35.814188
          ],
          [
            139.699107,
            35.813684
          ],
          [
            139.699036,
            35.813151
          ],
          [
            139.699052,
            35.812601
          ],
          [
            139.699039,
            35.812063
          ],
          [
            139.69902,
            35.811626
          ],
          [
            139.69901,
            35.811086
          ],
          [
            139.69908,
            35.810556
          ],
          [
            139.699106,
            35.810026
          ],
          [
            139.699183,
            35.809503
          ],
          [
            139.699135,
            35.808976
          ]
        ]
      },
      "properties": {
        "sport_type": "walk",
        "year": "2025",
        "city": "川口市",
        "city_status": "resolved"
      }
    },
    {
      "type": "Feature",
      "geometry": {
        "type": "LineString",
        "coordinates": [
          [
            139.698777,
            35.807531
          ],
          [
            139.698672,
            35.807032
          ],
          [
            139.698563,
            35.806511
          ],
          [
            139.698151,
            35.806519
          ],
          [
            139.697938,
            35.806294
          ],
          [
            139.697637,
            35.805891
          ],
          [
            139.697424,
            35.805463
          ],
          [
            139.697286,
            35.805003
          ],
          [
            139.697139,
            35.804538
          ],
          [
            139.696977,
            35.804067
          ],
          [
            139.696846,
            35.803577
          ],
          [
            139.696684,
            35.803096
          ],
          [
            139.696513,
            35.802634
          ],
          [
            139.696417,
            35.802135
          ],
          [
            139.69626,
            35.801647
          ],
          [
            139.696278,
            35.801443
          ],
          [
            139.696221,
            35.801192
          ]
        ]
      },
      "properties": {
        "sport_type": "walk",
        "year": "2025",
        "city": "川口市",
        "city_status": "resolved"
      }
    },
    {
      "type": "Feature",
      "geometry": {
        "type": "LineString",
        "coordinates": [
          [
            139.704995,
            35.79784
          ],
          [
            139.705353,
            35.797466
          ],
          [
            139.705616,
            35.797238
          ],
          [
            139.705775,
            35.797447
          ],
          [
            139.706163,
            35.797606
          ],
          [
            139.706521,
            35.797923
          ],
          [
            139.706845,
            35.798274
          ],
          [
            139.70707,
            35.798664
          ],
          [
            139.707311,
            35.798985
          ],
          [
            139.707324,
            35.799215
          ],
          [
            139.707392,
            35.799616
          ],
          [
            139.707463,
            35.799911
          ],
          [
            139.707516,
            35.800093
          ],
          [
            139.707631,
            35.800536
          ],
          [
            139.707849,
            35.801018
          ],
          [
            139.707975,
            35.801496
          ],
          [
            139.708119,
            35.801972
          ],
          [
            139.708276,
            35.802421
          ],
          [
            139.708402,
            35.802877
          ],
          [
            139.708542,
            35.803388
          ],
          [
            139.70866,
            35.803862
          ],
          [
            139.708836,
            35.804324
          ],
          [
            139.708992,
            35.804788
          ],
          [
            139.709154,
            35.805267
          ],
          [
            139.709315,
            35.805738
          ],
          [
            139.709467,
            35.806246
          ],
          [
            139.709595,
            35.80673
          ],
          [
            139.709272,
            35.806976
          ],
          [
            139.709122,
            35.807347
          ],
          [
            139.709401,
            35.807684
          ],
          [
            139.70994,
            35.807765
          ],
          [
            139.710074,
            35.808178
          ],
          [
            139.710179,
            35.80868
          ],
          [
            139.709684,
            35.808856
          ],
          [
            139.709055,
            35.808995
          ],
          [
            139.708447,
            35.809131
          ],
          [
            139.707823,
            35.80927
          ],
          [
            139.707196,
            35.809405
          ],
          [
            139.706609,
            35.809547
          ],
          [
            139.706059,
            35.809697
          ],
          [
            139.705471,
            35.809802
          ],
          [
            139.704885,
            35.809888
          ]
        ]
      },
      "properties": {
        "sport_type": "walk",
        "year": "2025",
        "city": "川口市",
        "city_status": "resolved"
      }
    },
    {
      "type": "Feature",
      "geometry": {
        "type": "LineString",
        "coordinates": [
          [
            139.70244,
            35.810608
          ],
          [
            139.702445,
            35.811186
          ]
        ]
      },
      "properties": {
        "sport_type": "walk",
        "year": "2025",
        "city": "川口市",
        "city_status": "resolved"
      }
    },
    {
      "type": "Feature",
      "geometry": {
        "type": "LineString",
        "coordinates": [
          [
            139.753258,
            35.672147
          ],
          [
            139.753431,
            35.672163
          ],
          [
            139.75358,
            35.672141
          ],
          [
            139.753717,
            35.672099
          ],
          [
            139.753858,
            35.672052
          ],
          [
            139.754005,
            35.672067
          ],
          [
            139.754138,
            35.672071
          ],
          [
            139.754209,
            35.672067
          ],
          [
            139.754334,
            35.672123
          ],
          [
            139.754472,
            35.67219
          ],
          [
            139.754599,
            35.672256
          ],
          [
            139.754735,
            35.672305
          ]
        ]
      },
      "properties": {
        "sport_type": "walk",
        "year": "2025",
        "city": "港区",
        "city_status": "resolved"
      }
    },
    {
      "type": "Feature",
      "geometry": {
        "type": "LineString",
        "coordinates": [
          [
            139.716639,
            35.807567
          ],
          [
            139.71661,
            35.807664
          ],
          [
            139.716585,
            35.80776
          ],
          [
            139.716563,
            35.807857
          ],
          [
            139.716543,
            35.807953
          ],
          [
            139.716507,
            35.808047
          ],
          [
            139.71646,
            35.808137
          ],
          [
            139.716412,
            35.808225
          ],
          [
            139.716363,
            35.808315
          ],
          [
            139.716292,
            35.808394
          ],
          [
            139.716231,
            35.808475
          ],
          [
            139.716183,
            35.808562
          ],
          [
            139.716113,
            35.808634
          ],
          [
            139.716051,
            35.80871
          ],
          [
            139.715991,
            35.808787
          ],
          [
            139.715931,
            35.808864
          ],
          [
            139.715872,
            35.808941
          ],
          [
            139.715808,
            35.809015
          ],
          [
            139.715741,
            35.809088
          ],
          [
            139.715671,
            35.80916
          ],
          [
            139.715601,
            35.809232
          ],
          [
            139.715533,
            35.809306
          ],
          [
            139.715467,
            35.809381
          ],
          [
            139.715404,
            35.809457
          ],
          [
            139.715344,
            35.809536
          ],
          [
            139.715288,
            35.809617
          ],
          [
            139.715232,
            35.809697
          ],
          [
            139.715176,
            35.809777
          ],
          [
            139.715118,
            35.809858
          ],
          [
            139.715061,
            35.809939
          ],
          [
            139.715004,
            35.810022
          ],
          [
            139.714947,
            35.810105
          ],
          [
            139.714889,
            35.810186
          ],
          [
            139.71483,
            35.810267
          ],
          [
            139.714771,
            35.810347
          ],
          [
            139.714714,
            35.810426
          ],
          [
            139.714656,
            35.810505
          ],
          [
            139.714598,
            35.810584
          ],
          [
            139.714539,
            35.810661
          ],
          [
            139.714482,
            35.810739
          ],
          [
            139.714426,
            35.810817
          ],
          [
            139.714372,
            35.810895
          ],
          [
            139.714319,
            35.810972
          ],
          [
            139.71427,
            35.811048
          ],
          [
            139.714219,
            35.811121
          ],
          [
            139.714169,
            35.811188
          ],
          [
            139.714125,
            35.811247
          ],
          [
            139.714084,
            35.811295
          ],
          [
            139.714038,
            35.811344
          ],
          [
            139.713984,
            35.811401
          ],
          [
            139.713925,
            35.811468
          ],
          [
            139.713866,
            35.81154
          ],
          [
            139.713808,
            35.811614
          ],
          [
            139.713752,
            35.81169
          ],
          [
            139.713696,
            35.811766
          ],
          [
            139.713639,
            35.811843
          ],
          [
            139.713582,
            35.81192
          ],
          [
            139.713527,
            35.811998
          ],
          [
            139.713472,
            35.812077
          ],
          [
            139.713417,
            35.812157
          ],
          [
            139.713363,
            35.812239
          ],
          [
            139.713303,
            35.812318
          ],
          [
            139.713243,
            35.812398
          ],
          [
            139.713184,
            35.812479
          ],
          [
            139.713124,
            35.812557
          ],
          [
            139.713065,
            35.812635
          ],
          [
            139.713007,
            35.812714
          ],
          [
            139.712953,
            35.812796
          ],
          [
            139.712888,
            35.812878
          ],
          [
            139.712838,
            35.812964
          ],
          [
            139.712801,
            35.813052
          ],
          [
            139.712814,
            35.813139
          ],
          [
            139.712819,
            35.813222
          ],
          [
            139.712796,
            35.813302
          ],
          [
            139.712774,
            35.813382
          ],
          [
            139.712749,
            35.813463
          ],
          [
            139.712724,
            35.813544
          ]
        ]
      },
      "properties": {
        "sport_type": "walk",
        "year": "2025",
        "city": "川口市",
        "city_status": "resolved"
      }
    },
    {
      "type": "Feature",
      "geometry": {
        "type": "LineString",
        "coordinates": [
          [
            139.71663,
            35.807605
          ],
          [
            139.716598,
            35.807703
          ],
          [
            139.716571,
            35.807808
          ],
          [
            139.716547,
            35.807919
          ],
          [
            139.716512,
            35.808034
          ],
          [
            139.716458,
            35.808136
          ],
          [
            139.716399,
            35.808233
          ],
          [
            139.71633,
            35.808324
          ],
          [
            139.716257,
            35.808406
          ],
          [
            139.716198,
            35.808495
          ],
          [
            139.716125,
            35.808582
          ],
          [
            139.716055,
            35.808668
          ],
          [
            139.715985,
            35.808754
          ],
          [
            139.715915,
            35.808839
          ],
          [
            139.715844,
            35.808921
          ],
          [
            139.715769,
            35.808999
          ],
          [
            139.715684,
            35.809076
          ],
          [
            139.715594,
            35.809154
          ],
          [
            139.715507,
            35.809235
          ],
          [
            139.715426,
            35.809321
          ],
          [
            139.715354,
            35.80941
          ],
          [
            139.71529,
            35.809502
          ],
          [
            139.715235,
            35.809596
          ],
          [
            139.715183,
            35.809688
          ],
          [
            139.715131,
            35.809782
          ],
          [
            139.715079,
            35.809877
          ],
          [
            139.715027,
            35.809973
          ],
          [
            139.714969,
            35.810065
          ],
          [
            139.714908,
            35.810156
          ],
          [
            139.714844,
            35.810245
          ],
          [
            139.714783,
            35.810333
          ],
          [
            139.714729,
            35.810421
          ],
          [
            139.71468,
            35.81051
          ],
          [
            139.714622,
            35.810596
          ],
          [
            139.714556,
            35.81068
          ],
          [
            139.714487,
            35.810762
          ],
          [
            139.714414,
            35.810844
          ],
          [
            139.714341,
            35.810926
          ],
          [
            139.714269,
            35.811009
          ],
          [
            139.714201,
            35.811094
          ],
          [
            139.714137,
            35.811181
          ],
          [
            139.714072,
            35.811265
          ],
          [
            139.714004,
            35.811344
          ],
          [
            139.713938,
            35.811418
          ],
          [
            139.713871,
            35.811493
          ],
          [
            139.713808,
            35.81157
          ],
          [
            139.713749,
            35.811649
          ],
          [
            139.713692,
            35.811731
          ],
          [
            139.713634,
            35.81182
          ],
          [
            139.713573,
            35.811913
          ],
          [
            139.71351,
            35.812006
          ],
          [
            139.713447,
            35.812101
          ],
          [
            139.713383,
            35.812198
          ],
          [
            139.713321,
            35.812295
          ],
          [
            139.713252,
            35.812388
          ],
          [
            139.713167,
            35.81247
          ],
          [
            139.713094,
            35.812558
          ],
          [
            139.713044,
            35.812633
          ],
          [
            139.712987,
            35.812714
          ],
          [
            139.712927,
            35.812789
          ],
          [
            139.712858,
            35.812861
          ],
          [
            139.712804,
            35.812952
          ],
          [
            139.712762,
            35.813048
          ],
          [
            139.712762,
            35.813132
          ],
          [
            139.712751,
            35.813228
          ],
          [
            139.712726,
            35.813323
          ],
          [
            139.712692,
            35.813415
          ],
          [
            139.712661,
            35.813509
          ]
        ]
      },
      "properties": {
        "sport_type": "walk",
        "year": "2025",
        "city": "川口市",
        "city_status": "resolved"
      }
    },
    {
      "type": "Feature",
      "geometry": {
        "type": "LineString",
        "coordinates": [
          [
            139.719387,
            35.799033
          ],
          [
            139.719434,
            35.798694
          ],
          [
            139.719468,
            35.798355
          ],
          [
            139.719537,
            35.798026
          ],
          [
            139.719504,
            35.797726
          ],
          [
            139.719154,
            35.797684
          ],
          [
            139.718771,
            35.797756
          ],
          [
            139.718789,
            35.797892
          ],
          [
            139.71896,
            35.79775
          ],
          [
            139.719305,
            35.797692
          ],
          [
            139.71956,
            35.797476
          ],
          [
            139.719691,
            35.797153
          ],
          [
            139.719883,
            35.796876
          ],
          [
            139.720019,
            35.79669
          ],
          [
            139.720144,
            35.796435
          ],
          [
            139.720354,
            35.796144
          ],
          [
            139.720602,
            35.795874
          ],
          [
            139.720824,
            35.795582
          ],
          [
            139.720999,
            35.795266
          ],
          [
            139.721055,
            35.794982
          ],
          [
            139.721144,
            35.794683
          ],
          [
            139.721348,
            35.794562
          ],
          [
            139.721698,
            35.794534
          ],
          [
            139.722105,
            35.794477
          ],
          [
            139.722343,
            35.794274
          ],
          [
            139.722317,
            35.793931
          ],
          [
            139.722351,
            35.793584
          ],
          [
            139.72233,
            35.793415
          ],
          [
            139.722695,
            35.793422
          ],
          [
            139.723094,
            35.793383
          ],
          [
            139.723505,
            35.793318
          ],
          [
            139.723935,
            35.793252
          ],
          [
            139.724354,
            35.793249
          ],
          [
            139.724738,
            35.79321
          ],
          [
            139.725117,
            35.793134
          ],
          [
            139.725397,
            35.793171
          ],
          [
            139.725555,
            35.793419
          ],
          [
            139.725739,
            35.793666
          ],
          [
            139.725904,
            35.793924
          ],
          [
            139.725952,
            35.793981
          ],
          [
            139.726108,
            35.794141
          ],
          [
            139.726291,
            35.794408
          ],
          [
            139.726471,
            35.794683
          ],
          [
            139.726578,
            35.794978
          ],
          [
            139.726618,
            35.795281
          ],
          [
            139.726614,
            35.795575
          ],
          [
            139.726596,
            35.795903
          ],
          [
            139.726572,
            35.79621
          ],
          [
            139.726572,
            35.7965
          ],
          [
            139.726555,
            35.796839
          ],
          [
            139.726433,
            35.797155
          ],
          [
            139.726153,
            35.797388
          ],
          [
            139.725832,
            35.797582
          ],
          [
            139.725507,
            35.797765
          ],
          [
            139.725194,
            35.797956
          ],
          [
            139.724883,
            35.798139
          ],
          [
            139.724565,
            35.798335
          ],
          [
            139.724371,
            35.798608
          ],
          [
            139.724472,
            35.798955
          ],
          [
            139.72456,
            35.799309
          ],
          [
            139.724626,
            35.799656
          ],
          [
            139.724708,
            35.799989
          ],
          [
            139.724787,
            35.800311
          ],
          [
            139.724843,
            35.800633
          ],
          [
            139.724916,
            35.80097
          ],
          [
            139.724973,
            35.801314
          ],
          [
            139.725053,
            35.801653
          ],
          [
            139.725144,
            35.80199
          ],
          [
            139.725231,
            35.802333
          ],
          [
            139.725313,
            35.802674
          ],
          [
            139.725398,
            35.803001
          ],
          [
            139.725478,
            35.803328
          ],
          [
            139.725557,
            35.803659
          ],
          [
            139.72564,
            35.80398
          ],
          [
            139.725726,
            35.804166
          ],
          [
            139.725734,
            35.804269
          ],
          [
            139.725773,
            35.804569
          ],
          [
            139.725802,
            35.8049
          ],
          [
            139.725873,
            35.805235
          ],
          [
            139.725922,
            35.805515
          ],
          [
            139.725898,
            35.805802
          ],
          [
            139.725814,
            35.806129
          ],
          [
            139.725725,
            35.806453
          ],
          [
            139.725646,
            35.806775
          ],
          [
            139.72555,
            35.807085
          ],
          [
            139.725479,
            35.807344
          ],
          [
            139.725481,
            35.807581
          ],
          [
            139.725441,
            35.807916
          ],
          [
            139.725343,
            35.808233
          ],
          [
            139.725306,
            35.80855
          ],
          [
            139.72524,
            35.808845
          ],
          [
            139.725149,
            35.809166
          ],
          [
            139.725068,
            35.809478
          ],
          [
            139.725,
            35.809793
          ],
          [
            139.724936,
            35.810109
          ],
          [
            139.724871,
            35.810433
          ],
          [
            139.724806,
            35.810759
          ],
          [
            139.724723,
            35.811076
          ],
          [
            139.724658,
            35.811383
          ],
          [
            139.724606,
            35.811695
          ],
          [
            139.724546,
            35.812006
          ],
          [
            139.724483,
            35.812304
          ],
          [
            139.724411,
            35.812608
          ],
          [
            139.724333,
            35.812925
          ],
          [
            139.724249,
            35.813237
          ],
          [
            139.72419,
            35.813551
          ],
          [
            139.724148,
            35.813865
          ],
          [
            139.724091,
            35.814182
          ],
          [
            139.723965,
            35.814458
          ],
          [
            139.723647,
            35.814482
          ],
          [
            139.723285,
            35.814431
          ],
          [
            139.722911,
            35.814393
          ],
          [
            139.722552,
            35.814338
          ],
          [
            139.722178,
            35.814283
          ],
          [
            139.721806,
            35.814228
          ],
          [
            139.721403,
            35.814193
          ],
          [
            139.721016,
            35.814148
          ],
          [
            139.720653,
            35.814088
          ],
          [
            139.720295,
            35.814032
          ],
          [
            139.719921,
            35.813988
          ],
          [
            139.719527,
            35.813922
          ],
          [
            139.719126,
            35.813906
          ],
          [
            139.718714,
            35.813868
          ],
          [
            139.718311,
            35.813837
          ],
          [
            139.717947,
            35.813764
          ],
          [
            139.71766,
            35.813759
          ],
          [
            139.717569,
            35.814023
          ],
          [
            139.717427,
            35.814308
          ],
          [
            139.717155,
            35.814412
          ],
          [
            139.71675,
            35.814367
          ],
          [
            139.716358,
            35.814321
          ],
          [
            139.716008,
            35.814342
          ]
        ]
      },
      "properties": {
        "sport_type": "walk",
        "year": "2025",
        "city": "川口市",
        "city_status": "resolved"
      }
    },
    {
      "type": "Feature",
      "geometry": {
        "type": "LineString",
        "coordinates": [
          [
            139.23571,
            35.431561
          ],
          [
            139.235593,
            35.431521
          ],
          [
            139.235504,
            35.431529
          ],
          [
            139.23548,
            35.43154
          ],
          [
            139.235459,
            35.431559
          ],
          [
            139.235511,
            35.431556
          ],
          [
            139.235501,
            35.431567
          ],
          [
            139.235499,
            35.431568
          ],
          [
            139.235499,
            35.431568
          ],
          [
            139.235499,
            35.431568
          ],
          [
            139.235499,
            35.431568
          ],
          [
            139.235499,
            35.431568
          ],
          [
            139.235499,
            35.431568
          ],
          [
            139.235508,
            35.431569
          ],
          [
            139.235577,
            35.431585
          ],
          [
            139.235577,
            35.431586
          ],
          [
            139.235577,
            35.431586
          ],
          [
            139.235577,
            35.431586
          ],
          [
            139.235525,
            35.431596
          ],
          [
            139.235511,
            35.431539
          ],
          [
            139.235445,
            35.431525
          ],
          [
            139.235376,
            35.431463
          ],
          [
            139.235305,
            35.43139
          ],
          [
            139.235253,
            35.43139
          ],
          [
            139.235269,
            35.431375
          ],
          [
            139.235237,
            35.431304
          ],
          [
            139.235102,
            35.431275
          ],
          [
            139.234986,
            35.431333
          ],
          [
            139.234939,
            35.431405
          ],
          [
            139.234977,
            35.431437
          ],
          [
            139.234955,
            35.431492
          ],
          [
            139.234961,
            35.431503
          ],
          [
            139.234965,
            35.431528
          ],
          [
            139.234905,
            35.431527
          ],
          [
            139.234896,
            35.431535
          ],
          [
            139.234882,
            35.43159
          ],
          [
            139.234829,
            35.431555
          ],
          [
            139.23473,
            35.431502
          ],
          [
            139.234704,
            35.431509
          ],
          [
            139.234607,
            35.431443
          ],
          [
            139.234545,
            35.431394
          ],
          [
            139.234526,
            35.431321
          ],
          [
            139.234425,
            35.431372
          ],
          [
            139.234376,
            35.43144
          ],
          [
            139.234365,
            35.431477
          ],
          [
            139.234379,
            35.431544
          ],
          [
            139.234443,
            35.431611
          ],
          [
            139.234474,
            35.431666
          ],
          [
            139.234441,
            35.431695
          ],
          [
            139.234453,
            35.431708
          ],
          [
            139.234444,
            35.431696
          ],
          [
            139.234402,
            35.431719
          ],
          [
            139.234383,
            35.431727
          ],
          [
            139.234383,
            35.431748
          ],
          [
            139.234316,
            35.431723
          ],
          [
            139.234234,
            35.431714
          ],
          [
            139.234132,
            35.431737
          ],
          [
            139.234097,
            35.431802
          ],
          [
            139.234097,
            35.431863
          ],
          [
            139.234067,
            35.431885
          ],
          [
            139.234049,
            35.431876
          ],
          [
            139.234016,
            35.431906
          ],
          [
            139.233985,
            35.431933
          ],
          [
            139.233897,
            35.431945
          ],
          [
            139.2338,
            35.431954
          ],
          [
            139.233764,
            35.431996
          ],
          [
            139.233768,
            35.432057
          ],
          [
            139.233747,
            35.432107
          ],
          [
            139.233671,
            35.432099
          ],
          [
            139.233566,
            35.432181
          ],
          [
            139.233551,
            35.432191
          ],
          [
            139.233533,
            35.432258
          ],
          [
            139.233506,
            35.432283
          ],
          [
            139.233505,
            35.432303
          ],
          [
            139.233392,
            35.432364
          ],
          [
            139.233358,
            35.43238
          ],
          [
            139.233402,
            35.432436
          ],
          [
            139.233412,
            35.432417
          ],
          [
            139.233428,
            35.432436
          ],
          [
            139.233427,
            35.432438
          ],
          [
            139.233439,
            35.432432
          ],
          [
            139.233439,
            35.432438
          ],
          [
            139.233445,
            35.432444
          ],
          [
            139.23344,
            35.432456
          ],
          [
            139.233419,
            35.43246
          ],
          [
            139.233403,
            35.432471
          ],
          [
            139.233399,
            35.432483
          ],
          [
            139.233388,
            35.43249
          ],
          [
            139.233429,
            35.43245
          ],
          [
            139.233407,
            35.432442
          ],
          [
            139.233405,
            35.432427
          ],
          [
            139.23334,
            35.432426
          ],
          [
            139.233258,
            35.43243
          ],
          [
            139.233245,
            35.432458
          ],
          [
            139.233239,
            35.432517
          ],
          [
            139.233285,
            35.432532
          ],
          [
            139.233133,
            35.43253
          ],
          [
            139.233078,
            35.43261
          ],
          [
            139.233119,
            35.432653
          ],
          [
            139.233169,
            35.432708
          ],
          [
            139.233164,
            35.432711
          ],
          [
            139.233124,
            35.432724
          ],
          [
            139.23315,
            35.432782
          ],
          [
            139.233292,
            35.432854
          ],
          [
            139.233247,
            35.432905
          ],
          [
            139.233257,
            35.432939
          ],
          [
            139.233251,
            35.432914
          ],
          [
            139.233213,
            35.432921
          ],
          [
            139.233186,
            35.43293
          ],
          [
            139.233147,
            35.432927
          ],
          [
            139.233133,
            35.432961
          ],
          [
            139.233067,
            35.432993
          ],
          [
            139.233055,
            35.432984
          ],
          [
            139.233013,
            35.432983
          ],
          [
            139.232959,
            35.432998
          ],
          [
            139.23294,
            35.433012
          ],
          [
            139.232901,
            35.433033
          ],
          [
            139.232883,
            35.43306
          ],
          [
            139.232866,
            35.433083
          ],
          [
            139.232877,
            35.433142
          ],
          [
            139.23287,
            35.433147
          ],
          [
            139.232869,
            35.43313
          ],
          [
            139.23284,
            35.433176
          ],
          [
            139.232801,
            35.433207
          ],
          [
            139.232724,
            35.433181
          ],
          [
            139.232733,
            35.433305
          ],
          [
            139.232773,
            35.433355
          ],
          [
            139.232749,
            35.433376
          ],
          [
            139.232753,
            35.433434
          ],
          [
            139.23271,
            35.433488
          ],
          [
            139.232602,
            35.433528
          ],
          [
            139.232567,
            35.433611
          ],
          [
            139.232628,
            35.433777
          ],
          [
            139.232682,
            35.433841
          ],
          [
            139.232685,
            35.433935
          ],
          [
            139.232702,
            35.434063
          ],
          [
            139.232714,
            35.434156
          ],
          [
            139.232723,
            35.43428
          ],
          [
            139.232783,
            35.434416
          ],
          [
            139.232775,
            35.434526
          ],
          [
            139.232735,
            35.434632
          ],
          [
            139.232724,
            35.434647
          ]
        ]
      },
      "properties": {
        "sport_type": "hike",
        "year": "2025",
        "city": "伊勢原市",
        "city_status": "resolved"
      }
    },
    {
      "type": "Feature",
      "geometry": {
        "type": "LineString",
        "coordinates": [
          [
            139.233367,
            35.440585
          ],
          [
            139.233607,
            35.440623
          ],
          [
            139.233945,
            35.440705
          ],
          [
            139.234212,
            35.44085
          ],
          [
            139.234449,
            35.440973
          ],
          [
            139.234724,
            35.441034
          ],
          [
            139.235001,
            35.441001
          ],
          [
            139.235154,
            35.440944
          ],
          [
            139.235267,
            35.440909
          ],
          [
            139.235334,
            35.440837
          ],
          [
            139.235342,
            35.440839
          ],
          [
            139.235351,
            35.440851
          ],
          [
            139.235345,
            35.440859
          ],
          [
            139.235441,
            35.440864
          ],
          [
            139.235591,
            35.440779
          ],
          [
            139.235672,
            35.440673
          ],
          [
            139.235698,
            35.440647
          ],
          [
            139.235875,
            35.440517
          ],
          [
            139.23608,
            35.440483
          ],
          [
            139.236305,
            35.44043
          ],
          [
            139.236424,
            35.440314
          ],
          [
            139.236562,
            35.440258
          ],
          [
            139.236619,
            35.440144
          ],
          [
            139.236736,
            35.440078
          ],
          [
            139.236868,
            35.440072
          ],
          [
            139.236939,
            35.440014
          ],
          [
            139.236989,
            35.43996
          ],
          [
            139.237073,
            35.439883
          ],
          [
            139.237184,
            35.439855
          ],
          [
            139.237266,
            35.439768
          ],
          [
            139.237114,
            35.43959
          ],
          [
            139.237297,
            35.439552
          ],
          [
            139.237489,
            35.439553
          ],
          [
            139.237675,
            35.439588
          ],
          [
            139.237798,
            35.439574
          ],
          [
            139.237859,
            35.439495
          ],
          [
            139.237945,
            35.439436
          ],
          [
            139.238048,
            35.439346
          ],
          [
            139.238136,
            35.439207
          ],
          [
            139.238255,
            35.439156
          ],
          [
            139.238208,
            35.439003
          ],
          [
            139.238355,
            35.438991
          ],
          [
            139.238376,
            35.438838
          ],
          [
            139.238468,
            35.438725
          ],
          [
            139.238364,
            35.438529
          ],
          [
            139.238369,
            35.438497
          ],
          [
            139.238558,
            35.438459
          ],
          [
            139.238737,
            35.438493
          ],
          [
            139.238919,
            35.438372
          ],
          [
            139.239056,
            35.438229
          ],
          [
            139.239176,
            35.438057
          ],
          [
            139.239254,
            35.437976
          ],
          [
            139.239366,
            35.437783
          ],
          [
            139.239288,
            35.4376
          ],
          [
            139.239266,
            35.437482
          ],
          [
            139.239237,
            35.437387
          ],
          [
            139.239335,
            35.437356
          ],
          [
            139.239512,
            35.437265
          ],
          [
            139.239471,
            35.437108
          ],
          [
            139.239349,
            35.437002
          ],
          [
            139.239459,
            35.437022
          ],
          [
            139.239734,
            35.437059
          ],
          [
            139.23997,
            35.437059
          ],
          [
            139.240044,
            35.436989
          ],
          [
            139.239812,
            35.436854
          ],
          [
            139.239727,
            35.436792
          ],
          [
            139.239631,
            35.436575
          ],
          [
            139.239539,
            35.43642
          ],
          [
            139.239503,
            35.436279
          ],
          [
            139.239651,
            35.436351
          ],
          [
            139.23982,
            35.436475
          ],
          [
            139.239875,
            35.436487
          ],
          [
            139.23992,
            35.436531
          ],
          [
            139.240076,
            35.436619
          ],
          [
            139.24014,
            35.436649
          ],
          [
            139.240284,
            35.436677
          ],
          [
            139.240471,
            35.436705
          ],
          [
            139.240525,
            35.436652
          ],
          [
            139.24076,
            35.436598
          ],
          [
            139.241085,
            35.436494
          ],
          [
            139.241191,
            35.436405
          ],
          [
            139.241371,
            35.436372
          ],
          [
            139.241497,
            35.436295
          ],
          [
            139.241651,
            35.436145
          ],
          [
            139.241931,
            35.435952
          ],
          [
            139.242183,
            35.435807
          ],
          [
            139.24244,
            35.435708
          ],
          [
            139.242568,
            35.435573
          ],
          [
            139.242672,
            35.435483
          ],
          [
            139.242491,
            35.435404
          ],
          [
            139.242604,
            35.435334
          ],
          [
            139.242751,
            35.435315
          ],
          [
            139.243019,
            35.43537
          ],
          [
            139.243285,
            35.435399
          ],
          [
            139.243515,
            35.435275
          ],
          [
            139.243824,
            35.435171
          ],
          [
            139.244114,
            35.435071
          ],
          [
            139.244317,
            35.435053
          ],
          [
            139.244606,
            35.434939
          ],
          [
            139.244908,
            35.434775
          ],
          [
            139.245187,
            35.434632
          ],
          [
            139.245225,
            35.434637
          ],
          [
            139.245226,
            35.434629
          ],
          [
            139.245227,
            35.434622
          ],
          [
            139.24522,
            35.434622
          ],
          [
            139.245291,
            35.434541
          ],
          [
            139.245295,
            35.434453
          ],
          [
            139.245009,
            35.434486
          ],
          [
            139.244817,
            35.434583
          ],
          [
            139.244653,
            35.434688
          ],
          [
            139.244405,
            35.434729
          ],
          [
            139.244212,
            35.434839
          ],
          [
            139.24401,
            35.434882
          ],
          [
            139.243768,
            35.434973
          ],
          [
            139.24359,
            35.435034
          ],
          [
            139.243367,
            35.435143
          ],
          [
            139.24311,
            35.435081
          ],
          [
            139.242867,
            35.434925
          ],
          [
            139.242541,
            35.434868
          ],
          [
            139.242281,
            35.434986
          ],
          [
            139.242008,
            35.435071
          ],
          [
            139.241745,
            35.435053
          ],
          [
            139.241512,
            35.435187
          ],
          [
            139.241249,
            35.435389
          ],
          [
            139.241184,
            35.43548
          ],
          [
            139.241161,
            35.435448
          ],
          [
            139.241156,
            35.435538
          ],
          [
            139.241095,
            35.435406
          ],
          [
            139.240899,
            35.435147
          ],
          [
            139.24062,
            35.434925
          ],
          [
            139.240272,
            35.434864
          ],
          [
            139.240268,
            35.434711
          ],
          [
            139.240175,
            35.434474
          ],
          [
            139.24004,
            35.434236
          ],
          [
            139.239847,
            35.434064
          ],
          [
            139.23958,
            35.433989
          ],
          [
            139.239358,
            35.433986
          ],
          [
            139.239304,
            35.433941
          ],
          [
            139.239219,
            35.433907
          ],
          [
            139.239062,
            35.43395
          ],
          [
            139.238987,
            35.433933
          ],
          [
            139.238613,
            35.434004
          ],
          [
            139.238287,
            35.434142
          ],
          [
            139.238284,
            35.434192
          ],
          [
            139.238275,
            35.433928
          ],
          [
            139.2383,
            35.433621
          ],
          [
            139.238406,
            35.433368
          ],
          [
            139.238243,
            35.433031
          ],
          [
            139.237923,
            35.4328
          ],
          [
            139.237824,
            35.432714
          ]
        ]
      },
      "properties": {
        "sport_type": "hike",
        "year": "2025",
        "city": "伊勢原市",
        "city_status": "resolved"
      }
    },
    {
      "type": "Feature",
      "geometry": {
        "type": "LineString",
        "coordinates": [
          [
            139.716614,
            35.807627
          ],
          [
            139.716579,
            35.807714
          ],
          [
            139.716562,
            35.807797
          ],
          [
            139.71655,
            35.80789
          ],
          [
            139.716515,
            35.807988
          ],
          [
            139.716476,
            35.808081
          ],
          [
            139.716429,
            35.808174
          ],
          [
            139.716368,
            35.808254
          ],
          [
            139.716291,
            35.808333
          ],
          [
            139.716219,
            35.808407
          ],
          [
            139.716186,
            35.808494
          ],
          [
            139.716137,
            35.80856
          ],
          [
            139.71607,
            35.808645
          ],
          [
            139.716007,
            35.808731
          ],
          [
            139.715946,
            35.808817
          ],
          [
            139.715883,
            35.808902
          ],
          [
            139.715819,
            35.808985
          ],
          [
            139.715753,
            35.809064
          ],
          [
            139.715683,
            35.809141
          ],
          [
            139.71561,
            35.80922
          ],
          [
            139.715543,
            35.809301
          ],
          [
            139.715482,
            35.80938
          ],
          [
            139.715425,
            35.809456
          ],
          [
            139.715371,
            35.809531
          ],
          [
            139.715319,
            35.809608
          ],
          [
            139.715263,
            35.809686
          ],
          [
            139.715202,
            35.809764
          ],
          [
            139.715136,
            35.809844
          ],
          [
            139.715072,
            35.809925
          ],
          [
            139.715011,
            35.810005
          ],
          [
            139.714949,
            35.810089
          ],
          [
            139.714889,
            35.810176
          ],
          [
            139.714829,
            35.810263
          ],
          [
            139.714767,
            35.810352
          ],
          [
            139.714706,
            35.810441
          ],
          [
            139.71465,
            35.810528
          ],
          [
            139.714592,
            35.810612
          ],
          [
            139.714531,
            35.810692
          ],
          [
            139.714468,
            35.810767
          ],
          [
            139.714408,
            35.810838
          ],
          [
            139.714351,
            35.810909
          ],
          [
            139.714291,
            35.810983
          ],
          [
            139.714229,
            35.811061
          ],
          [
            139.714168,
            35.811144
          ],
          [
            139.71411,
            35.81123
          ],
          [
            139.71405,
            35.811315
          ],
          [
            139.713985,
            35.811399
          ],
          [
            139.713918,
            35.811481
          ],
          [
            139.713848,
            35.811563
          ],
          [
            139.713777,
            35.811643
          ],
          [
            139.71371,
            35.811723
          ],
          [
            139.713648,
            35.811804
          ],
          [
            139.71359,
            35.811884
          ],
          [
            139.713532,
            35.811964
          ],
          [
            139.713474,
            35.812042
          ],
          [
            139.713419,
            35.812119
          ],
          [
            139.713366,
            35.812198
          ],
          [
            139.713315,
            35.812281
          ],
          [
            139.713255,
            35.81236
          ],
          [
            139.713196,
            35.81244
          ],
          [
            139.713134,
            35.812518
          ],
          [
            139.713062,
            35.812594
          ],
          [
            139.712987,
            35.812668
          ],
          [
            139.712908,
            35.812739
          ],
          [
            139.712848,
            35.812813
          ],
          [
            139.712806,
            35.812879
          ],
          [
            139.712792,
            35.81287
          ],
          [
            139.712796,
            35.812869
          ],
          [
            139.712806,
            35.812872
          ],
          [
            139.71281,
            35.812882
          ],
          [
            139.712787,
            35.81295
          ],
          [
            139.712756,
            35.813037
          ],
          [
            139.712741,
            35.813133
          ],
          [
            139.712734,
            35.813222
          ],
          [
            139.712723,
            35.813318
          ],
          [
            139.7127,
            35.81341
          ],
          [
            139.712677,
            35.813502
          ]
        ]
      },
      "properties": {
        "sport_type": "walk",
        "year": "2025",
        "city": "川口市",
        "city_status": "resolved"
      }
    },
    {
      "type": "Feature",
      "geometry": {
        "type": "LineString",
        "coordinates": [
          [
            139.700167,
            35.813703
          ],
          [
            139.700028,
            35.813693
          ],
          [
            139.699879,
            35.81369
          ],
          [
            139.699718,
            35.813692
          ],
          [
            139.699546,
            35.813693
          ],
          [
            139.699377,
            35.813693
          ],
          [
            139.699232,
            35.813685
          ],
          [
            139.699123,
            35.813663
          ],
          [
            139.699055,
            35.813622
          ],
          [
            139.699012,
            35.813553
          ],
          [
            139.698971,
            35.813456
          ],
          [
            139.698914,
            35.813352
          ],
          [
            139.698814,
            35.813269
          ],
          [
            139.69867,
            35.813209
          ],
          [
            139.698502,
            35.813161
          ],
          [
            139.698322,
            35.813116
          ],
          [
            139.698137,
            35.813073
          ],
          [
            139.697954,
            35.813032
          ],
          [
            139.697774,
            35.812991
          ],
          [
            139.697598,
            35.812946
          ],
          [
            139.697426,
            35.812896
          ],
          [
            139.697255,
            35.812839
          ],
          [
            139.697087,
            35.812777
          ],
          [
            139.69692,
            35.812709
          ],
          [
            139.696752,
            35.812636
          ],
          [
            139.696586,
            35.812562
          ],
          [
            139.696427,
            35.812491
          ],
          [
            139.696281,
            35.812423
          ],
          [
            139.696154,
            35.81236
          ],
          [
            139.696047,
            35.812299
          ],
          [
            139.695954,
            35.812235
          ],
          [
            139.695883,
            35.812161
          ],
          [
            139.695827,
            35.81208
          ],
          [
            139.695778,
            35.811995
          ],
          [
            139.695733,
            35.811906
          ],
          [
            139.695693,
            35.811814
          ],
          [
            139.695653,
            35.81172
          ],
          [
            139.695614,
            35.811623
          ],
          [
            139.695576,
            35.811526
          ],
          [
            139.695537,
            35.811428
          ],
          [
            139.695495,
            35.811331
          ],
          [
            139.695453,
            35.811236
          ],
          [
            139.695411,
            35.811142
          ],
          [
            139.69537,
            35.811052
          ],
          [
            139.69533,
            35.810966
          ],
          [
            139.695294,
            35.810887
          ],
          [
            139.695254,
            35.810806
          ],
          [
            139.695213,
            35.810715
          ],
          [
            139.695174,
            35.810619
          ],
          [
            139.695135,
            35.810519
          ],
          [
            139.695093,
            35.81042
          ],
          [
            139.695048,
            35.81032
          ],
          [
            139.695002,
            35.810222
          ],
          [
            139.694955,
            35.810124
          ],
          [
            139.694905,
            35.810027
          ],
          [
            139.694854,
            35.809929
          ],
          [
            139.694805,
            35.809831
          ],
          [
            139.694757,
            35.809733
          ],
          [
            139.69471,
            35.809634
          ],
          [
            139.694664,
            35.809535
          ],
          [
            139.694618,
            35.809437
          ],
          [
            139.694574,
            35.809338
          ],
          [
            139.69453,
            35.809238
          ],
          [
            139.694487,
            35.809138
          ],
          [
            139.694443,
            35.809033
          ],
          [
            139.694396,
            35.808923
          ],
          [
            139.694338,
            35.808804
          ],
          [
            139.694262,
            35.808676
          ],
          [
            139.694161,
            35.808535
          ],
          [
            139.694044,
            35.808389
          ],
          [
            139.693924,
            35.808244
          ],
          [
            139.693806,
            35.808103
          ],
          [
            139.693701,
            35.807977
          ],
          [
            139.693611,
            35.807866
          ],
          [
            139.693532,
            35.80776
          ],
          [
            139.693455,
            35.807643
          ],
          [
            139.693376,
            35.807502
          ],
          [
            139.693301,
            35.807344
          ],
          [
            139.693233,
            35.807178
          ],
          [
            139.693171,
            35.807012
          ],
          [
            139.693117,
            35.806848
          ],
          [
            139.693069,
            35.806683
          ],
          [
            139.693029,
            35.806515
          ],
          [
            139.69299,
            35.806349
          ],
          [
            139.69295,
            35.806186
          ],
          [
            139.692912,
            35.806024
          ],
          [
            139.692876,
            35.805865
          ],
          [
            139.692844,
            35.80571
          ],
          [
            139.692815,
            35.805559
          ],
          [
            139.692792,
            35.805421
          ],
          [
            139.692775,
            35.805299
          ],
          [
            139.692759,
            35.805193
          ],
          [
            139.692741,
            35.805096
          ],
          [
            139.692718,
            35.805002
          ],
          [
            139.692691,
            35.804906
          ],
          [
            139.692669,
            35.804831
          ],
          [
            139.692624,
            35.804717
          ],
          [
            139.692635,
            35.804571
          ],
          [
            139.692611,
            35.804469
          ],
          [
            139.692564,
            35.80437
          ],
          [
            139.69252,
            35.804279
          ],
          [
            139.6925,
            35.804196
          ],
          [
            139.692484,
            35.804119
          ],
          [
            139.692473,
            35.804049
          ],
          [
            139.692456,
            35.803985
          ],
          [
            139.692436,
            35.803921
          ],
          [
            139.692403,
            35.803838
          ],
          [
            139.69238,
            35.803747
          ],
          [
            139.692354,
            35.80365
          ],
          [
            139.692326,
            35.803549
          ],
          [
            139.692298,
            35.803442
          ],
          [
            139.692272,
            35.803332
          ],
          [
            139.692248,
            35.803222
          ],
          [
            139.692227,
            35.803117
          ],
          [
            139.692219,
            35.803066
          ]
        ]
      },
      "properties": {
        "sport_type": "walk",
        "year": "2025",
        "city": "川口市",
        "city_status": "resolved"
      }
    },
    {
      "type": "Feature",
      "geometry": {
        "type": "LineString",
        "coordinates": [
          [
            139.694146,
            35.811648
          ],
          [
            139.694463,
            35.811789
          ],
          [
            139.694799,
            35.81192
          ],
          [
            139.69516,
            35.812058
          ],
          [
            139.695537,
            35.812207
          ],
          [
            139.695875,
            35.81236
          ],
          [
            139.696129,
            35.812447
          ],
          [
            139.696415,
            35.812518
          ],
          [
            139.696737,
            35.812688
          ],
          [
            139.697079,
            35.812844
          ],
          [
            139.697452,
            35.812955
          ],
          [
            139.697844,
            35.813027
          ],
          [
            139.698244,
            35.813097
          ],
          [
            139.698629,
            35.813216
          ],
          [
            139.698943,
            35.813327
          ],
          [
            139.699106,
            35.813573
          ],
          [
            139.699473,
            35.813657
          ],
          [
            139.699892,
            35.813677
          ]
        ]
      },
      "properties": {
        "sport_type": "walk",
        "year": "2025",
        "city": "戸田市",
        "city_status": "resolved"
      }
    },
    {
      "type": "Feature",
      "geometry": {
        "type": "LineString",
        "coordinates": [
          [
            139.716629,
            35.807583
          ],
          [
            139.71661,
            35.8077
          ],
          [
            139.716583,
            35.80781
          ],
          [
            139.716558,
            35.807922
          ],
          [
            139.716524,
            35.808029
          ],
          [
            139.716483,
            35.808132
          ],
          [
            139.716431,
            35.808218
          ],
          [
            139.716367,
            35.808309
          ],
          [
            139.716302,
            35.808403
          ],
          [
            139.71624,
            35.808499
          ],
          [
            139.716168,
            35.808591
          ],
          [
            139.716103,
            35.808688
          ],
          [
            139.716037,
            35.80878
          ],
          [
            139.715966,
            35.808871
          ],
          [
            139.715891,
            35.808959
          ],
          [
            139.715811,
            35.809045
          ],
          [
            139.715728,
            35.809131
          ],
          [
            139.715642,
            35.809216
          ],
          [
            139.715559,
            35.809302
          ],
          [
            139.715482,
            35.809389
          ],
          [
            139.715412,
            35.809479
          ],
          [
            139.715349,
            35.809572
          ],
          [
            139.715289,
            35.809666
          ],
          [
            139.715226,
            35.809758
          ],
          [
            139.715158,
            35.809849
          ],
          [
            139.715089,
            35.809941
          ],
          [
            139.715018,
            35.810034
          ],
          [
            139.714947,
            35.810127
          ],
          [
            139.714874,
            35.810219
          ],
          [
            139.714799,
            35.810311
          ],
          [
            139.71473,
            35.810406
          ],
          [
            139.714663,
            35.810501
          ],
          [
            139.714597,
            35.810597
          ],
          [
            139.71453,
            35.810693
          ],
          [
            139.714463,
            35.810788
          ],
          [
            139.714398,
            35.810885
          ],
          [
            139.714337,
            35.810982
          ],
          [
            139.714275,
            35.811076
          ],
          [
            139.714209,
            35.811166
          ],
          [
            139.714147,
            35.811246
          ],
          [
            139.714092,
            35.811312
          ],
          [
            139.71403,
            35.811381
          ],
          [
            139.71396,
            35.811463
          ],
          [
            139.71389,
            35.811551
          ],
          [
            139.713822,
            35.811639
          ],
          [
            139.713756,
            35.811728
          ],
          [
            139.71369,
            35.811822
          ],
          [
            139.713623,
            35.811916
          ],
          [
            139.713557,
            35.81201
          ],
          [
            139.713491,
            35.812103
          ],
          [
            139.713426,
            35.812195
          ],
          [
            139.71336,
            35.812287
          ],
          [
            139.71329,
            35.812376
          ],
          [
            139.713221,
            35.812464
          ],
          [
            139.713153,
            35.812554
          ],
          [
            139.71309,
            35.812646
          ],
          [
            139.713024,
            35.812737
          ],
          [
            139.712962,
            35.812832
          ],
          [
            139.712908,
            35.812922
          ],
          [
            139.712874,
            35.812962
          ],
          [
            139.71287,
            35.812961
          ],
          [
            139.712852,
            35.812979
          ],
          [
            139.712815,
            35.813054
          ],
          [
            139.712814,
            35.813165
          ],
          [
            139.712836,
            35.813264
          ],
          [
            139.712808,
            35.813355
          ],
          [
            139.71278,
            35.813454
          ],
          [
            139.712755,
            35.813554
          ]
        ]
      },
      "properties": {
        "sport_type": "walk",
        "year": "2025",
        "city": "川口市",
        "city_status": "resolved"
      }
    },
    {
      "type": "Feature",
      "geometry": {
        "type": "LineString",
        "coordinates": [
          [
            139.7165,
            35.81812
          ],
          [
            139.71676,
            35.818138
          ],
          [
            139.717047,
            35.81816
          ],
          [
            139.717336,
            35.818172
          ],
          [
            139.717616,
            35.818187
          ],
          [
            139.717878,
            35.818215
          ],
          [
            139.718149,
            35.818239
          ],
          [
            139.718417,
            35.818258
          ],
          [
            139.71869,
            35.818256
          ],
          [
            139.71897,
            35.818258
          ],
          [
            139.719254,
            35.818233
          ],
          [
            139.719551,
            35.818207
          ],
          [
            139.719841,
            35.818205
          ],
          [
            139.72013,
            35.818195
          ],
          [
            139.720426,
            35.818188
          ],
          [
            139.720702,
            35.818145
          ],
          [
            139.720995,
            35.818096
          ],
          [
            139.721262,
            35.818043
          ],
          [
            139.721447,
            35.818053
          ],
          [
            139.721445,
            35.818273
          ],
          [
            139.72144,
            35.818474
          ],
          [
            139.721432,
            35.818684
          ],
          [
            139.721647,
            35.818823
          ],
          [
            139.721935,
            35.818868
          ],
          [
            139.722217,
            35.818914
          ],
          [
            139.722518,
            35.818929
          ],
          [
            139.722817,
            35.818983
          ],
          [
            139.723079,
            35.818999
          ],
          [
            139.722839,
            35.818961
          ],
          [
            139.722554,
            35.81891
          ],
          [
            139.722286,
            35.818874
          ],
          [
            139.722008,
            35.818843
          ],
          [
            139.721729,
            35.818801
          ],
          [
            139.72145,
            35.818755
          ],
          [
            139.721176,
            35.818728
          ],
          [
            139.720888,
            35.818746
          ],
          [
            139.720601,
            35.818834
          ],
          [
            139.720329,
            35.81888
          ],
          [
            139.720047,
            35.818884
          ],
          [
            139.719754,
            35.818865
          ],
          [
            139.719468,
            35.818856
          ],
          [
            139.719181,
            35.818858
          ],
          [
            139.718896,
            35.818865
          ],
          [
            139.718602,
            35.818847
          ],
          [
            139.718321,
            35.818839
          ],
          [
            139.718046,
            35.818826
          ],
          [
            139.71777,
            35.818795
          ],
          [
            139.717505,
            35.818758
          ],
          [
            139.71725,
            35.818736
          ],
          [
            139.716975,
            35.818714
          ],
          [
            139.716696,
            35.818708
          ]
        ]
      },
      "properties": {
        "sport_type": "run",
        "year": "2025",
        "city": "川口市",
        "city_status": "resolved"
      }
    },
    {
      "type": "Feature",
      "geometry": {
        "type": "LineString",
        "coordinates": [
          [
            139.717506,
            35.820571
          ],
          [
            139.717784,
            35.820586
          ],
          [
            139.718079,
            35.820624
          ],
          [
            139.718367,
            35.820705
          ],
          [
            139.71865,
            35.820787
          ],
          [
            139.718934,
            35.820878
          ],
          [
            139.719228,
            35.820968
          ],
          [
            139.719516,
            35.821025
          ],
          [
            139.719809,
            35.82104
          ],
          [
            139.720098,
            35.821056
          ],
          [
            139.720378,
            35.821087
          ],
          [
            139.720657,
            35.821125
          ],
          [
            139.720921,
            35.82118
          ],
          [
            139.720987,
            35.821169
          ],
          [
            139.720689,
            35.821098
          ],
          [
            139.720392,
            35.821038
          ],
          [
            139.720107,
            35.820981
          ],
          [
            139.719827,
            35.820934
          ],
          [
            139.719557,
            35.8209
          ],
          [
            139.719282,
            35.820872
          ],
          [
            139.719005,
            35.820832
          ],
          [
            139.718738,
            35.820765
          ],
          [
            139.718479,
            35.820701
          ],
          [
            139.718199,
            35.82065
          ],
          [
            139.71792,
            35.820601
          ],
          [
            139.717653,
            35.820559
          ],
          [
            139.717442,
            35.820465
          ],
          [
            139.717416,
            35.820424
          ],
          [
            139.717332,
            35.820412
          ]
        ]
      },
      "properties": {
        "sport_type": "run",
        "year": "2025",
        "city": "川口市",
        "city_status": "resolved"
      }
    },
    {
      "type": "Feature",
      "geometry": {
        "type": "LineString",
        "coordinates": [
          [
            139.717115,
            35.81951
          ],
          [
            139.717376,
            35.819557
          ],
          [
            139.717658,
            35.819592
          ],
          [
            139.717943,
            35.819635
          ],
          [
            139.718224,
            35.819689
          ],
          [
            139.718505,
            35.819768
          ],
          [
            139.718792,
            35.819797
          ],
          [
            139.719095,
            35.819812
          ],
          [
            139.719387,
            35.819836
          ],
          [
            139.719661,
            35.819894
          ],
          [
            139.719935,
            35.819946
          ],
          [
            139.720221,
            35.819994
          ],
          [
            139.720508,
            35.820024
          ],
          [
            139.7208,
            35.820048
          ],
          [
            139.721084,
            35.820081
          ],
          [
            139.721353,
            35.820138
          ],
          [
            139.721636,
            35.820175
          ],
          [
            139.721912,
            35.820206
          ],
          [
            139.722054,
            35.82021
          ],
          [
            139.721821,
            35.820134
          ],
          [
            139.721519,
            35.820083
          ],
          [
            139.72124,
            35.820037
          ],
          [
            139.720955,
            35.820004
          ],
          [
            139.720676,
            35.819967
          ],
          [
            139.720398,
            35.819937
          ],
          [
            139.720121,
            35.819893
          ],
          [
            139.719842,
            35.819857
          ],
          [
            139.719577,
            35.81981
          ],
          [
            139.719295,
            35.819776
          ],
          [
            139.719016,
            35.819722
          ],
          [
            139.718734,
            35.8197
          ],
          [
            139.71846,
            35.81966
          ],
          [
            139.71818,
            35.819611
          ],
          [
            139.717887,
            35.819588
          ],
          [
            139.717592,
            35.819549
          ],
          [
            139.717315,
            35.819496
          ]
        ]
      },
      "properties": {
        "sport_type": "run",
        "year": "2025",
        "city": "川口市",
        "city_status": "resolved"
      }
    },
    {
      "type": "Feature",
      "geometry": {
        "type": "LineString",
        "coordinates": [
          [
            139.717169,
            35.819506
          ],
          [
            139.717458,
            35.819544
          ],
          [
            139.717753,
            35.819585
          ],
          [
            139.718054,
            35.819616
          ],
          [
            139.718355,
            35.819673
          ],
          [
            139.71866,
            35.819726
          ],
          [
            139.718961,
            35.819779
          ],
          [
            139.71927,
            35.819812
          ],
          [
            139.719563,
            35.819855
          ],
          [
            139.719853,
            35.81991
          ],
          [
            139.720151,
            35.819962
          ],
          [
            139.720445,
            35.819995
          ],
          [
            139.720751,
            35.820024
          ],
          [
            139.721056,
            35.820044
          ],
          [
            139.721357,
            35.820093
          ],
          [
            139.721667,
            35.820141
          ],
          [
            139.721968,
            35.820174
          ],
          [
            139.722049,
            35.820187
          ],
          [
            139.721751,
            35.820144
          ],
          [
            139.721444,
            35.820083
          ],
          [
            139.721164,
            35.820043
          ],
          [
            139.720866,
            35.820001
          ],
          [
            139.72058,
            35.81995
          ],
          [
            139.720289,
            35.81991
          ],
          [
            139.719994,
            35.819878
          ],
          [
            139.719727,
            35.819831
          ],
          [
            139.71943,
            35.819801
          ],
          [
            139.719128,
            35.819742
          ],
          [
            139.718831,
            35.8197
          ],
          [
            139.718549,
            35.819663
          ],
          [
            139.718259,
            35.819652
          ],
          [
            139.717966,
            35.819617
          ],
          [
            139.717671,
            35.81957
          ],
          [
            139.717386,
            35.819509
          ],
          [
            139.717086,
            35.819474
          ]
        ]
      },
      "properties": {
        "sport_type": "run",
        "year": "2025",
        "city": "川口市",
        "city_status": "resolved"
      }
    },
    {
      "type": "Feature",
      "geometry": {
        "type": "LineString",
        "coordinates": [
          [
            139.717144,
            35.819561
          ],
          [
            139.717284,
            35.819584
          ],
          [
            139.717424,
            35.819604
          ],
          [
            139.717566,
            35.819617
          ],
          [
            139.717709,
            35.819634
          ],
          [
            139.717851,
            35.819656
          ],
          [
            139.717995,
            35.819678
          ],
          [
            139.718136,
            35.819702
          ],
          [
            139.718277,
            35.819726
          ],
          [
            139.718423,
            35.819749
          ],
          [
            139.71857,
            35.819764
          ],
          [
            139.718717,
            35.819777
          ],
          [
            139.718871,
            35.819795
          ],
          [
            139.719023,
            35.819815
          ],
          [
            139.719173,
            35.819831
          ],
          [
            139.71932,
            35.819847
          ],
          [
            139.719465,
            35.819859
          ],
          [
            139.719608,
            35.819891
          ],
          [
            139.71975,
            35.819918
          ],
          [
            139.71989,
            35.819947
          ],
          [
            139.720039,
            35.819971
          ],
          [
            139.720182,
            35.819989
          ],
          [
            139.720326,
            35.82
          ],
          [
            139.720467,
            35.820012
          ],
          [
            139.72061,
            35.820028
          ],
          [
            139.720755,
            35.820045
          ],
          [
            139.720895,
            35.820065
          ],
          [
            139.721033,
            35.820079
          ],
          [
            139.721171,
            35.820094
          ],
          [
            139.72129,
            35.820121
          ],
          [
            139.721423,
            35.820142
          ],
          [
            139.721564,
            35.820159
          ],
          [
            139.721709,
            35.820175
          ],
          [
            139.72185,
            35.820187
          ],
          [
            139.721985,
            35.820196
          ],
          [
            139.72209,
            35.820208
          ],
          [
            139.722035,
            35.820201
          ],
          [
            139.721893,
            35.820182
          ],
          [
            139.721751,
            35.820162
          ],
          [
            139.721608,
            35.820138
          ],
          [
            139.721468,
            35.820107
          ],
          [
            139.721333,
            35.820087
          ],
          [
            139.721202,
            35.820067
          ],
          [
            139.721066,
            35.820042
          ],
          [
            139.720925,
            35.820016
          ],
          [
            139.72078,
            35.819994
          ],
          [
            139.720636,
            35.81997
          ],
          [
            139.720498,
            35.819954
          ],
          [
            139.720358,
            35.819935
          ],
          [
            139.72022,
            35.819917
          ],
          [
            139.720074,
            35.819897
          ],
          [
            139.719928,
            35.819874
          ],
          [
            139.719791,
            35.819859
          ],
          [
            139.719652,
            35.819852
          ],
          [
            139.719503,
            35.819828
          ],
          [
            139.719356,
            35.819796
          ],
          [
            139.71921,
            35.819763
          ],
          [
            139.719065,
            35.819742
          ],
          [
            139.71892,
            35.819724
          ],
          [
            139.718779,
            35.819715
          ],
          [
            139.718646,
            35.819703
          ],
          [
            139.718514,
            35.819686
          ],
          [
            139.718378,
            35.819677
          ],
          [
            139.718244,
            35.819649
          ],
          [
            139.718106,
            35.81963
          ],
          [
            139.717962,
            35.819617
          ],
          [
            139.71782,
            35.819603
          ],
          [
            139.717675,
            35.819574
          ],
          [
            139.717528,
            35.819552
          ],
          [
            139.717389,
            35.819531
          ],
          [
            139.71725,
            35.819508
          ],
          [
            139.717103,
            35.819491
          ]
        ]
      },
      "properties": {
        "sport_type": "run",
        "year": "2025",
        "city": "川口市",
        "city_status": "resolved"
      }
    },
    {
      "type": "Feature",
      "geometry": {
        "type": "LineString",
        "coordinates": [
          [
            139.717137,
            35.819526
          ],
          [
            139.717276,
            35.819541
          ],
          [
            139.717415,
            35.819564
          ],
          [
            139.717562,
            35.81959
          ],
          [
            139.717709,
            35.819617
          ],
          [
            139.717858,
            35.819644
          ],
          [
            139.718001,
            35.819673
          ],
          [
            139.718148,
            35.819702
          ],
          [
            139.718293,
            35.819727
          ],
          [
            139.718438,
            35.81975
          ],
          [
            139.71859,
            35.819775
          ],
          [
            139.71874,
            35.819787
          ],
          [
            139.718889,
            35.819802
          ],
          [
            139.719036,
            35.819811
          ],
          [
            139.719183,
            35.819816
          ],
          [
            139.719324,
            35.819826
          ],
          [
            139.719467,
            35.819845
          ],
          [
            139.719611,
            35.819882
          ],
          [
            139.719756,
            35.819909
          ],
          [
            139.7199,
            35.819933
          ],
          [
            139.720048,
            35.81997
          ],
          [
            139.720198,
            35.820001
          ],
          [
            139.720346,
            35.820026
          ],
          [
            139.720489,
            35.820042
          ],
          [
            139.720634,
            35.820057
          ],
          [
            139.720777,
            35.82007
          ],
          [
            139.720918,
            35.820071
          ],
          [
            139.721049,
            35.820069
          ],
          [
            139.721174,
            35.820075
          ],
          [
            139.721291,
            35.820108
          ],
          [
            139.721414,
            35.820133
          ],
          [
            139.721543,
            35.82015
          ],
          [
            139.721671,
            35.82017
          ],
          [
            139.721799,
            35.820188
          ],
          [
            139.721924,
            35.820209
          ],
          [
            139.722038,
            35.820226
          ],
          [
            139.722096,
            35.820241
          ],
          [
            139.721994,
            35.820234
          ],
          [
            139.721855,
            35.820214
          ],
          [
            139.721721,
            35.820192
          ],
          [
            139.721579,
            35.820161
          ],
          [
            139.721439,
            35.820127
          ],
          [
            139.721301,
            35.8201
          ],
          [
            139.721174,
            35.82009
          ],
          [
            139.721046,
            35.820069
          ],
          [
            139.720915,
            35.820027
          ],
          [
            139.720784,
            35.819989
          ],
          [
            139.720641,
            35.819965
          ],
          [
            139.7205,
            35.819954
          ],
          [
            139.720358,
            35.81994
          ],
          [
            139.720214,
            35.819925
          ],
          [
            139.720075,
            35.819902
          ],
          [
            139.719931,
            35.819876
          ],
          [
            139.7198,
            35.819856
          ],
          [
            139.719704,
            35.819843
          ],
          [
            139.719568,
            35.81983
          ],
          [
            139.719433,
            35.819816
          ],
          [
            139.719302,
            35.819788
          ],
          [
            139.719167,
            35.819762
          ],
          [
            139.719019,
            35.819733
          ],
          [
            139.718889,
            35.819713
          ],
          [
            139.718749,
            35.819698
          ],
          [
            139.71862,
            35.819689
          ],
          [
            139.718495,
            35.819679
          ],
          [
            139.718366,
            35.819654
          ],
          [
            139.718239,
            35.819634
          ],
          [
            139.718124,
            35.819623
          ],
          [
            139.717979,
            35.819605
          ],
          [
            139.717845,
            35.819588
          ],
          [
            139.717712,
            35.819571
          ],
          [
            139.717577,
            35.819557
          ],
          [
            139.717447,
            35.819537
          ],
          [
            139.717311,
            35.819514
          ],
          [
            139.717171,
            35.819506
          ]
        ]
      },
      "properties": {
        "sport_type": "run",
        "year": "2025",
        "city": "川口市",
        "city_status": "resolved"
      }
    },
    {
      "type": "Feature",
      "geometry": {
        "type": "LineString",
        "coordinates": [
          [
            139.717128,
            35.81952
          ],
          [
            139.717297,
            35.819544
          ],
          [
            139.717378,
            35.819556
          ],
          [
            139.717683,
            35.8196
          ],
          [
            139.717978,
            35.819646
          ],
          [
            139.718272,
            35.819689
          ],
          [
            139.718562,
            35.819725
          ],
          [
            139.718854,
            35.819767
          ],
          [
            139.719161,
            35.819813
          ],
          [
            139.719465,
            35.81985
          ],
          [
            139.719762,
            35.819901
          ],
          [
            139.720049,
            35.819969
          ],
          [
            139.720337,
            35.820013
          ],
          [
            139.720619,
            35.820042
          ],
          [
            139.720914,
            35.820063
          ],
          [
            139.721199,
            35.820093
          ],
          [
            139.721476,
            35.820131
          ],
          [
            139.721758,
            35.820161
          ],
          [
            139.722023,
            35.820182
          ],
          [
            139.721972,
            35.820184
          ],
          [
            139.721673,
            35.820129
          ],
          [
            139.721376,
            35.820077
          ],
          [
            139.721093,
            35.82005
          ],
          [
            139.720813,
            35.820004
          ],
          [
            139.720532,
            35.819949
          ],
          [
            139.720247,
            35.819912
          ],
          [
            139.719955,
            35.819883
          ],
          [
            139.719691,
            35.81985
          ],
          [
            139.719413,
            35.8198
          ],
          [
            139.719122,
            35.819753
          ],
          [
            139.718843,
            35.819719
          ],
          [
            139.718578,
            35.819676
          ],
          [
            139.718306,
            35.819635
          ],
          [
            139.718035,
            35.8196
          ],
          [
            139.717753,
            35.819567
          ],
          [
            139.717475,
            35.819537
          ],
          [
            139.717204,
            35.819495
          ]
        ]
      },
      "properties": {
        "sport_type": "run",
        "year": "2025",
        "city": "川口市",
        "city_status": "resolved"
      }
    },
    {
      "type": "Feature",
      "geometry": {
        "type": "LineString",
        "coordinates": [
          [
            139.717265,
            35.819521
          ],
          [
            139.71756,
            35.819564
          ],
          [
            139.717861,
            35.819606
          ],
          [
            139.718158,
            35.819648
          ],
          [
            139.718447,
            35.819696
          ],
          [
            139.718737,
            35.819737
          ],
          [
            139.719029,
            35.819783
          ],
          [
            139.719324,
            35.819812
          ],
          [
            139.719607,
            35.819868
          ],
          [
            139.719889,
            35.819906
          ],
          [
            139.720182,
            35.81997
          ],
          [
            139.720481,
            35.82001
          ],
          [
            139.720785,
            35.820035
          ],
          [
            139.72107,
            35.820064
          ],
          [
            139.721349,
            35.820095
          ],
          [
            139.721639,
            35.820136
          ],
          [
            139.721923,
            35.82017
          ],
          [
            139.722112,
            35.82021
          ],
          [
            139.721859,
            35.820179
          ],
          [
            139.721558,
            35.820121
          ],
          [
            139.721267,
            35.820071
          ],
          [
            139.720982,
            35.820038
          ],
          [
            139.720696,
            35.819972
          ],
          [
            139.720403,
            35.819926
          ],
          [
            139.720112,
            35.819891
          ],
          [
            139.719823,
            35.819854
          ],
          [
            139.719545,
            35.819821
          ],
          [
            139.719241,
            35.819773
          ],
          [
            139.718928,
            35.819724
          ],
          [
            139.718629,
            35.81968
          ],
          [
            139.718339,
            35.819653
          ],
          [
            139.718054,
            35.819618
          ],
          [
            139.717753,
            35.819573
          ],
          [
            139.717453,
            35.81953
          ],
          [
            139.71716,
            35.819489
          ]
        ]
      },
      "properties": {
        "sport_type": "run",
        "year": "2025",
        "city": "川口市",
        "city_status": "resolved"
      }
    },
    {
      "type": "Feature",
      "geometry": {
        "type": "LineString",
        "coordinates": [
          [
            139.716666,
            35.807569
          ],
          [
            139.716635,
            35.807663
          ],
          [
            139.716609,
            35.807764
          ],
          [
            139.716572,
            35.807863
          ],
          [
            139.716535,
            35.807959
          ],
          [
            139.716512,
            35.808056
          ],
          [
            139.716466,
            35.808145
          ],
          [
            139.716425,
            35.808233
          ],
          [
            139.716361,
            35.808316
          ],
          [
            139.716291,
            35.808398
          ],
          [
            139.716245,
            35.808483
          ],
          [
            139.716175,
            35.808559
          ],
          [
            139.716109,
            35.808635
          ],
          [
            139.716053,
            35.808719
          ],
          [
            139.715997,
            35.808801
          ],
          [
            139.715936,
            35.808881
          ],
          [
            139.715869,
            35.808957
          ],
          [
            139.715795,
            35.80903
          ],
          [
            139.715715,
            35.809099
          ],
          [
            139.715633,
            35.809168
          ],
          [
            139.715551,
            35.809238
          ],
          [
            139.715475,
            35.809311
          ],
          [
            139.715405,
            35.809389
          ],
          [
            139.715344,
            35.80947
          ],
          [
            139.71529,
            35.809555
          ],
          [
            139.71524,
            35.809641
          ],
          [
            139.71519,
            35.809726
          ],
          [
            139.715139,
            35.80981
          ],
          [
            139.715089,
            35.809894
          ],
          [
            139.715034,
            35.809978
          ],
          [
            139.714977,
            35.81006
          ],
          [
            139.71492,
            35.810143
          ],
          [
            139.714862,
            35.810225
          ],
          [
            139.714802,
            35.810305
          ],
          [
            139.714745,
            35.810385
          ],
          [
            139.714689,
            35.810467
          ],
          [
            139.714632,
            35.810548
          ],
          [
            139.714571,
            35.810629
          ],
          [
            139.714508,
            35.810709
          ],
          [
            139.714445,
            35.810788
          ],
          [
            139.714385,
            35.810867
          ],
          [
            139.714325,
            35.810948
          ],
          [
            139.714267,
            35.811028
          ],
          [
            139.71421,
            35.811106
          ],
          [
            139.714155,
            35.811179
          ],
          [
            139.714108,
            35.811245
          ],
          [
            139.714067,
            35.811304
          ],
          [
            139.714021,
            35.811364
          ],
          [
            139.713967,
            35.811433
          ],
          [
            139.713909,
            35.811509
          ],
          [
            139.713849,
            35.811589
          ],
          [
            139.713789,
            35.811671
          ],
          [
            139.713731,
            35.811753
          ],
          [
            139.713671,
            35.811836
          ],
          [
            139.713608,
            35.811918
          ],
          [
            139.713545,
            35.812001
          ],
          [
            139.713483,
            35.812086
          ],
          [
            139.71342,
            35.812172
          ],
          [
            139.713354,
            35.812256
          ],
          [
            139.713281,
            35.812336
          ],
          [
            139.713211,
            35.812419
          ],
          [
            139.71314,
            35.812502
          ],
          [
            139.713079,
            35.81259
          ],
          [
            139.713014,
            35.812678
          ],
          [
            139.712949,
            35.812763
          ],
          [
            139.712889,
            35.812849
          ],
          [
            139.712833,
            35.812938
          ],
          [
            139.712797,
            35.813031
          ],
          [
            139.712813,
            35.813126
          ],
          [
            139.712798,
            35.813218
          ],
          [
            139.712781,
            35.813309
          ],
          [
            139.712747,
            35.813397
          ],
          [
            139.712714,
            35.813484
          ],
          [
            139.712684,
            35.813569
          ]
        ]
      },
      "properties": {
        "sport_type": "walk",
        "year": "2025",
        "city": "川口市",
        "city_status": "resolved"
      }
    },
    {
      "type": "Feature",
      "geometry": {
        "type": "LineString",
        "coordinates": [
          [
            139.717251,
            35.819535
          ],
          [
            139.717535,
            35.819586
          ],
          [
            139.717826,
            35.819635
          ],
          [
            139.718108,
            35.819691
          ],
          [
            139.718389,
            35.819749
          ],
          [
            139.718684,
            35.81979
          ],
          [
            139.718996,
            35.819803
          ],
          [
            139.719316,
            35.819823
          ],
          [
            139.719607,
            35.81987
          ],
          [
            139.719881,
            35.819914
          ],
          [
            139.720164,
            35.819962
          ],
          [
            139.720453,
            35.82
          ],
          [
            139.720749,
            35.820026
          ],
          [
            139.721032,
            35.820054
          ],
          [
            139.721246,
            35.82008
          ],
          [
            139.721441,
            35.820136
          ],
          [
            139.72173,
            35.820168
          ],
          [
            139.722014,
            35.820198
          ],
          [
            139.72204,
            35.820215
          ],
          [
            139.721744,
            35.820163
          ],
          [
            139.721456,
            35.820129
          ],
          [
            139.721189,
            35.820093
          ],
          [
            139.720907,
            35.82004
          ],
          [
            139.720629,
            35.819984
          ],
          [
            139.720349,
            35.819952
          ],
          [
            139.720064,
            35.819898
          ],
          [
            139.719781,
            35.819831
          ],
          [
            139.719491,
            35.819804
          ],
          [
            139.719195,
            35.819756
          ],
          [
            139.718901,
            35.819702
          ],
          [
            139.718608,
            35.819683
          ],
          [
            139.718326,
            35.81965
          ],
          [
            139.718058,
            35.819608
          ],
          [
            139.717765,
            35.81957
          ],
          [
            139.717469,
            35.819537
          ],
          [
            139.717192,
            35.819479
          ]
        ]
      },
      "properties": {
        "sport_type": "run",
        "year": "2025",
        "city": "川口市",
        "city_status": "resolved"
      }
    },
    {
      "type": "Feature",
      "geometry": {
        "type": "LineString",
        "coordinates": [
          [
            139.717151,
            35.819523
          ],
          [
            139.717406,
            35.819561
          ],
          [
            139.71771,
            35.819612
          ],
          [
            139.718023,
            35.819655
          ],
          [
            139.718333,
            35.819714
          ],
          [
            139.718646,
            35.819764
          ],
          [
            139.71896,
            35.819807
          ],
          [
            139.719288,
            35.819841
          ],
          [
            139.719617,
            35.819884
          ],
          [
            139.719931,
            35.819952
          ],
          [
            139.720254,
            35.820013
          ],
          [
            139.720568,
            35.820054
          ],
          [
            139.720893,
            35.820058
          ],
          [
            139.721204,
            35.82009
          ],
          [
            139.721505,
            35.820145
          ],
          [
            139.721808,
            35.820196
          ],
          [
            139.722078,
            35.820225
          ],
          [
            139.721902,
            35.820174
          ],
          [
            139.721577,
            35.82013
          ],
          [
            139.72127,
            35.820092
          ],
          [
            139.720947,
            35.820029
          ],
          [
            139.720614,
            35.819959
          ],
          [
            139.720283,
            35.819916
          ],
          [
            139.719945,
            35.819884
          ],
          [
            139.719643,
            35.819838
          ],
          [
            139.719324,
            35.819796
          ],
          [
            139.719005,
            35.81973
          ],
          [
            139.718665,
            35.819688
          ],
          [
            139.71832,
            35.819656
          ],
          [
            139.717991,
            35.819615
          ],
          [
            139.717666,
            35.819565
          ],
          [
            139.717354,
            35.819509
          ]
        ]
      },
      "properties": {
        "sport_type": "run",
        "year": "2025",
        "city": "川口市",
        "city_status": "resolved"
      }
    },
    {
      "type": "Feature",
      "geometry": {
        "type": "LineString",
        "coordinates": [
          [
            139.717199,
            35.819526
          ],
          [
            139.717338,
            35.819538
          ],
          [
            139.717481,
            35.81956
          ],
          [
            139.717623,
            35.819588
          ],
          [
            139.717772,
            35.819616
          ],
          [
            139.717918,
            35.819637
          ],
          [
            139.718064,
            35.819658
          ],
          [
            139.718207,
            35.81968
          ],
          [
            139.718351,
            35.819703
          ],
          [
            139.7185,
            35.819731
          ],
          [
            139.718652,
            35.819756
          ],
          [
            139.718804,
            35.819782
          ],
          [
            139.718956,
            35.819804
          ],
          [
            139.719106,
            35.819813
          ],
          [
            139.71926,
            35.819832
          ],
          [
            139.719415,
            35.819846
          ],
          [
            139.719568,
            35.819862
          ],
          [
            139.719708,
            35.81989
          ],
          [
            139.719842,
            35.819925
          ],
          [
            139.719986,
            35.819945
          ],
          [
            139.720138,
            35.819963
          ],
          [
            139.720282,
            35.819968
          ],
          [
            139.720434,
            35.819979
          ],
          [
            139.720585,
            35.82
          ],
          [
            139.720737,
            35.820019
          ],
          [
            139.720888,
            35.820038
          ],
          [
            139.721039,
            35.820057
          ],
          [
            139.721188,
            35.820072
          ],
          [
            139.721321,
            35.820093
          ],
          [
            139.721463,
            35.82012
          ],
          [
            139.721611,
            35.820147
          ],
          [
            139.721761,
            35.820169
          ],
          [
            139.721908,
            35.82019
          ],
          [
            139.722045,
            35.820208
          ],
          [
            139.722056,
            35.820195
          ],
          [
            139.721918,
            35.820161
          ],
          [
            139.72177,
            35.820138
          ],
          [
            139.721618,
            35.820115
          ],
          [
            139.721469,
            35.820087
          ],
          [
            139.721324,
            35.820065
          ],
          [
            139.721188,
            35.82005
          ],
          [
            139.721037,
            35.820033
          ],
          [
            139.720889,
            35.820005
          ],
          [
            139.720745,
            35.819975
          ],
          [
            139.720593,
            35.81995
          ],
          [
            139.720439,
            35.819927
          ],
          [
            139.720282,
            35.819909
          ],
          [
            139.720125,
            35.819893
          ],
          [
            139.719967,
            35.819881
          ],
          [
            139.719819,
            35.819857
          ],
          [
            139.719678,
            35.819832
          ],
          [
            139.719527,
            35.819807
          ],
          [
            139.719373,
            35.819788
          ],
          [
            139.719219,
            35.819771
          ],
          [
            139.719063,
            35.819746
          ],
          [
            139.718914,
            35.819717
          ],
          [
            139.718765,
            35.819695
          ],
          [
            139.718617,
            35.819671
          ],
          [
            139.718474,
            35.819645
          ],
          [
            139.71832,
            35.819623
          ],
          [
            139.718171,
            35.819611
          ],
          [
            139.718016,
            35.819603
          ],
          [
            139.717865,
            35.81959
          ],
          [
            139.717714,
            35.819573
          ],
          [
            139.717569,
            35.819561
          ],
          [
            139.717446,
            35.819538
          ],
          [
            139.717394,
            35.819506
          ],
          [
            139.717392,
            35.819489
          ],
          [
            139.717371,
            35.819478
          ],
          [
            139.717269,
            35.819483
          ],
          [
            139.717115,
            35.819479
          ]
        ]
      },
      "properties": {
        "sport_type": "run",
        "year": "2025",
        "city": "川口市",
        "city_status": "resolved"
      }
    },
    {
      "type": "Feature",
      "geometry": {
        "type": "LineString",
        "coordinates": [
          [
            139.710069,
            35.825759
          ],
          [
            139.710139,
            35.826179
          ],
          [
            139.71018,
            35.826617
          ],
          [
            139.710206,
            35.82703
          ],
          [
            139.710278,
            35.827442
          ],
          [
            139.710311,
            35.827853
          ],
          [
            139.710376,
            35.828258
          ],
          [
            139.710456,
            35.828676
          ],
          [
            139.710477,
            35.829068
          ],
          [
            139.710489,
            35.829479
          ],
          [
            139.710435,
            35.829868
          ],
          [
            139.710404,
            35.830312
          ],
          [
            139.71035,
            35.830726
          ],
          [
            139.710314,
            35.83114
          ],
          [
            139.710263,
            35.831556
          ],
          [
            139.710211,
            35.831979
          ],
          [
            139.710152,
            35.832387
          ],
          [
            139.710516,
            35.832625
          ],
          [
            139.710995,
            35.832771
          ],
          [
            139.711292,
            35.83264
          ],
          [
            139.711222,
            35.832235
          ],
          [
            139.711147,
            35.831822
          ],
          [
            139.711086,
            35.831399
          ],
          [
            139.710996,
            35.830988
          ],
          [
            139.710889,
            35.830576
          ],
          [
            139.710806,
            35.830174
          ],
          [
            139.710706,
            35.829754
          ],
          [
            139.710622,
            35.829332
          ],
          [
            139.710523,
            35.828917
          ],
          [
            139.710491,
            35.828531
          ],
          [
            139.710434,
            35.828109
          ],
          [
            139.710388,
            35.827695
          ],
          [
            139.710321,
            35.827301
          ],
          [
            139.71029,
            35.8269
          ],
          [
            139.710225,
            35.826505
          ],
          [
            139.710157,
            35.826214
          ],
          [
            139.710139,
            35.825948
          ]
        ]
      },
      "properties": {
        "sport_type": "run",
        "year": "2025",
        "city": "川口市",
        "city_status": "resolved"
      }
    },
    {
      "type": "Feature",
      "geometry": {
        "type": "LineString",
        "coordinates": [
          [
            139.717095,
            35.81952
          ],
          [
            139.717239,
            35.819539
          ],
          [
            139.717381,
            35.819566
          ],
          [
            139.71753,
            35.819593
          ],
          [
            139.717676,
            35.819609
          ],
          [
            139.717827,
            35.819625
          ],
          [
            139.717976,
            35.819642
          ],
          [
            139.718131,
            35.819662
          ],
          [
            139.71828,
            35.819683
          ],
          [
            139.718429,
            35.819707
          ],
          [
            139.718578,
            35.81973
          ],
          [
            139.718725,
            35.819756
          ],
          [
            139.718871,
            35.819782
          ],
          [
            139.719018,
            35.819804
          ],
          [
            139.719165,
            35.819813
          ],
          [
            139.719311,
            35.819825
          ],
          [
            139.719453,
            35.819844
          ],
          [
            139.719592,
            35.819865
          ],
          [
            139.719729,
            35.819882
          ],
          [
            139.719858,
            35.819903
          ],
          [
            139.720001,
            35.819921
          ],
          [
            139.720148,
            35.819939
          ],
          [
            139.720295,
            35.819957
          ],
          [
            139.720446,
            35.819977
          ],
          [
            139.720597,
            35.819997
          ],
          [
            139.720746,
            35.820018
          ],
          [
            139.720887,
            35.820034
          ],
          [
            139.721028,
            35.820053
          ],
          [
            139.721172,
            35.820076
          ],
          [
            139.721312,
            35.8201
          ],
          [
            139.72146,
            35.820126
          ],
          [
            139.721606,
            35.820146
          ],
          [
            139.72175,
            35.820163
          ],
          [
            139.721891,
            35.820178
          ],
          [
            139.722028,
            35.820186
          ],
          [
            139.72205,
            35.820199
          ],
          [
            139.721932,
            35.820186
          ],
          [
            139.721796,
            35.820174
          ],
          [
            139.721655,
            35.820156
          ],
          [
            139.721508,
            35.820132
          ],
          [
            139.721362,
            35.820108
          ],
          [
            139.721225,
            35.820086
          ],
          [
            139.721078,
            35.820065
          ],
          [
            139.720933,
            35.820041
          ],
          [
            139.720787,
            35.820015
          ],
          [
            139.720641,
            35.819988
          ],
          [
            139.720499,
            35.819965
          ],
          [
            139.720362,
            35.819945
          ],
          [
            139.720229,
            35.819932
          ],
          [
            139.720094,
            35.819913
          ],
          [
            139.719951,
            35.819882
          ],
          [
            139.719803,
            35.819857
          ],
          [
            139.719658,
            35.819836
          ],
          [
            139.719518,
            35.81981
          ],
          [
            139.719383,
            35.819794
          ],
          [
            139.719258,
            35.819807
          ],
          [
            139.719125,
            35.819806
          ],
          [
            139.718986,
            35.81978
          ],
          [
            139.718848,
            35.819757
          ],
          [
            139.718705,
            35.819734
          ],
          [
            139.718564,
            35.819708
          ],
          [
            139.718422,
            35.819686
          ],
          [
            139.718277,
            35.819669
          ],
          [
            139.718138,
            35.819655
          ],
          [
            139.717999,
            35.81963
          ],
          [
            139.717861,
            35.819608
          ],
          [
            139.717717,
            35.819589
          ],
          [
            139.717566,
            35.81957
          ],
          [
            139.717428,
            35.819538
          ],
          [
            139.717295,
            35.819514
          ],
          [
            139.717147,
            35.819496
          ]
        ]
      },
      "properties": {
        "sport_type": "run",
        "year": "2025",
        "city": "川口市",
        "city_status": "resolved"
      }
    },
    {
      "type": "Feature",
      "geometry": {
        "type": "LineString",
        "coordinates": [
          [
            139.747125,
            35.665887
          ],
          [
            139.747056,
            35.665833
          ],
          [
            139.746989,
            35.665781
          ],
          [
            139.746948,
            35.665685
          ],
          [
            139.746914,
            35.665576
          ],
          [
            139.746867,
            35.665474
          ],
          [
            139.746822,
            35.665365
          ],
          [
            139.746779,
            35.665254
          ],
          [
            139.746726,
            35.665155
          ],
          [
            139.746672,
            35.665042
          ],
          [
            139.746611,
            35.664919
          ],
          [
            139.746543,
            35.664787
          ],
          [
            139.746469,
            35.664657
          ],
          [
            139.746383,
            35.664535
          ],
          [
            139.746307,
            35.66443
          ],
          [
            139.746248,
            35.664338
          ],
          [
            139.746163,
            35.664257
          ],
          [
            139.74607,
            35.664168
          ],
          [
            139.745979,
            35.664076
          ],
          [
            139.745882,
            35.663983
          ],
          [
            139.745792,
            35.663891
          ],
          [
            139.745717,
            35.663796
          ],
          [
            139.745633,
            35.663702
          ],
          [
            139.745529,
            35.66361
          ],
          [
            139.745434,
            35.663522
          ],
          [
            139.745345,
            35.663447
          ],
          [
            139.745274,
            35.663384
          ],
          [
            139.745254,
            35.663358
          ],
          [
            139.745257,
            35.663353
          ],
          [
            139.745262,
            35.663352
          ],
          [
            139.745264,
            35.663352
          ],
          [
            139.745265,
            35.663353
          ],
          [
            139.745261,
            35.663354
          ],
          [
            139.74524,
            35.663341
          ],
          [
            139.74518,
            35.663284
          ],
          [
            139.745084,
            35.663204
          ],
          [
            139.744993,
            35.6631
          ],
          [
            139.74491,
            35.662993
          ],
          [
            139.744828,
            35.662885
          ],
          [
            139.744755,
            35.66278
          ],
          [
            139.744689,
            35.662671
          ],
          [
            139.744621,
            35.662587
          ],
          [
            139.744547,
            35.662504
          ],
          [
            139.744447,
            35.6624
          ],
          [
            139.744344,
            35.662302
          ],
          [
            139.744252,
            35.662208
          ],
          [
            139.744168,
            35.662128
          ],
          [
            139.744117,
            35.662115
          ],
          [
            139.744113,
            35.662119
          ],
          [
            139.744104,
            35.66211
          ],
          [
            139.744044,
            35.662034
          ],
          [
            139.743973,
            35.661941
          ],
          [
            139.743907,
            35.661852
          ],
          [
            139.743844,
            35.66176
          ],
          [
            139.743758,
            35.661685
          ],
          [
            139.743657,
            35.661608
          ],
          [
            139.743559,
            35.661533
          ],
          [
            139.743492,
            35.661441
          ],
          [
            139.743495,
            35.661335
          ],
          [
            139.743493,
            35.661256
          ],
          [
            139.74345,
            35.66116
          ],
          [
            139.743381,
            35.661075
          ],
          [
            139.743312,
            35.660991
          ],
          [
            139.74325,
            35.660894
          ],
          [
            139.743199,
            35.66079
          ],
          [
            139.743153,
            35.660689
          ],
          [
            139.743115,
            35.660597
          ],
          [
            139.74307,
            35.660531
          ],
          [
            139.743022,
            35.660461
          ],
          [
            139.74298,
            35.660372
          ],
          [
            139.742947,
            35.660264
          ],
          [
            139.742904,
            35.660156
          ],
          [
            139.742866,
            35.660048
          ],
          [
            139.74285,
            35.659934
          ],
          [
            139.742828,
            35.659832
          ],
          [
            139.742799,
            35.659748
          ],
          [
            139.742766,
            35.6597
          ],
          [
            139.742735,
            35.659682
          ],
          [
            139.742719,
            35.659661
          ],
          [
            139.742728,
            35.65961
          ],
          [
            139.742744,
            35.659538
          ],
          [
            139.742728,
            35.659463
          ],
          [
            139.742647,
            35.65944
          ],
          [
            139.742518,
            35.659451
          ],
          [
            139.742387,
            35.659435
          ],
          [
            139.742257,
            35.659418
          ],
          [
            139.742126,
            35.659428
          ],
          [
            139.742005,
            35.659475
          ],
          [
            139.741886,
            35.659537
          ],
          [
            139.741793,
            35.659581
          ],
          [
            139.741695,
            35.659591
          ],
          [
            139.741589,
            35.659648
          ],
          [
            139.741454,
            35.659691
          ],
          [
            139.741307,
            35.659738
          ],
          [
            139.741177,
            35.6598
          ],
          [
            139.741047,
            35.659855
          ],
          [
            139.740918,
            35.659907
          ],
          [
            139.740792,
            35.65996
          ],
          [
            139.740673,
            35.660005
          ],
          [
            139.740566,
            35.659998
          ],
          [
            139.740493,
            35.659917
          ],
          [
            139.740422,
            35.659812
          ],
          [
            139.740344,
            35.6597
          ],
          [
            139.740261,
            35.659586
          ],
          [
            139.740179,
            35.659472
          ],
          [
            139.740115,
            35.659346
          ],
          [
            139.740082,
            35.659213
          ],
          [
            139.740065,
            35.659082
          ],
          [
            139.740049,
            35.658957
          ],
          [
            139.740012,
            35.658836
          ],
          [
            139.739947,
            35.658721
          ],
          [
            139.739861,
            35.658613
          ],
          [
            139.739789,
            35.658499
          ],
          [
            139.739747,
            35.658376
          ],
          [
            139.73972,
            35.658252
          ],
          [
            139.739701,
            35.658134
          ],
          [
            139.739666,
            35.658018
          ],
          [
            139.73956,
            35.657972
          ],
          [
            139.73943,
            35.657972
          ],
          [
            139.739393,
            35.657981
          ],
          [
            139.739393,
            35.65798
          ],
          [
            139.739372,
            35.657952
          ],
          [
            139.739323,
            35.657872
          ],
          [
            139.739291,
            35.657754
          ],
          [
            139.73928,
            35.657699
          ]
        ]
      },
      "properties": {
        "sport_type": "walk",
        "year": "2025",
        "city": "港区",
        "city_status": "resolved"
      }
    },
    {
      "type": "Feature",
      "geometry": {
        "type": "LineString",
        "coordinates": [
          [
            139.7166,
            35.807585
          ],
          [
            139.716547,
            35.807657
          ],
          [
            139.716482,
            35.807744
          ],
          [
            139.716417,
            35.807834
          ],
          [
            139.716361,
            35.807926
          ],
          [
            139.716307,
            35.808023
          ],
          [
            139.716251,
            35.808119
          ],
          [
            139.716202,
            35.808215
          ],
          [
            139.716152,
            35.80831
          ],
          [
            139.716098,
            35.808399
          ],
          [
            139.716042,
            35.808478
          ],
          [
            139.715989,
            35.808553
          ],
          [
            139.715938,
            35.808631
          ],
          [
            139.715891,
            35.808714
          ],
          [
            139.715846,
            35.8088
          ],
          [
            139.7158,
            35.808885
          ],
          [
            139.715752,
            35.80897
          ],
          [
            139.715699,
            35.809052
          ],
          [
            139.715637,
            35.80913
          ],
          [
            139.715573,
            35.809211
          ],
          [
            139.715513,
            35.809295
          ],
          [
            139.71546,
            35.809386
          ],
          [
            139.715411,
            35.809477
          ],
          [
            139.715363,
            35.809566
          ],
          [
            139.715314,
            35.809649
          ],
          [
            139.715262,
            35.809725
          ],
          [
            139.715208,
            35.809801
          ],
          [
            139.715156,
            35.809876
          ],
          [
            139.715109,
            35.809951
          ],
          [
            139.715065,
            35.810026
          ],
          [
            139.715026,
            35.810096
          ],
          [
            139.714997,
            35.810157
          ],
          [
            139.714971,
            35.810196
          ],
          [
            139.714957,
            35.81021
          ],
          [
            139.714951,
            35.810213
          ],
          [
            139.714948,
            35.810211
          ],
          [
            139.714943,
            35.810209
          ],
          [
            139.714935,
            35.81021
          ],
          [
            139.714915,
            35.810222
          ],
          [
            139.714876,
            35.810254
          ],
          [
            139.714807,
            35.810322
          ],
          [
            139.714719,
            35.81042
          ],
          [
            139.714631,
            35.810528
          ],
          [
            139.714548,
            35.810635
          ],
          [
            139.71447,
            35.810732
          ],
          [
            139.71439,
            35.81083
          ],
          [
            139.714304,
            35.810943
          ],
          [
            139.71422,
            35.811069
          ],
          [
            139.71414,
            35.811195
          ],
          [
            139.714066,
            35.811313
          ],
          [
            139.713998,
            35.811416
          ],
          [
            139.713934,
            35.811502
          ],
          [
            139.71387,
            35.811581
          ],
          [
            139.713805,
            35.811665
          ],
          [
            139.713738,
            35.811753
          ],
          [
            139.713668,
            35.811846
          ],
          [
            139.713593,
            35.811947
          ],
          [
            139.713513,
            35.812059
          ],
          [
            139.713435,
            35.812176
          ],
          [
            139.713362,
            35.812296
          ],
          [
            139.713294,
            35.812398
          ],
          [
            139.713222,
            35.812484
          ],
          [
            139.713164,
            35.812575
          ],
          [
            139.713103,
            35.812664
          ],
          [
            139.713033,
            35.812748
          ],
          [
            139.712939,
            35.81278
          ],
          [
            139.712925,
            35.812863
          ],
          [
            139.712889,
            35.812934
          ],
          [
            139.712879,
            35.812983
          ],
          [
            139.712876,
            35.812982
          ],
          [
            139.712864,
            35.812996
          ],
          [
            139.712818,
            35.813066
          ],
          [
            139.71282,
            35.813158
          ],
          [
            139.712738,
            35.813242
          ],
          [
            139.7127,
            35.81335
          ],
          [
            139.712685,
            35.813489
          ]
        ]
      },
      "properties": {
        "sport_type": "walk",
        "year": "2025",
        "city": "川口市",
        "city_status": "resolved"
      }
    },
    {
      "type": "Feature",
      "geometry": {
        "type": "LineString",
        "coordinates": [
          [
            139.757566,
            35.679708
          ],
          [
            139.757917,
            35.680261
          ],
          [
            139.758256,
            35.680805
          ],
          [
            139.758599,
            35.681331
          ],
          [
            139.758933,
            35.681865
          ],
          [
            139.759275,
            35.682377
          ],
          [
            139.759619,
            35.682933
          ],
          [
            139.75991,
            35.683455
          ],
          [
            139.760095,
            35.684042
          ],
          [
            139.760305,
            35.684621
          ],
          [
            139.760632,
            35.685148
          ],
          [
            139.760949,
            35.685654
          ],
          [
            139.761152,
            35.686191
          ],
          [
            139.761301,
            35.686761
          ],
          [
            139.761382,
            35.687368
          ],
          [
            139.76114,
            35.687937
          ],
          [
            139.760941,
            35.688518
          ],
          [
            139.760785,
            35.689122
          ],
          [
            139.760258,
            35.689566
          ],
          [
            139.759707,
            35.689997
          ],
          [
            139.758999,
            35.69013
          ],
          [
            139.758286,
            35.690269
          ],
          [
            139.757566,
            35.690385
          ],
          [
            139.75682,
            35.690506
          ],
          [
            139.756099,
            35.690506
          ],
          [
            139.755451,
            35.690228
          ],
          [
            139.754803,
            35.689974
          ],
          [
            139.754124,
            35.689675
          ],
          [
            139.753509,
            35.689365
          ],
          [
            139.752807,
            35.689194
          ],
          [
            139.752166,
            35.689465
          ],
          [
            139.751486,
            35.689346
          ],
          [
            139.750807,
            35.689093
          ],
          [
            139.750161,
            35.688793
          ],
          [
            139.749495,
            35.688478
          ],
          [
            139.748823,
            35.688222
          ],
          [
            139.748101,
            35.688065
          ],
          [
            139.747371,
            35.687974
          ],
          [
            139.746645,
            35.687927
          ],
          [
            139.745906,
            35.687999
          ],
          [
            139.745248,
            35.68786
          ],
          [
            139.745129,
            35.687328
          ],
          [
            139.744963,
            35.686769
          ],
          [
            139.744807,
            35.686196
          ],
          [
            139.744646,
            35.685618
          ],
          [
            139.74451,
            35.685031
          ],
          [
            139.744317,
            35.684463
          ],
          [
            139.744291,
            35.683812
          ],
          [
            139.74433,
            35.683177
          ],
          [
            139.744458,
            35.682583
          ],
          [
            139.744753,
            35.681985
          ],
          [
            139.745117,
            35.681401
          ],
          [
            139.745442,
            35.680831
          ],
          [
            139.745797,
            35.680238
          ],
          [
            139.746364,
            35.679789
          ],
          [
            139.747108,
            35.679555
          ],
          [
            139.74773,
            35.679171
          ],
          [
            139.748229,
            35.678676
          ],
          [
            139.74866,
            35.678144
          ],
          [
            139.749191,
            35.677644
          ],
          [
            139.749913,
            35.677424
          ],
          [
            139.750704,
            35.677346
          ],
          [
            139.751512,
            35.677461
          ],
          [
            139.752267,
            35.677685
          ]
        ]
      },
      "properties": {
        "sport_type": "run",
        "year": "2025",
        "city": "千代田区",
        "city_status": "resolved"
      }
    },
    {
      "type": "Feature",
      "geometry": {
        "type": "LineString",
        "coordinates": [
          [
            139.757583,
            35.679703
          ],
          [
            139.757953,
            35.680248
          ],
          [
            139.758289,
            35.680797
          ],
          [
            139.758628,
            35.68134
          ],
          [
            139.758994,
            35.681898
          ],
          [
            139.759354,
            35.682447
          ],
          [
            139.759678,
            35.682989
          ],
          [
            139.759946,
            35.683528
          ],
          [
            139.760126,
            35.684132
          ],
          [
            139.760376,
            35.684716
          ],
          [
            139.760753,
            35.685259
          ],
          [
            139.761054,
            35.685854
          ],
          [
            139.761194,
            35.686449
          ],
          [
            139.76139,
            35.687067
          ],
          [
            139.761235,
            35.687689
          ],
          [
            139.761037,
            35.688296
          ],
          [
            139.760855,
            35.688894
          ],
          [
            139.760481,
            35.689448
          ],
          [
            139.759906,
            35.689888
          ],
          [
            139.759177,
            35.690101
          ],
          [
            139.758432,
            35.690257
          ],
          [
            139.757676,
            35.690389
          ],
          [
            139.7569,
            35.690482
          ],
          [
            139.75614,
            35.690528
          ],
          [
            139.755517,
            35.690269
          ],
          [
            139.754875,
            35.690014
          ],
          [
            139.754217,
            35.68973
          ],
          [
            139.753577,
            35.689416
          ],
          [
            139.752878,
            35.689207
          ],
          [
            139.752222,
            35.68943
          ],
          [
            139.751532,
            35.689363
          ],
          [
            139.750851,
            35.689123
          ],
          [
            139.750205,
            35.688835
          ],
          [
            139.749563,
            35.688514
          ],
          [
            139.748881,
            35.688253
          ],
          [
            139.748152,
            35.688081
          ],
          [
            139.747382,
            35.68797
          ],
          [
            139.746587,
            35.687919
          ],
          [
            139.745803,
            35.688014
          ],
          [
            139.74523,
            35.687717
          ],
          [
            139.745051,
            35.68711
          ],
          [
            139.744889,
            35.686482
          ],
          [
            139.744726,
            35.685862
          ],
          [
            139.744557,
            35.685267
          ],
          [
            139.74437,
            35.684623
          ],
          [
            139.74431,
            35.683949
          ],
          [
            139.744354,
            35.683315
          ],
          [
            139.744475,
            35.682691
          ],
          [
            139.744743,
            35.682065
          ],
          [
            139.745093,
            35.681451
          ],
          [
            139.745473,
            35.680887
          ],
          [
            139.74581,
            35.680283
          ],
          [
            139.746387,
            35.679788
          ],
          [
            139.74716,
            35.679565
          ],
          [
            139.747789,
            35.679141
          ],
          [
            139.748279,
            35.678671
          ],
          [
            139.74868,
            35.678121
          ],
          [
            139.74927,
            35.677611
          ],
          [
            139.750063,
            35.677427
          ],
          [
            139.750856,
            35.677365
          ],
          [
            139.751641,
            35.677464
          ]
        ]
      },
      "properties": {
        "sport_type": "run",
        "year": "2025",
        "city": "千代田区",
        "city_status": "resolved"
      }
    },
    {
      "type": "Feature",
      "geometry": {
        "type": "LineString",
        "coordinates": [
          [
            139.712843,
            35.789152
          ],
          [
            139.71207,
            35.789288
          ],
          [
            139.711332,
            35.789425
          ],
          [
            139.710571,
            35.789559
          ],
          [
            139.709848,
            35.789732
          ],
          [
            139.709097,
            35.789912
          ],
          [
            139.708354,
            35.790102
          ],
          [
            139.707618,
            35.790318
          ],
          [
            139.706875,
            35.790552
          ],
          [
            139.706167,
            35.79073
          ],
          [
            139.705442,
            35.790996
          ],
          [
            139.7048,
            35.791294
          ],
          [
            139.70415,
            35.791633
          ],
          [
            139.703536,
            35.791994
          ],
          [
            139.702905,
            35.792337
          ],
          [
            139.702275,
            35.792724
          ],
          [
            139.701723,
            35.793166
          ],
          [
            139.701109,
            35.793521
          ],
          [
            139.700498,
            35.793882
          ],
          [
            139.69986,
            35.79422
          ],
          [
            139.699212,
            35.794573
          ],
          [
            139.698551,
            35.7949
          ],
          [
            139.697879,
            35.795217
          ],
          [
            139.697222,
            35.795547
          ],
          [
            139.696514,
            35.795795
          ],
          [
            139.695829,
            35.796064
          ],
          [
            139.695146,
            35.796337
          ],
          [
            139.694437,
            35.796479
          ],
          [
            139.693699,
            35.796727
          ],
          [
            139.692957,
            35.796917
          ],
          [
            139.692209,
            35.797067
          ],
          [
            139.691437,
            35.797184
          ],
          [
            139.690657,
            35.797239
          ],
          [
            139.689857,
            35.797255
          ],
          [
            139.689164,
            35.797244
          ],
          [
            139.68999,
            35.797251
          ],
          [
            139.690772,
            35.797232
          ],
          [
            139.691513,
            35.797189
          ],
          [
            139.692258,
            35.797063
          ],
          [
            139.692979,
            35.796912
          ],
          [
            139.693713,
            35.796725
          ],
          [
            139.694431,
            35.796496
          ],
          [
            139.695192,
            35.796325
          ],
          [
            139.695902,
            35.796047
          ],
          [
            139.696597,
            35.795764
          ],
          [
            139.697263,
            35.795492
          ],
          [
            139.697906,
            35.795193
          ],
          [
            139.698557,
            35.79488
          ],
          [
            139.699217,
            35.794559
          ],
          [
            139.699873,
            35.794226
          ],
          [
            139.700518,
            35.793867
          ],
          [
            139.701163,
            35.793499
          ],
          [
            139.701803,
            35.793135
          ],
          [
            139.702348,
            35.792667
          ],
          [
            139.703006,
            35.792283
          ],
          [
            139.703648,
            35.791917
          ],
          [
            139.704296,
            35.791559
          ],
          [
            139.704977,
            35.791216
          ],
          [
            139.705683,
            35.790917
          ],
          [
            139.706427,
            35.790643
          ],
          [
            139.707211,
            35.790445
          ],
          [
            139.707977,
            35.790212
          ],
          [
            139.708734,
            35.789986
          ],
          [
            139.709504,
            35.789816
          ],
          [
            139.71025,
            35.789647
          ],
          [
            139.710998,
            35.789477
          ],
          [
            139.711785,
            35.789325
          ],
          [
            139.712563,
            35.789197
          ]
        ]
      },
      "properties": {
        "sport_type": "run",
        "year": "2025",
        "city": "北区",
        "city_status": "resolved"
      }
    },
    {
      "type": "Feature",
      "geometry": {
        "type": "LineString",
        "coordinates": [
          [
            139.71294,
            35.789168
          ],
          [
            139.712139,
            35.789293
          ],
          [
            139.711373,
            35.789421
          ],
          [
            139.710596,
            35.789561
          ],
          [
            139.709813,
            35.789723
          ],
          [
            139.709067,
            35.789907
          ],
          [
            139.708341,
            35.790116
          ],
          [
            139.707596,
            35.79031
          ],
          [
            139.706859,
            35.790529
          ],
          [
            139.706126,
            35.790718
          ],
          [
            139.705434,
            35.79102
          ],
          [
            139.704752,
            35.791321
          ],
          [
            139.704098,
            35.791675
          ],
          [
            139.703431,
            35.792031
          ],
          [
            139.702786,
            35.792408
          ],
          [
            139.702161,
            35.792802
          ],
          [
            139.701586,
            35.793258
          ],
          [
            139.700923,
            35.793643
          ],
          [
            139.70026,
            35.794021
          ],
          [
            139.699565,
            35.794392
          ],
          [
            139.698898,
            35.794729
          ],
          [
            139.698186,
            35.795082
          ],
          [
            139.697494,
            35.795405
          ],
          [
            139.696773,
            35.795706
          ],
          [
            139.696014,
            35.795988
          ],
          [
            139.695271,
            35.796292
          ],
          [
            139.694493,
            35.796474
          ],
          [
            139.693732,
            35.796731
          ],
          [
            139.692891,
            35.796928
          ],
          [
            139.692076,
            35.7971
          ],
          [
            139.69125,
            35.797192
          ],
          [
            139.690405,
            35.797242
          ],
          [
            139.689577,
            35.797267
          ],
          [
            139.689553,
            35.797256
          ],
          [
            139.690397,
            35.79725
          ],
          [
            139.690597,
            35.796963
          ],
          [
            139.691428,
            35.79692
          ],
          [
            139.69224,
            35.796815
          ],
          [
            139.693023,
            35.796641
          ],
          [
            139.693823,
            35.796442
          ],
          [
            139.694587,
            35.796176
          ],
          [
            139.695315,
            35.795897
          ],
          [
            139.696033,
            35.795633
          ],
          [
            139.696706,
            35.79537
          ],
          [
            139.697377,
            35.795026
          ],
          [
            139.698089,
            35.794733
          ],
          [
            139.698776,
            35.794394
          ],
          [
            139.699452,
            35.794042
          ],
          [
            139.70015,
            35.793675
          ],
          [
            139.700822,
            35.793292
          ],
          [
            139.70149,
            35.792907
          ],
          [
            139.702145,
            35.79249
          ],
          [
            139.702837,
            35.792079
          ],
          [
            139.703485,
            35.791696
          ],
          [
            139.704168,
            35.791319
          ],
          [
            139.704874,
            35.79096
          ],
          [
            139.705582,
            35.790652
          ],
          [
            139.706292,
            35.790363
          ],
          [
            139.707095,
            35.790107
          ],
          [
            139.707847,
            35.789884
          ],
          [
            139.708569,
            35.789706
          ],
          [
            139.709338,
            35.789517
          ],
          [
            139.71013,
            35.78931
          ],
          [
            139.710913,
            35.78914
          ],
          [
            139.711687,
            35.788993
          ],
          [
            139.712481,
            35.788862
          ]
        ]
      },
      "properties": {
        "sport_type": "run",
        "year": "2025",
        "city": "北区",
        "city_status": "resolved"
      }
    },
    {
      "type": "Feature",
      "geometry": {
        "type": "LineString",
        "coordinates": [
          [
            139.71725,
            35.819572
          ],
          [
            139.717748,
            35.819652
          ],
          [
            139.718446,
            35.819763
          ],
          [
            139.719157,
            35.819832
          ],
          [
            139.719831,
            35.819937
          ],
          [
            139.72057,
            35.820031
          ],
          [
            139.721284,
            35.820097
          ],
          [
            139.722015,
            35.820215
          ],
          [
            139.722041,
            35.820704
          ],
          [
            139.7227,
            35.820856
          ],
          [
            139.723419,
            35.820839
          ],
          [
            139.723641,
            35.821373
          ],
          [
            139.723741,
            35.82192
          ],
          [
            139.723883,
            35.822496
          ],
          [
            139.724219,
            35.822592
          ],
          [
            139.724965,
            35.822538
          ],
          [
            139.725606,
            35.822528
          ],
          [
            139.725721,
            35.823115
          ],
          [
            139.72561,
            35.8237
          ],
          [
            139.725717,
            35.824321
          ],
          [
            139.725823,
            35.824893
          ],
          [
            139.726045,
            35.825474
          ],
          [
            139.72623,
            35.826063
          ],
          [
            139.726389,
            35.826651
          ],
          [
            139.726562,
            35.827249
          ],
          [
            139.726703,
            35.827839
          ],
          [
            139.726789,
            35.828442
          ],
          [
            139.726783,
            35.829037
          ],
          [
            139.726762,
            35.82967
          ],
          [
            139.726653,
            35.83025
          ],
          [
            139.726551,
            35.830831
          ],
          [
            139.726431,
            35.831428
          ],
          [
            139.726184,
            35.831989
          ],
          [
            139.725844,
            35.83253
          ],
          [
            139.725442,
            35.833055
          ],
          [
            139.724996,
            35.833523
          ],
          [
            139.724441,
            35.833913
          ],
          [
            139.723953,
            35.834398
          ],
          [
            139.723404,
            35.834824
          ],
          [
            139.722826,
            35.835224
          ],
          [
            139.722329,
            35.835636
          ],
          [
            139.721806,
            35.836044
          ],
          [
            139.721269,
            35.83645
          ],
          [
            139.720681,
            35.836841
          ],
          [
            139.720104,
            35.83714
          ],
          [
            139.719628,
            35.837394
          ],
          [
            139.719066,
            35.837666
          ],
          [
            139.71849,
            35.837998
          ],
          [
            139.717847,
            35.838334
          ],
          [
            139.717309,
            35.83875
          ],
          [
            139.716785,
            35.839194
          ],
          [
            139.716306,
            35.83964
          ],
          [
            139.715822,
            35.840037
          ],
          [
            139.715438,
            35.840444
          ],
          [
            139.715024,
            35.840854
          ],
          [
            139.714556,
            35.841287
          ],
          [
            139.71406,
            35.841736
          ],
          [
            139.713629,
            35.842208
          ],
          [
            139.713084,
            35.842655
          ],
          [
            139.712462,
            35.842996
          ],
          [
            139.711835,
            35.843288
          ],
          [
            139.711924,
            35.843241
          ],
          [
            139.712542,
            35.842988
          ],
          [
            139.713146,
            35.842643
          ],
          [
            139.713662,
            35.842221
          ],
          [
            139.71415,
            35.841755
          ],
          [
            139.714652,
            35.841292
          ],
          [
            139.71509,
            35.840819
          ],
          [
            139.715483,
            35.840429
          ],
          [
            139.715913,
            35.840035
          ],
          [
            139.716422,
            35.839627
          ],
          [
            139.716882,
            35.839171
          ],
          [
            139.717357,
            35.838738
          ],
          [
            139.717879,
            35.838346
          ],
          [
            139.718485,
            35.838009
          ],
          [
            139.71897,
            35.837672
          ],
          [
            139.719512,
            35.837421
          ],
          [
            139.719989,
            35.837252
          ],
          [
            139.720595,
            35.83692
          ],
          [
            139.721181,
            35.83653
          ],
          [
            139.721729,
            35.836123
          ],
          [
            139.722261,
            35.835713
          ],
          [
            139.722796,
            35.835305
          ],
          [
            139.723327,
            35.834913
          ],
          [
            139.72386,
            35.834497
          ],
          [
            139.724344,
            35.834058
          ],
          [
            139.724891,
            35.833646
          ],
          [
            139.725381,
            35.83322
          ],
          [
            139.725764,
            35.832697
          ],
          [
            139.72614,
            35.832156
          ],
          [
            139.726407,
            35.831588
          ],
          [
            139.726548,
            35.831009
          ],
          [
            139.726655,
            35.83042
          ],
          [
            139.72682,
            35.829848
          ],
          [
            139.726887,
            35.829255
          ],
          [
            139.726896,
            35.828645
          ],
          [
            139.726767,
            35.828018
          ],
          [
            139.726631,
            35.827429
          ],
          [
            139.726456,
            35.826819
          ],
          [
            139.726279,
            35.826238
          ],
          [
            139.726116,
            35.825641
          ],
          [
            139.725899,
            35.825074
          ],
          [
            139.725722,
            35.8245
          ],
          [
            139.725634,
            35.823919
          ],
          [
            139.725673,
            35.823307
          ],
          [
            139.725691,
            35.822738
          ],
          [
            139.72528,
            35.822499
          ],
          [
            139.724566,
            35.822567
          ],
          [
            139.724026,
            35.822448
          ],
          [
            139.723805,
            35.821895
          ],
          [
            139.723675,
            35.821306
          ],
          [
            139.723408,
            35.820811
          ],
          [
            139.722624,
            35.820806
          ],
          [
            139.722085,
            35.820657
          ],
          [
            139.721971,
            35.820151
          ],
          [
            139.721227,
            35.820054
          ],
          [
            139.720486,
            35.819931
          ],
          [
            139.719781,
            35.819851
          ],
          [
            139.719039,
            35.819737
          ],
          [
            139.718297,
            35.819627
          ],
          [
            139.717572,
            35.819553
          ]
        ]
      },
      "properties": {
        "sport_type": "run",
        "year": "2025",
        "city": "川口市",
        "city_status": "resolved"
      }
    },
    {
      "type": "Feature",
      "geometry": {
        "type": "LineString",
        "coordinates": [
          [
            139.643533,
            35.446135
          ],
          [
            139.643252,
            35.446373
          ],
          [
            139.642947,
            35.44657
          ],
          [
            139.642793,
            35.446779
          ],
          [
            139.642895,
            35.446855
          ],
          [
            139.643061,
            35.44707
          ],
          [
            139.643284,
            35.44739
          ],
          [
            139.643497,
            35.447692
          ],
          [
            139.643682,
            35.447938
          ],
          [
            139.643668,
            35.448234
          ],
          [
            139.643671,
            35.448278
          ],
          [
            139.643714,
            35.448329
          ],
          [
            139.643593,
            35.448391
          ],
          [
            139.643467,
            35.448661
          ],
          [
            139.643583,
            35.44893
          ],
          [
            139.643664,
            35.448981
          ],
          [
            139.643669,
            35.448977
          ],
          [
            139.643676,
            35.448972
          ],
          [
            139.643547,
            35.44901
          ],
          [
            139.643408,
            35.449243
          ],
          [
            139.643458,
            35.44957
          ],
          [
            139.643477,
            35.44988
          ],
          [
            139.643516,
            35.450048
          ],
          [
            139.643453,
            35.450289
          ],
          [
            139.643332,
            35.450436
          ],
          [
            139.643096,
            35.450438
          ],
          [
            139.642701,
            35.450532
          ],
          [
            139.642368,
            35.450713
          ],
          [
            139.642301,
            35.451027
          ],
          [
            139.642243,
            35.451304
          ],
          [
            139.642189,
            35.451563
          ],
          [
            139.642131,
            35.451874
          ],
          [
            139.642058,
            35.452169
          ],
          [
            139.642034,
            35.452489
          ],
          [
            139.642319,
            35.452722
          ],
          [
            139.642692,
            35.452853
          ],
          [
            139.643043,
            35.452955
          ],
          [
            139.643423,
            35.453031
          ],
          [
            139.643697,
            35.453161
          ],
          [
            139.64356,
            35.453476
          ],
          [
            139.643459,
            35.453814
          ],
          [
            139.643437,
            35.454157
          ],
          [
            139.643118,
            35.454342
          ],
          [
            139.642827,
            35.454565
          ],
          [
            139.64263,
            35.454726
          ],
          [
            139.642431,
            35.454811
          ],
          [
            139.642066,
            35.454978
          ],
          [
            139.64173,
            35.455161
          ],
          [
            139.641425,
            35.455371
          ],
          [
            139.641204,
            35.455474
          ],
          [
            139.641138,
            35.4555
          ],
          [
            139.640762,
            35.455678
          ],
          [
            139.64043,
            35.455835
          ],
          [
            139.640074,
            35.455889
          ],
          [
            139.63971,
            35.455977
          ],
          [
            139.639357,
            35.456111
          ],
          [
            139.639018,
            35.456248
          ],
          [
            139.638765,
            35.456069
          ],
          [
            139.638511,
            35.455831
          ],
          [
            139.638289,
            35.455574
          ],
          [
            139.638237,
            35.455553
          ],
          [
            139.638237,
            35.45557
          ],
          [
            139.63832,
            35.455706
          ],
          [
            139.638511,
            35.455995
          ],
          [
            139.638772,
            35.456235
          ],
          [
            139.638774,
            35.456413
          ],
          [
            139.638662,
            35.456483
          ],
          [
            139.638385,
            35.456725
          ],
          [
            139.638211,
            35.457018
          ],
          [
            139.638136,
            35.457115
          ],
          [
            139.637951,
            35.457346
          ],
          [
            139.637888,
            35.457445
          ],
          [
            139.637722,
            35.457699
          ],
          [
            139.63765,
            35.458021
          ],
          [
            139.637666,
            35.458009
          ],
          [
            139.637696,
            35.458272
          ],
          [
            139.637933,
            35.4586
          ],
          [
            139.638128,
            35.458851
          ],
          [
            139.637979,
            35.45913
          ],
          [
            139.637925,
            35.459474
          ],
          [
            139.637847,
            35.459812
          ],
          [
            139.637693,
            35.460047
          ],
          [
            139.637706,
            35.460082
          ],
          [
            139.637714,
            35.460085
          ],
          [
            139.637711,
            35.460086
          ],
          [
            139.637708,
            35.460075
          ],
          [
            139.637704,
            35.460071
          ],
          [
            139.637708,
            35.460073
          ],
          [
            139.637704,
            35.460075
          ],
          [
            139.637762,
            35.46024
          ],
          [
            139.63768,
            35.460492
          ],
          [
            139.637775,
            35.460837
          ],
          [
            139.637837,
            35.461191
          ],
          [
            139.637902,
            35.461535
          ],
          [
            139.637983,
            35.461875
          ],
          [
            139.638119,
            35.462183
          ],
          [
            139.637841,
            35.462194
          ],
          [
            139.637481,
            35.462377
          ],
          [
            139.637074,
            35.462365
          ],
          [
            139.636948,
            35.462836
          ],
          [
            139.636555,
            35.462839
          ],
          [
            139.636137,
            35.462824
          ],
          [
            139.635763,
            35.462842
          ],
          [
            139.635364,
            35.462845
          ],
          [
            139.634954,
            35.462849
          ],
          [
            139.634504,
            35.462814
          ],
          [
            139.634053,
            35.462802
          ],
          [
            139.63359,
            35.462811
          ],
          [
            139.633135,
            35.462916
          ],
          [
            139.632952,
            35.462959
          ],
          [
            139.632962,
            35.462936
          ],
          [
            139.632971,
            35.462932
          ],
          [
            139.632827,
            35.462928
          ],
          [
            139.632541,
            35.462999
          ],
          [
            139.632699,
            35.462876
          ],
          [
            139.632383,
            35.462892
          ],
          [
            139.632096,
            35.462834
          ],
          [
            139.631721,
            35.462866
          ],
          [
            139.63135,
            35.462888
          ],
          [
            139.631245,
            35.462888
          ],
          [
            139.631244,
            35.462881
          ],
          [
            139.631232,
            35.462874
          ],
          [
            139.631054,
            35.462965
          ],
          [
            139.631101,
            35.463312
          ],
          [
            139.631158,
            35.463649
          ],
          [
            139.631299,
            35.463953
          ],
          [
            139.631459,
            35.464245
          ],
          [
            139.631516,
            35.464487
          ],
          [
            139.631413,
            35.464712
          ],
          [
            139.631264,
            35.464959
          ],
          [
            139.631125,
            35.465229
          ],
          [
            139.631089,
            35.465305
          ]
        ]
      },
      "properties": {
        "sport_type": "walk",
        "year": "2025",
        "city": "横浜市",
        "city_status": "resolved"
      }
    },
    {
      "type": "Feature",
      "geometry": {
        "type": "LineString",
        "coordinates": [
          [
            139.637898,
            35.460076
          ],
          [
            139.637902,
            35.460054
          ],
          [
            139.637906,
            35.460034
          ],
          [
            139.63791,
            35.460013
          ],
          [
            139.637915,
            35.459992
          ],
          [
            139.637918,
            35.459972
          ],
          [
            139.637921,
            35.459951
          ],
          [
            139.637924,
            35.45993
          ],
          [
            139.637927,
            35.459909
          ],
          [
            139.63793,
            35.459887
          ],
          [
            139.637933,
            35.459865
          ],
          [
            139.637936,
            35.459842
          ],
          [
            139.637939,
            35.459819
          ],
          [
            139.637942,
            35.459797
          ],
          [
            139.637945,
            35.459775
          ],
          [
            139.637949,
            35.459753
          ],
          [
            139.637953,
            35.459731
          ],
          [
            139.637958,
            35.459709
          ],
          [
            139.637964,
            35.459687
          ],
          [
            139.63797,
            35.459666
          ],
          [
            139.637976,
            35.459644
          ],
          [
            139.637982,
            35.459623
          ],
          [
            139.637989,
            35.459601
          ],
          [
            139.637995,
            35.45958
          ],
          [
            139.638001,
            35.459559
          ],
          [
            139.638006,
            35.459539
          ],
          [
            139.63801,
            35.459519
          ],
          [
            139.638015,
            35.459499
          ],
          [
            139.638019,
            35.459479
          ],
          [
            139.638023,
            35.45946
          ],
          [
            139.638028,
            35.459439
          ],
          [
            139.638033,
            35.459419
          ],
          [
            139.638037,
            35.459398
          ],
          [
            139.638042,
            35.459378
          ],
          [
            139.638047,
            35.459359
          ],
          [
            139.638054,
            35.459341
          ],
          [
            139.638061,
            35.459321
          ],
          [
            139.63807,
            35.459301
          ],
          [
            139.638078,
            35.459281
          ],
          [
            139.638086,
            35.45926
          ],
          [
            139.638094,
            35.459239
          ],
          [
            139.638101,
            35.459218
          ],
          [
            139.63811,
            35.459198
          ],
          [
            139.638119,
            35.459178
          ],
          [
            139.638129,
            35.459159
          ],
          [
            139.638138,
            35.459139
          ],
          [
            139.638147,
            35.459119
          ],
          [
            139.638156,
            35.4591
          ],
          [
            139.638165,
            35.45908
          ],
          [
            139.638174,
            35.459061
          ],
          [
            139.638181,
            35.459042
          ],
          [
            139.638189,
            35.459023
          ],
          [
            139.638195,
            35.459004
          ],
          [
            139.638202,
            35.458985
          ],
          [
            139.638207,
            35.458966
          ],
          [
            139.638212,
            35.458946
          ],
          [
            139.638217,
            35.458926
          ],
          [
            139.63822,
            35.458906
          ],
          [
            139.638223,
            35.458885
          ],
          [
            139.638225,
            35.458864
          ],
          [
            139.638225,
            35.458842
          ],
          [
            139.638222,
            35.458819
          ],
          [
            139.638217,
            35.458796
          ],
          [
            139.638209,
            35.458773
          ],
          [
            139.638199,
            35.458748
          ],
          [
            139.638187,
            35.458725
          ],
          [
            139.638174,
            35.458703
          ]
        ]
      },
      "properties": {
        "sport_type": "run",
        "year": "2025",
        "city": "横浜市",
        "city_status": "resolved"
      }
    },
    {
      "type": "Feature",
      "geometry": {
        "type": "LineString",
        "coordinates": [
          [
            139.64005,
            35.45596
          ],
          [
            139.640147,
            35.455943
          ],
          [
            139.640239,
            35.455917
          ],
          [
            139.640334,
            35.455898
          ],
          [
            139.64043,
            35.455876
          ],
          [
            139.640521,
            35.455842
          ],
          [
            139.640611,
            35.455802
          ],
          [
            139.640699,
            35.455762
          ],
          [
            139.640787,
            35.455723
          ],
          [
            139.640871,
            35.455684
          ],
          [
            139.640956,
            35.455652
          ],
          [
            139.641031,
            35.45561
          ],
          [
            139.64112,
            35.455584
          ],
          [
            139.641207,
            35.455545
          ],
          [
            139.641284,
            35.455506
          ],
          [
            139.641376,
            35.455476
          ],
          [
            139.641458,
            35.455456
          ],
          [
            139.641564,
            35.45545
          ],
          [
            139.64166,
            35.455417
          ],
          [
            139.641745,
            35.455343
          ],
          [
            139.641822,
            35.455262
          ],
          [
            139.641882,
            35.455194
          ],
          [
            139.641943,
            35.455128
          ],
          [
            139.642007,
            35.455079
          ],
          [
            139.642081,
            35.455043
          ],
          [
            139.64215,
            35.455006
          ],
          [
            139.642218,
            35.454965
          ],
          [
            139.642287,
            35.454929
          ],
          [
            139.642349,
            35.454896
          ],
          [
            139.642408,
            35.454858
          ],
          [
            139.642473,
            35.454823
          ],
          [
            139.642537,
            35.454786
          ],
          [
            139.642601,
            35.454748
          ],
          [
            139.642671,
            35.454709
          ],
          [
            139.642736,
            35.454673
          ],
          [
            139.642797,
            35.454636
          ],
          [
            139.642867,
            35.454598
          ],
          [
            139.642941,
            35.454559
          ],
          [
            139.642997,
            35.454504
          ],
          [
            139.643074,
            35.454455
          ],
          [
            139.64317,
            35.45442
          ],
          [
            139.643253,
            35.45437
          ],
          [
            139.643342,
            35.454325
          ],
          [
            139.643429,
            35.454282
          ],
          [
            139.643513,
            35.454238
          ],
          [
            139.643576,
            35.454193
          ],
          [
            139.643655,
            35.454158
          ],
          [
            139.643731,
            35.454124
          ],
          [
            139.643803,
            35.454091
          ],
          [
            139.643884,
            35.454056
          ],
          [
            139.643953,
            35.454007
          ],
          [
            139.644011,
            35.453956
          ],
          [
            139.644042,
            35.453891
          ],
          [
            139.644047,
            35.453814
          ],
          [
            139.644056,
            35.453741
          ],
          [
            139.644066,
            35.453673
          ],
          [
            139.644077,
            35.453612
          ],
          [
            139.644097,
            35.453551
          ],
          [
            139.644118,
            35.453488
          ],
          [
            139.644132,
            35.45343
          ],
          [
            139.644139,
            35.453369
          ],
          [
            139.644164,
            35.45331
          ],
          [
            139.644176,
            35.453251
          ],
          [
            139.644189,
            35.453187
          ],
          [
            139.644211,
            35.453118
          ],
          [
            139.644228,
            35.453054
          ],
          [
            139.644239,
            35.452986
          ],
          [
            139.644261,
            35.452926
          ],
          [
            139.644292,
            35.452862
          ],
          [
            139.644322,
            35.452791
          ],
          [
            139.644358,
            35.452726
          ],
          [
            139.644396,
            35.452664
          ],
          [
            139.644411,
            35.452598
          ],
          [
            139.644429,
            35.452536
          ],
          [
            139.644458,
            35.452478
          ],
          [
            139.644503,
            35.45242
          ],
          [
            139.644534,
            35.452358
          ],
          [
            139.644586,
            35.452295
          ],
          [
            139.644627,
            35.452223
          ],
          [
            139.644659,
            35.452153
          ],
          [
            139.64468,
            35.45208
          ],
          [
            139.644694,
            35.45201
          ],
          [
            139.644714,
            35.451948
          ],
          [
            139.644732,
            35.451884
          ],
          [
            139.644747,
            35.451818
          ],
          [
            139.644755,
            35.451751
          ],
          [
            139.64477,
            35.451687
          ],
          [
            139.644789,
            35.451621
          ],
          [
            139.644804,
            35.451557
          ],
          [
            139.644815,
            35.451494
          ],
          [
            139.644826,
            35.451431
          ],
          [
            139.644838,
            35.451365
          ],
          [
            139.644855,
            35.451295
          ],
          [
            139.644861,
            35.451229
          ],
          [
            139.644867,
            35.451172
          ],
          [
            139.644877,
            35.451118
          ],
          [
            139.644859,
            35.451067
          ],
          [
            139.644835,
            35.451023
          ],
          [
            139.644811,
            35.451001
          ],
          [
            139.644798,
            35.451007
          ],
          [
            139.644766,
            35.451021
          ],
          [
            139.64473,
            35.451061
          ],
          [
            139.644718,
            35.451118
          ],
          [
            139.64471,
            35.451176
          ],
          [
            139.644696,
            35.451232
          ],
          [
            139.644684,
            35.451295
          ],
          [
            139.644663,
            35.451359
          ],
          [
            139.644625,
            35.451418
          ],
          [
            139.644619,
            35.451483
          ],
          [
            139.644622,
            35.451548
          ],
          [
            139.644613,
            35.451611
          ],
          [
            139.644592,
            35.451667
          ],
          [
            139.644565,
            35.451732
          ],
          [
            139.644554,
            35.451802
          ],
          [
            139.644541,
            35.451878
          ],
          [
            139.644523,
            35.45195
          ],
          [
            139.644494,
            35.452023
          ],
          [
            139.644472,
            35.452095
          ],
          [
            139.644442,
            35.452164
          ],
          [
            139.644417,
            35.452228
          ],
          [
            139.644407,
            35.452294
          ],
          [
            139.644414,
            35.452357
          ],
          [
            139.644402,
            35.452419
          ],
          [
            139.644381,
            35.452485
          ],
          [
            139.64436,
            35.452552
          ],
          [
            139.644342,
            35.452624
          ],
          [
            139.644315,
            35.452693
          ],
          [
            139.644301,
            35.452727
          ]
        ]
      },
      "properties": {
        "sport_type": "walk",
        "year": "2025",
        "city": "横浜市",
        "city_status": "resolved"
      }
    },
    {
      "type": "Feature",
      "geometry": {
        "type": "LineString",
        "coordinates": [
          [
            139.757442,
            35.679531
          ],
          [
            139.757784,
            35.680075
          ],
          [
            139.758126,
            35.680606
          ],
          [
            139.758482,
            35.681133
          ],
          [
            139.758831,
            35.681652
          ],
          [
            139.759159,
            35.682207
          ],
          [
            139.759506,
            35.682739
          ],
          [
            139.759851,
            35.683264
          ],
          [
            139.760044,
            35.683862
          ],
          [
            139.760234,
            35.684456
          ],
          [
            139.760547,
            35.685001
          ],
          [
            139.760914,
            35.685527
          ],
          [
            139.761129,
            35.686093
          ],
          [
            139.761273,
            35.6867
          ],
          [
            139.761403,
            35.687295
          ],
          [
            139.761161,
            35.687872
          ],
          [
            139.76096,
            35.688427
          ],
          [
            139.760804,
            35.689019
          ],
          [
            139.760373,
            35.689493
          ],
          [
            139.759832,
            35.689931
          ],
          [
            139.759135,
            35.69009
          ],
          [
            139.758464,
            35.690231
          ],
          [
            139.757787,
            35.690323
          ],
          [
            139.75707,
            35.690442
          ],
          [
            139.756351,
            35.690554
          ],
          [
            139.75569,
            35.690359
          ],
          [
            139.755083,
            35.690093
          ],
          [
            139.754426,
            35.689818
          ],
          [
            139.753811,
            35.689513
          ],
          [
            139.75324,
            35.689255
          ],
          [
            139.752495,
            35.689239
          ],
          [
            139.751915,
            35.689463
          ],
          [
            139.751242,
            35.689286
          ],
          [
            139.750594,
            35.688986
          ],
          [
            139.749958,
            35.688701
          ],
          [
            139.749295,
            35.688403
          ],
          [
            139.748598,
            35.688167
          ],
          [
            139.747858,
            35.688028
          ],
          [
            139.747119,
            35.687952
          ],
          [
            139.746436,
            35.687926
          ],
          [
            139.745776,
            35.687999
          ],
          [
            139.745239,
            35.687807
          ],
          [
            139.745105,
            35.687255
          ],
          [
            139.744955,
            35.686703
          ],
          [
            139.744821,
            35.686168
          ],
          [
            139.744651,
            35.685574
          ],
          [
            139.744476,
            35.685008
          ],
          [
            139.744289,
            35.684432
          ],
          [
            139.744273,
            35.683805
          ],
          [
            139.744348,
            35.683183
          ],
          [
            139.744491,
            35.682568
          ],
          [
            139.744755,
            35.681996
          ],
          [
            139.745082,
            35.681439
          ],
          [
            139.745361,
            35.68093
          ],
          [
            139.745736,
            35.680338
          ],
          [
            139.7462,
            35.679838
          ],
          [
            139.74695,
            35.679596
          ],
          [
            139.747611,
            35.679272
          ],
          [
            139.748126,
            35.678795
          ],
          [
            139.748561,
            35.678256
          ],
          [
            139.749076,
            35.677762
          ],
          [
            139.749683,
            35.677462
          ],
          [
            139.750414,
            35.67739
          ],
          [
            139.751159,
            35.677388
          ],
          [
            139.751873,
            35.677547
          ]
        ]
      },
      "properties": {
        "sport_type": "run",
        "year": "2025",
        "city": "千代田区",
        "city_status": "resolved"
      }
    },
    {
      "type": "Feature",
      "geometry": {
        "type": "LineString",
        "coordinates": [
          [
            139.757639,
            35.679798
          ],
          [
            139.757975,
            35.680329
          ],
          [
            139.75831,
            35.680849
          ],
          [
            139.758651,
            35.681391
          ],
          [
            139.75899,
            35.681909
          ],
          [
            139.75933,
            35.682441
          ],
          [
            139.759676,
            35.682972
          ],
          [
            139.759939,
            35.683554
          ],
          [
            139.76016,
            35.684155
          ],
          [
            139.760381,
            35.684743
          ],
          [
            139.760765,
            35.685286
          ],
          [
            139.761079,
            35.685889
          ],
          [
            139.761246,
            35.686511
          ],
          [
            139.761389,
            35.687137
          ],
          [
            139.761214,
            35.687755
          ],
          [
            139.760953,
            35.688396
          ],
          [
            139.760801,
            35.689046
          ],
          [
            139.760278,
            35.689546
          ],
          [
            139.759694,
            35.689993
          ],
          [
            139.758922,
            35.690127
          ],
          [
            139.758424,
            35.690239
          ],
          [
            139.757857,
            35.690342
          ],
          [
            139.757059,
            35.690441
          ],
          [
            139.756297,
            35.690549
          ],
          [
            139.755661,
            35.690342
          ],
          [
            139.755067,
            35.690083
          ],
          [
            139.7544,
            35.689831
          ],
          [
            139.753751,
            35.689479
          ],
          [
            139.753137,
            35.689164
          ],
          [
            139.752527,
            35.689056
          ],
          [
            139.752036,
            35.689489
          ],
          [
            139.751296,
            35.689323
          ],
          [
            139.750636,
            35.689008
          ],
          [
            139.749974,
            35.688704
          ],
          [
            139.749336,
            35.688404
          ],
          [
            139.748833,
            35.688218
          ],
          [
            139.748337,
            35.68809
          ],
          [
            139.747797,
            35.688007
          ],
          [
            139.747252,
            35.687952
          ],
          [
            139.74672,
            35.687918
          ],
          [
            139.746177,
            35.68794
          ],
          [
            139.745658,
            35.688006
          ],
          [
            139.745256,
            35.687834
          ],
          [
            139.745098,
            35.687235
          ],
          [
            139.744932,
            35.686613
          ],
          [
            139.744766,
            35.685976
          ],
          [
            139.744596,
            35.685385
          ],
          [
            139.744419,
            35.684745
          ],
          [
            139.744248,
            35.684063
          ],
          [
            139.744323,
            35.683348
          ],
          [
            139.744461,
            35.682659
          ],
          [
            139.744753,
            35.681997
          ],
          [
            139.74516,
            35.681301
          ],
          [
            139.745565,
            35.680608
          ],
          [
            139.746101,
            35.679891
          ],
          [
            139.747018,
            35.679584
          ],
          [
            139.747817,
            35.679101
          ],
          [
            139.748392,
            35.678512
          ],
          [
            139.748946,
            35.677874
          ],
          [
            139.749681,
            35.677469
          ],
          [
            139.750562,
            35.677352
          ],
          [
            139.751423,
            35.677442
          ],
          [
            139.752244,
            35.677636
          ]
        ]
      },
      "properties": {
        "sport_type": "run",
        "year": "2025",
        "city": "千代田区",
        "city_status": "resolved"
      }
    },
    {
      "type": "Feature",
      "geometry": {
        "type": "LineString",
        "coordinates": [
          [
            139.790514,
            35.651575
          ],
          [
            139.789764,
            35.651077
          ],
          [
            139.788958,
            35.65079
          ],
          [
            139.788202,
            35.650267
          ],
          [
            139.787538,
            35.649763
          ],
          [
            139.786685,
            35.649395
          ],
          [
            139.785894,
            35.648877
          ],
          [
            139.785095,
            35.648353
          ],
          [
            139.784314,
            35.647827
          ],
          [
            139.783569,
            35.647296
          ],
          [
            139.78283,
            35.646774
          ],
          [
            139.782018,
            35.646262
          ],
          [
            139.781198,
            35.645754
          ],
          [
            139.780412,
            35.645191
          ],
          [
            139.779578,
            35.644657
          ],
          [
            139.778793,
            35.644103
          ],
          [
            139.778018,
            35.643578
          ],
          [
            139.77724,
            35.64305
          ],
          [
            139.776406,
            35.642516
          ],
          [
            139.776449,
            35.641859
          ],
          [
            139.777109,
            35.641199
          ],
          [
            139.777753,
            35.640561
          ],
          [
            139.778391,
            35.639929
          ],
          [
            139.778856,
            35.639592
          ],
          [
            139.779525,
            35.639743
          ],
          [
            139.779807,
            35.639368
          ],
          [
            139.780034,
            35.63854
          ],
          [
            139.780262,
            35.637676
          ],
          [
            139.780808,
            35.636869
          ],
          [
            139.781397,
            35.636132
          ],
          [
            139.782037,
            35.635444
          ],
          [
            139.782912,
            35.634932
          ],
          [
            139.783684,
            35.634459
          ],
          [
            139.78293,
            35.63381
          ],
          [
            139.782249,
            35.63322
          ],
          [
            139.781711,
            35.632645
          ],
          [
            139.7811,
            35.631807
          ],
          [
            139.78049,
            35.631186
          ],
          [
            139.780477,
            35.63118
          ],
          [
            139.780365,
            35.631116
          ],
          [
            139.779701,
            35.630573
          ],
          [
            139.779024,
            35.630776
          ],
          [
            139.778741,
            35.631264
          ],
          [
            139.77871,
            35.631255
          ],
          [
            139.777827,
            35.631204
          ],
          [
            139.776856,
            35.631005
          ],
          [
            139.776225,
            35.630455
          ],
          [
            139.775201,
            35.630125
          ],
          [
            139.774449,
            35.62955
          ],
          [
            139.773652,
            35.629004
          ],
          [
            139.77275,
            35.628458
          ],
          [
            139.772222,
            35.627868
          ],
          [
            139.77154,
            35.627386
          ],
          [
            139.770718,
            35.626855
          ],
          [
            139.769924,
            35.62638
          ],
          [
            139.769424,
            35.625872
          ],
          [
            139.770045,
            35.625382
          ],
          [
            139.770572,
            35.624525
          ],
          [
            139.771199,
            35.62385
          ],
          [
            139.771682,
            35.623067
          ],
          [
            139.7722,
            35.6223
          ],
          [
            139.772829,
            35.621636
          ],
          [
            139.773422,
            35.620891
          ],
          [
            139.773475,
            35.620385
          ],
          [
            139.773387,
            35.6203
          ],
          [
            139.773722,
            35.620047
          ],
          [
            139.774245,
            35.619415
          ],
          [
            139.773951,
            35.618776
          ],
          [
            139.774435,
            35.618082
          ],
          [
            139.77509,
            35.61725
          ],
          [
            139.775773,
            35.616537
          ],
          [
            139.776453,
            35.616022
          ],
          [
            139.77636,
            35.615919
          ],
          [
            139.776491,
            35.615986
          ],
          [
            139.777108,
            35.616528
          ],
          [
            139.778191,
            35.616674
          ],
          [
            139.778292,
            35.616917
          ],
          [
            139.778908,
            35.617527
          ],
          [
            139.779476,
            35.618113
          ],
          [
            139.778993,
            35.618781
          ],
          [
            139.77849,
            35.619505
          ],
          [
            139.77794,
            35.620311
          ],
          [
            139.777266,
            35.621023
          ],
          [
            139.776622,
            35.621788
          ],
          [
            139.775798,
            35.622284
          ],
          [
            139.775176,
            35.622892
          ],
          [
            139.774434,
            35.623348
          ],
          [
            139.774303,
            35.624032
          ],
          [
            139.773724,
            35.624768
          ],
          [
            139.773126,
            35.625487
          ],
          [
            139.77252,
            35.626297
          ],
          [
            139.771924,
            35.627063
          ],
          [
            139.771672,
            35.627387
          ],
          [
            139.771513,
            35.62751
          ],
          [
            139.771495,
            35.627512
          ],
          [
            139.771511,
            35.627552
          ],
          [
            139.771514,
            35.627549
          ],
          [
            139.771557,
            35.627576
          ],
          [
            139.771558,
            35.627563
          ],
          [
            139.771487,
            35.627585
          ],
          [
            139.771804,
            35.628065
          ],
          [
            139.772772,
            35.628524
          ],
          [
            139.773718,
            35.62906
          ],
          [
            139.774585,
            35.629648
          ],
          [
            139.775508,
            35.63024
          ],
          [
            139.776519,
            35.630713
          ],
          [
            139.777442,
            35.631283
          ],
          [
            139.778333,
            35.631316
          ],
          [
            139.778994,
            35.631066
          ],
          [
            139.779528,
            35.630513
          ],
          [
            139.780225,
            35.631056
          ],
          [
            139.780444,
            35.63121
          ],
          [
            139.780891,
            35.631615
          ],
          [
            139.781478,
            35.632387
          ],
          [
            139.782117,
            35.633113
          ],
          [
            139.782934,
            35.633851
          ],
          [
            139.783671,
            35.634517
          ],
          [
            139.782658,
            35.634949
          ],
          [
            139.781777,
            35.635584
          ],
          [
            139.781028,
            35.636292
          ],
          [
            139.780323,
            35.637029
          ],
          [
            139.780067,
            35.637914
          ],
          [
            139.779944,
            35.63881
          ],
          [
            139.779647,
            35.639712
          ],
          [
            139.779021,
            35.639619
          ],
          [
            139.77816,
            35.640234
          ],
          [
            139.777457,
            35.640938
          ],
          [
            139.776728,
            35.641609
          ],
          [
            139.776155,
            35.642325
          ],
          [
            139.777009,
            35.642976
          ],
          [
            139.777934,
            35.643614
          ],
          [
            139.778851,
            35.644244
          ],
          [
            139.77976,
            35.644862
          ],
          [
            139.780665,
            35.645456
          ],
          [
            139.781551,
            35.646055
          ],
          [
            139.782448,
            35.646677
          ],
          [
            139.783369,
            35.647281
          ],
          [
            139.784235,
            35.647867
          ],
          [
            139.785135,
            35.648471
          ],
          [
            139.786041,
            35.649086
          ],
          [
            139.787042,
            35.649526
          ],
          [
            139.787939,
            35.650136
          ],
          [
            139.788847,
            35.650742
          ],
          [
            139.789851,
            35.651171
          ],
          [
            139.7908,
            35.65183
          ],
          [
            139.791753,
            35.652459
          ],
          [
            139.7923,
            35.653076
          ],
          [
            139.791604,
            35.653789
          ],
          [
            139.791055,
            35.654429
          ],
          [
            139.791616,
            35.654741
          ],
          [
            139.79176,
            35.654705
          ]
        ]
      },
      "properties": {
        "sport_type": "run",
        "year": "2025",
        "city": "江東区",
        "city_status": "resolved"
      }
    },
    {
      "type": "Feature",
      "geometry": {
        "type": "LineString",
        "coordinates": [
          [
            139.715873,
            35.814536
          ],
          [
            139.716091,
            35.814388
          ],
          [
            139.716319,
            35.81421
          ],
          [
            139.716534,
            35.81404
          ],
          [
            139.716745,
            35.813876
          ],
          [
            139.716984,
            35.813722
          ],
          [
            139.717218,
            35.813574
          ],
          [
            139.717456,
            35.813417
          ],
          [
            139.717691,
            35.813258
          ],
          [
            139.717839,
            35.813048
          ],
          [
            139.717919,
            35.812818
          ],
          [
            139.718039,
            35.81259
          ],
          [
            139.718106,
            35.812341
          ],
          [
            139.71817,
            35.812099
          ],
          [
            139.718257,
            35.811869
          ],
          [
            139.718335,
            35.811658
          ],
          [
            139.718392,
            35.811436
          ],
          [
            139.718443,
            35.811219
          ],
          [
            139.718476,
            35.810979
          ],
          [
            139.718592,
            35.81081
          ],
          [
            139.718871,
            35.810777
          ],
          [
            139.71915,
            35.810748
          ],
          [
            139.719434,
            35.810719
          ],
          [
            139.720283,
            35.810554
          ],
          [
            139.720249,
            35.810634
          ],
          [
            139.720139,
            35.81066
          ],
          [
            139.720022,
            35.810699
          ],
          [
            139.719896,
            35.810721
          ],
          [
            139.719754,
            35.810699
          ],
          [
            139.719496,
            35.810725
          ],
          [
            139.719172,
            35.810753
          ],
          [
            139.718803,
            35.810793
          ],
          [
            139.718536,
            35.810901
          ],
          [
            139.718548,
            35.811041
          ],
          [
            139.718506,
            35.811244
          ],
          [
            139.71841,
            35.811496
          ],
          [
            139.718324,
            35.811759
          ],
          [
            139.718233,
            35.811956
          ],
          [
            139.718168,
            35.812102
          ],
          [
            139.718114,
            35.812244
          ],
          [
            139.718073,
            35.812382
          ],
          [
            139.718015,
            35.812519
          ],
          [
            139.717947,
            35.812673
          ],
          [
            139.7179,
            35.812795
          ],
          [
            139.71785,
            35.812929
          ],
          [
            139.717772,
            35.81305
          ],
          [
            139.717608,
            35.813133
          ],
          [
            139.717395,
            35.813273
          ],
          [
            139.717177,
            35.813451
          ],
          [
            139.71695,
            35.813607
          ],
          [
            139.716722,
            35.813768
          ],
          [
            139.716484,
            35.813955
          ],
          [
            139.71624,
            35.814122
          ],
          [
            139.715999,
            35.814279
          ],
          [
            139.715796,
            35.814422
          ]
        ]
      },
      "properties": {
        "sport_type": "run",
        "year": "2025",
        "city": "川口市",
        "city_status": "resolved"
      }
    },
    {
      "type": "Feature",
      "geometry": {
        "type": "LineString",
        "coordinates": [
          [
            139.447072,
            36.771482
          ],
          [
            139.44686,
            36.771777
          ],
          [
            139.446629,
            36.772012
          ],
          [
            139.446534,
            36.772122
          ],
          [
            139.446257,
            36.772309
          ],
          [
            139.446014,
            36.772545
          ],
          [
            139.445985,
            36.772675
          ],
          [
            139.446009,
            36.772687
          ],
          [
            139.446,
            36.772712
          ],
          [
            139.445968,
            36.772763
          ],
          [
            139.445975,
            36.772759
          ],
          [
            139.445953,
            36.772712
          ],
          [
            139.44584,
            36.772657
          ],
          [
            139.445728,
            36.772681
          ],
          [
            139.44544,
            36.77281
          ],
          [
            139.445149,
            36.772933
          ],
          [
            139.444813,
            36.772954
          ],
          [
            139.444508,
            36.773035
          ],
          [
            139.44431,
            36.773221
          ],
          [
            139.444149,
            36.773391
          ],
          [
            139.443933,
            36.773597
          ],
          [
            139.443725,
            36.773838
          ],
          [
            139.443495,
            36.774061
          ],
          [
            139.443165,
            36.774191
          ],
          [
            139.442803,
            36.774197
          ],
          [
            139.442446,
            36.774187
          ],
          [
            139.442032,
            36.774163
          ],
          [
            139.441649,
            36.774145
          ],
          [
            139.441248,
            36.774097
          ],
          [
            139.440856,
            36.77411
          ],
          [
            139.440486,
            36.774146
          ],
          [
            139.44017,
            36.774307
          ],
          [
            139.439836,
            36.774494
          ],
          [
            139.440046,
            36.774763
          ],
          [
            139.440191,
            36.775
          ],
          [
            139.440185,
            36.775248
          ],
          [
            139.440094,
            36.775559
          ],
          [
            139.439952,
            36.775856
          ],
          [
            139.439782,
            36.776015
          ],
          [
            139.439581,
            36.776158
          ],
          [
            139.439587,
            36.776167
          ],
          [
            139.439592,
            36.776169
          ],
          [
            139.439591,
            36.776169
          ],
          [
            139.439587,
            36.77616
          ],
          [
            139.439307,
            36.776278
          ],
          [
            139.439189,
            36.776309
          ],
          [
            139.43912,
            36.776328
          ],
          [
            139.439112,
            36.776327
          ],
          [
            139.439106,
            36.776335
          ],
          [
            139.438823,
            36.77639
          ],
          [
            139.438496,
            36.776452
          ],
          [
            139.4382,
            36.776494
          ],
          [
            139.437967,
            36.77671
          ],
          [
            139.437862,
            36.776883
          ],
          [
            139.437687,
            36.777113
          ],
          [
            139.437582,
            36.777268
          ],
          [
            139.437571,
            36.777365
          ],
          [
            139.437583,
            36.777608
          ],
          [
            139.43755,
            36.777946
          ],
          [
            139.437445,
            36.778184
          ],
          [
            139.437208,
            36.778327
          ],
          [
            139.436896,
            36.778511
          ],
          [
            139.436806,
            36.778839
          ],
          [
            139.436794,
            36.779129
          ],
          [
            139.436582,
            36.779144
          ],
          [
            139.436379,
            36.779228
          ],
          [
            139.436234,
            36.779494
          ],
          [
            139.436034,
            36.779678
          ],
          [
            139.435755,
            36.779815
          ],
          [
            139.435488,
            36.779936
          ],
          [
            139.435234,
            36.780166
          ],
          [
            139.434918,
            36.780393
          ],
          [
            139.434583,
            36.780382
          ],
          [
            139.434199,
            36.780499
          ],
          [
            139.433885,
            36.780544
          ],
          [
            139.433535,
            36.780396
          ],
          [
            139.433182,
            36.780331
          ],
          [
            139.43294,
            36.780471
          ],
          [
            139.432881,
            36.780794
          ],
          [
            139.432807,
            36.781107
          ],
          [
            139.432863,
            36.781435
          ],
          [
            139.432891,
            36.781722
          ],
          [
            139.432819,
            36.782055
          ],
          [
            139.432748,
            36.782383
          ],
          [
            139.43278,
            36.782732
          ],
          [
            139.432824,
            36.78283
          ],
          [
            139.432916,
            36.78281
          ],
          [
            139.4329,
            36.782804
          ],
          [
            139.432911,
            36.782807
          ],
          [
            139.432931,
            36.782789
          ],
          [
            139.432903,
            36.782804
          ],
          [
            139.432918,
            36.782789
          ],
          [
            139.432926,
            36.7828
          ],
          [
            139.43291,
            36.782801
          ],
          [
            139.432886,
            36.782796
          ],
          [
            139.432874,
            36.782784
          ],
          [
            139.43288,
            36.782783
          ],
          [
            139.432895,
            36.782801
          ],
          [
            139.432902,
            36.782791
          ],
          [
            139.432912,
            36.782782
          ],
          [
            139.432911,
            36.782788
          ],
          [
            139.432917,
            36.78278
          ],
          [
            139.43293,
            36.78279
          ],
          [
            139.432922,
            36.782796
          ],
          [
            139.432923,
            36.7828
          ],
          [
            139.432912,
            36.782803
          ],
          [
            139.432919,
            36.782804
          ],
          [
            139.432916,
            36.782806
          ],
          [
            139.432906,
            36.782814
          ],
          [
            139.432826,
            36.782803
          ],
          [
            139.432663,
            36.78308
          ],
          [
            139.432665,
            36.783373
          ],
          [
            139.432658,
            36.783554
          ],
          [
            139.432703,
            36.783547
          ],
          [
            139.432686,
            36.783561
          ],
          [
            139.432651,
            36.78332
          ],
          [
            139.43246,
            36.783076
          ],
          [
            139.432203,
            36.782893
          ],
          [
            139.431851,
            36.782715
          ],
          [
            139.431494,
            36.782595
          ],
          [
            139.431124,
            36.782501
          ],
          [
            139.430799,
            36.782424
          ],
          [
            139.430501,
            36.782356
          ],
          [
            139.430167,
            36.782273
          ],
          [
            139.429813,
            36.78225
          ],
          [
            139.42949,
            36.782209
          ],
          [
            139.429092,
            36.782212
          ],
          [
            139.428771,
            36.78216
          ],
          [
            139.42848,
            36.782099
          ],
          [
            139.428094,
            36.782004
          ],
          [
            139.427788,
            36.781877
          ],
          [
            139.427489,
            36.781767
          ],
          [
            139.427182,
            36.781672
          ],
          [
            139.427055,
            36.781535
          ],
          [
            139.426972,
            36.781352
          ],
          [
            139.426895,
            36.781268
          ],
          [
            139.426797,
            36.781069
          ],
          [
            139.426698,
            36.780843
          ],
          [
            139.42661,
            36.780849
          ],
          [
            139.426612,
            36.780858
          ],
          [
            139.426591,
            36.780871
          ],
          [
            139.426568,
            36.780826
          ],
          [
            139.426523,
            36.780801
          ],
          [
            139.42627,
            36.780541
          ],
          [
            139.42596,
            36.780285
          ],
          [
            139.425696,
            36.780018
          ],
          [
            139.425654,
            36.779687
          ],
          [
            139.425634,
            36.779628
          ]
        ]
      },
      "properties": {
        "sport_type": "walk",
        "year": "2025",
        "city": "日光市",
        "city_status": "resolved"
      }
    },
    {
      "type": "Feature",
      "geometry": {
        "type": "LineString",
        "coordinates": [
          [
            139.716603,
            35.807574
          ],
          [
            139.716586,
            35.80765
          ],
          [
            139.716564,
            35.807728
          ],
          [
            139.716541,
            35.807809
          ],
          [
            139.71651,
            35.807906
          ],
          [
            139.716472,
            35.808012
          ],
          [
            139.716399,
            35.8081
          ],
          [
            139.716353,
            35.808189
          ],
          [
            139.716293,
            35.808276
          ],
          [
            139.71625,
            35.808356
          ],
          [
            139.716204,
            35.808433
          ],
          [
            139.71615,
            35.808505
          ],
          [
            139.716083,
            35.808569
          ],
          [
            139.716025,
            35.808639
          ],
          [
            139.715975,
            35.808712
          ],
          [
            139.715924,
            35.808787
          ],
          [
            139.715871,
            35.808858
          ],
          [
            139.715808,
            35.808923
          ],
          [
            139.715743,
            35.808989
          ],
          [
            139.715673,
            35.809053
          ],
          [
            139.715598,
            35.809113
          ],
          [
            139.715526,
            35.809179
          ],
          [
            139.715456,
            35.809248
          ],
          [
            139.715393,
            35.809321
          ],
          [
            139.715338,
            35.809397
          ],
          [
            139.71529,
            35.809474
          ],
          [
            139.715247,
            35.809552
          ],
          [
            139.715199,
            35.809626
          ],
          [
            139.715147,
            35.80969
          ],
          [
            139.715096,
            35.80975
          ],
          [
            139.715044,
            35.809812
          ],
          [
            139.714996,
            35.80988
          ],
          [
            139.714957,
            35.809958
          ],
          [
            139.714923,
            35.81004
          ],
          [
            139.714889,
            35.810122
          ],
          [
            139.714851,
            35.810204
          ],
          [
            139.714802,
            35.810281
          ],
          [
            139.714751,
            35.810355
          ],
          [
            139.714701,
            35.810429
          ],
          [
            139.714656,
            35.810502
          ],
          [
            139.714613,
            35.810575
          ],
          [
            139.714563,
            35.810641
          ],
          [
            139.714509,
            35.8107
          ],
          [
            139.714453,
            35.810754
          ],
          [
            139.714394,
            35.810809
          ],
          [
            139.714336,
            35.810868
          ],
          [
            139.71428,
            35.810926
          ],
          [
            139.714222,
            35.810991
          ],
          [
            139.714165,
            35.811062
          ],
          [
            139.714109,
            35.811139
          ],
          [
            139.714062,
            35.811218
          ],
          [
            139.714027,
            35.811292
          ],
          [
            139.713988,
            35.811362
          ],
          [
            139.713941,
            35.811432
          ],
          [
            139.713887,
            35.811505
          ],
          [
            139.713827,
            35.811577
          ],
          [
            139.713766,
            35.811647
          ],
          [
            139.713706,
            35.811715
          ],
          [
            139.713647,
            35.811782
          ],
          [
            139.713594,
            35.811851
          ],
          [
            139.713544,
            35.811919
          ],
          [
            139.713496,
            35.811981
          ],
          [
            139.713449,
            35.81204
          ],
          [
            139.713404,
            35.812102
          ],
          [
            139.713361,
            35.812167
          ],
          [
            139.71332,
            35.812227
          ],
          [
            139.713279,
            35.812285
          ],
          [
            139.713243,
            35.812352
          ],
          [
            139.713185,
            35.812422
          ],
          [
            139.713129,
            35.812492
          ],
          [
            139.713073,
            35.812562
          ],
          [
            139.713011,
            35.812632
          ],
          [
            139.712948,
            35.812702
          ],
          [
            139.712897,
            35.812779
          ],
          [
            139.712839,
            35.812849
          ],
          [
            139.712833,
            35.81289
          ],
          [
            139.712844,
            35.812894
          ],
          [
            139.712855,
            35.812897
          ],
          [
            139.712859,
            35.8129
          ],
          [
            139.712862,
            35.812905
          ],
          [
            139.712846,
            35.812942
          ],
          [
            139.712814,
            35.813008
          ],
          [
            139.712817,
            35.81308
          ],
          [
            139.712819,
            35.813154
          ],
          [
            139.712802,
            35.813232
          ],
          [
            139.712773,
            35.813304
          ],
          [
            139.712739,
            35.813375
          ],
          [
            139.712712,
            35.813451
          ],
          [
            139.712686,
            35.813526
          ]
        ]
      },
      "properties": {
        "sport_type": "walk",
        "year": "2025",
        "city": "川口市",
        "city_status": "resolved"
      }
    },
    {
      "type": "Feature",
      "geometry": {
        "type": "LineString",
        "coordinates": [
          [
            139.722661,
            35.773477
          ],
          [
            139.72262,
            35.772845
          ],
          [
            139.722741,
            35.77176
          ],
          [
            139.723214,
            35.770774
          ],
          [
            139.723772,
            35.769787
          ],
          [
            139.724381,
            35.768788
          ],
          [
            139.724889,
            35.767801
          ],
          [
            139.725494,
            35.766826
          ],
          [
            139.726136,
            35.765836
          ],
          [
            139.727021,
            35.76518
          ],
          [
            139.728064,
            35.764366
          ],
          [
            139.728757,
            35.763431
          ],
          [
            139.72895,
            35.763127
          ],
          [
            139.728796,
            35.76223
          ],
          [
            139.729673,
            35.761434
          ],
          [
            139.730727,
            35.760711
          ],
          [
            139.731708,
            35.760036
          ],
          [
            139.732065,
            35.759835
          ],
          [
            139.732975,
            35.759624
          ],
          [
            139.733615,
            35.758653
          ],
          [
            139.734371,
            35.757762
          ],
          [
            139.735187,
            35.756849
          ],
          [
            139.735934,
            35.756068
          ],
          [
            139.736761,
            35.755083
          ],
          [
            139.737102,
            35.754657
          ],
          [
            139.737472,
            35.753658
          ],
          [
            139.737799,
            35.753034
          ],
          [
            139.738503,
            35.752422
          ],
          [
            139.739406,
            35.751553
          ],
          [
            139.740475,
            35.750886
          ],
          [
            139.741534,
            35.75014
          ],
          [
            139.742058,
            35.749841
          ],
          [
            139.742537,
            35.749435
          ],
          [
            139.743753,
            35.748738
          ],
          [
            139.745011,
            35.74822
          ],
          [
            139.746314,
            35.747708
          ],
          [
            139.747523,
            35.747071
          ],
          [
            139.748726,
            35.746496
          ],
          [
            139.749889,
            35.745878
          ],
          [
            139.75099,
            35.74518
          ],
          [
            139.752295,
            35.74459
          ],
          [
            139.753536,
            35.74411
          ],
          [
            139.75496,
            35.743896
          ],
          [
            139.756392,
            35.743582
          ],
          [
            139.75753,
            35.742932
          ],
          [
            139.758643,
            35.742225
          ],
          [
            139.759845,
            35.74148
          ],
          [
            139.760531,
            35.740668
          ],
          [
            139.761254,
            35.73983
          ],
          [
            139.762032,
            35.73918
          ],
          [
            139.762849,
            35.738246
          ],
          [
            139.763781,
            35.737434
          ],
          [
            139.764591,
            35.736455
          ],
          [
            139.765453,
            35.735717
          ],
          [
            139.766082,
            35.734727
          ],
          [
            139.766513,
            35.73362
          ],
          [
            139.766929,
            35.732537
          ],
          [
            139.767241,
            35.732616
          ],
          [
            139.767271,
            35.732607
          ],
          [
            139.767938,
            35.731664
          ],
          [
            139.768663,
            35.731256
          ],
          [
            139.769374,
            35.730748
          ],
          [
            139.770262,
            35.729668
          ],
          [
            139.771139,
            35.728773
          ],
          [
            139.771955,
            35.727883
          ],
          [
            139.77293,
            35.727131
          ],
          [
            139.773619,
            35.726786
          ],
          [
            139.774941,
            35.726266
          ],
          [
            139.77612,
            35.725615
          ],
          [
            139.777247,
            35.724858
          ],
          [
            139.778351,
            35.724124
          ],
          [
            139.778137,
            35.723321
          ],
          [
            139.777797,
            35.72271
          ],
          [
            139.778478,
            35.721851
          ],
          [
            139.779625,
            35.722056
          ],
          [
            139.780419,
            35.721358
          ],
          [
            139.78048,
            35.721318
          ],
          [
            139.781264,
            35.7204
          ],
          [
            139.780799,
            35.719365
          ],
          [
            139.780551,
            35.718316
          ],
          [
            139.780609,
            35.717105
          ],
          [
            139.779789,
            35.716401
          ],
          [
            139.779188,
            35.7157
          ],
          [
            139.778259,
            35.71612
          ],
          [
            139.777266,
            35.715681
          ],
          [
            139.776278,
            35.714852
          ],
          [
            139.775022,
            35.715034
          ],
          [
            139.773838,
            35.715154
          ],
          [
            139.773239,
            35.713989
          ],
          [
            139.77313,
            35.712797
          ],
          [
            139.77342,
            35.71162
          ],
          [
            139.773866,
            35.710579
          ],
          [
            139.773754,
            35.709549
          ],
          [
            139.773388,
            35.708431
          ],
          [
            139.773322,
            35.708033
          ],
          [
            139.773195,
            35.707694
          ],
          [
            139.772707,
            35.706481
          ],
          [
            139.772609,
            35.706323
          ],
          [
            139.772177,
            35.705151
          ],
          [
            139.772147,
            35.704502
          ],
          [
            139.772084,
            35.703902
          ],
          [
            139.772032,
            35.703025
          ],
          [
            139.772037,
            35.702932
          ],
          [
            139.77184,
            35.702061
          ],
          [
            139.771766,
            35.70093
          ],
          [
            139.771673,
            35.699873
          ],
          [
            139.771608,
            35.699088
          ],
          [
            139.771884,
            35.69869
          ],
          [
            139.771359,
            35.697902
          ],
          [
            139.772623,
            35.697751
          ],
          [
            139.774064,
            35.697568
          ],
          [
            139.775272,
            35.697231
          ],
          [
            139.775163,
            35.695949
          ],
          [
            139.775035,
            35.695697
          ],
          [
            139.774681,
            35.69538
          ],
          [
            139.77331,
            35.69502
          ],
          [
            139.772386,
            35.694237
          ],
          [
            139.771565,
            35.694062
          ],
          [
            139.771256,
            35.693134
          ],
          [
            139.771241,
            35.693023
          ],
          [
            139.77078,
            35.692235
          ],
          [
            139.770401,
            35.691087
          ],
          [
            139.769899,
            35.689865
          ],
          [
            139.769461,
            35.68866
          ],
          [
            139.769816,
            35.687675
          ],
          [
            139.768949,
            35.686541
          ],
          [
            139.768882,
            35.686177
          ],
          [
            139.76803,
            35.685572
          ],
          [
            139.767481,
            35.684516
          ],
          [
            139.767419,
            35.684522
          ],
          [
            139.767235,
            35.683962
          ],
          [
            139.76635,
            35.682944
          ],
          [
            139.765915,
            35.681848
          ],
          [
            139.765655,
            35.680755
          ],
          [
            139.765345,
            35.680363
          ],
          [
            139.765311,
            35.679959
          ],
          [
            139.765232,
            35.678698
          ],
          [
            139.76502,
            35.677516
          ]
        ]
      },
      "properties": {
        "sport_type": "run",
        "year": "2025",
        "city": "北区",
        "city_status": "resolved"
      }
    },
    {
      "type": "Feature",
      "geometry": {
        "type": "LineString",
        "coordinates": [
          [
            139.759574,
            35.671603
          ],
          [
            139.758923,
            35.670482
          ]
        ]
      },
      "properties": {
        "sport_type": "run",
        "year": "2025",
        "city": "中央区",
        "city_status": "resolved"
      }
    },
    {
      "type": "Feature",
      "geometry": {
        "type": "LineString",
        "coordinates": [
          [
            139.716631,
            35.807664
          ],
          [
            139.716607,
            35.807786
          ],
          [
            139.716587,
            35.807905
          ],
          [
            139.716561,
            35.808022
          ],
          [
            139.716528,
            35.808133
          ],
          [
            139.716535,
            35.80824
          ],
          [
            139.716454,
            35.808329
          ],
          [
            139.716377,
            35.808417
          ],
          [
            139.716291,
            35.808496
          ],
          [
            139.716198,
            35.808568
          ],
          [
            139.716098,
            35.808631
          ],
          [
            139.716007,
            35.808698
          ],
          [
            139.715911,
            35.808761
          ],
          [
            139.715813,
            35.808821
          ],
          [
            139.715723,
            35.808889
          ],
          [
            139.715658,
            35.808977
          ],
          [
            139.715593,
            35.809069
          ],
          [
            139.71553,
            35.809168
          ],
          [
            139.715466,
            35.809271
          ],
          [
            139.715406,
            35.809378
          ],
          [
            139.715345,
            35.809487
          ],
          [
            139.715277,
            35.809593
          ],
          [
            139.715206,
            35.809696
          ],
          [
            139.715135,
            35.809798
          ],
          [
            139.715061,
            35.809899
          ],
          [
            139.714986,
            35.809999
          ],
          [
            139.714911,
            35.810097
          ],
          [
            139.714836,
            35.810195
          ],
          [
            139.714763,
            35.810297
          ],
          [
            139.7147,
            35.810399
          ],
          [
            139.714639,
            35.810499
          ],
          [
            139.714569,
            35.81059
          ],
          [
            139.71449,
            35.81067
          ],
          [
            139.714413,
            35.810742
          ],
          [
            139.714338,
            35.810819
          ],
          [
            139.714273,
            35.810899
          ],
          [
            139.71421,
            35.810987
          ],
          [
            139.714149,
            35.811088
          ],
          [
            139.71409,
            35.811188
          ],
          [
            139.714028,
            35.811286
          ],
          [
            139.71396,
            35.811382
          ],
          [
            139.713887,
            35.811477
          ],
          [
            139.713812,
            35.811573
          ],
          [
            139.713737,
            35.811671
          ],
          [
            139.713661,
            35.811768
          ],
          [
            139.713588,
            35.811866
          ],
          [
            139.713516,
            35.811965
          ],
          [
            139.713451,
            35.812067
          ],
          [
            139.713394,
            35.812171
          ],
          [
            139.713338,
            35.812271
          ],
          [
            139.71327,
            35.812363
          ],
          [
            139.713182,
            35.812443
          ],
          [
            139.713083,
            35.812516
          ],
          [
            139.712985,
            35.81259
          ],
          [
            139.712896,
            35.81267
          ],
          [
            139.712827,
            35.812761
          ],
          [
            139.712776,
            35.812863
          ],
          [
            139.712748,
            35.812975
          ],
          [
            139.712738,
            35.813091
          ],
          [
            139.712729,
            35.813207
          ],
          [
            139.712724,
            35.81332
          ],
          [
            139.712728,
            35.813425
          ],
          [
            139.712742,
            35.813525
          ]
        ]
      },
      "properties": {
        "sport_type": "walk",
        "year": "2025",
        "city": "川口市",
        "city_status": "resolved"
      }
    },
    {
      "type": "Feature",
      "geometry": {
        "type": "LineString",
        "coordinates": [
          [
            139.765187,
            35.678604
          ],
          [
            139.765013,
            35.677232
          ]
        ]
      },
      "properties": {
        "sport_type": "run",
        "year": "2025",
        "city": "千代田区",
        "city_status": "resolved"
      }
    },
    {
      "type": "Feature",
      "geometry": {
        "type": "LineString",
        "coordinates": [
          [
            139.757562,
            35.663466
          ],
          [
            139.757931,
            35.663415
          ],
          [
            139.758416,
            35.661794
          ],
          [
            139.757731,
            35.660824
          ],
          [
            139.757225,
            35.659922
          ],
          [
            139.757812,
            35.658694
          ]
        ]
      },
      "properties": {
        "sport_type": "run",
        "year": "2025",
        "city": "港区",
        "city_status": "resolved"
      }
    },
    {
      "type": "Feature",
      "geometry": {
        "type": "LineString",
        "coordinates": [
          [
            139.754475,
            35.653349
          ],
          [
            139.754189,
            35.65184
          ],
          [
            139.753721,
            35.650209
          ],
          [
            139.753432,
            35.649145
          ],
          [
            139.751844,
            35.648406
          ],
          [
            139.750546,
            35.647783
          ],
          [
            139.749059,
            35.647258
          ],
          [
            139.747299,
            35.646834
          ],
          [
            139.745537,
            35.645812
          ],
          [
            139.744598,
            35.645135
          ],
          [
            139.744613,
            35.645241
          ],
          [
            139.744427,
            35.645431
          ],
          [
            139.743624,
            35.644851
          ],
          [
            139.742513,
            35.643472
          ],
          [
            139.741644,
            35.641887
          ],
          [
            139.740928,
            35.640252
          ],
          [
            139.739936,
            35.638765
          ],
          [
            139.739315,
            35.63771
          ],
          [
            139.739284,
            35.637673
          ],
          [
            139.738853,
            35.636104
          ],
          [
            139.738282,
            35.634443
          ],
          [
            139.737565,
            35.632797
          ],
          [
            139.737566,
            35.631042
          ],
          [
            139.73742,
            35.630186
          ],
          [
            139.736659,
            35.629079
          ],
          [
            139.73732,
            35.628022
          ],
          [
            139.737698,
            35.626316
          ],
          [
            139.738133,
            35.624724
          ],
          [
            139.73761,
            35.623234
          ],
          [
            139.738065,
            35.623155
          ],
          [
            139.739115,
            35.621621
          ],
          [
            139.739588,
            35.62049
          ],
          [
            139.737956,
            35.620498
          ],
          [
            139.73698,
            35.619511
          ],
          [
            139.736337,
            35.618638
          ],
          [
            139.735185,
            35.618328
          ],
          [
            139.734396,
            35.618172
          ],
          [
            139.732533,
            35.618011
          ],
          [
            139.73048,
            35.61851
          ],
          [
            139.729126,
            35.619707
          ],
          [
            139.728847,
            35.6203
          ],
          [
            139.727513,
            35.621036
          ],
          [
            139.725786,
            35.621155
          ],
          [
            139.725098,
            35.621648
          ],
          [
            139.723429,
            35.622821
          ],
          [
            139.722906,
            35.623977
          ],
          [
            139.723848,
            35.625393
          ],
          [
            139.72473,
            35.62578
          ],
          [
            139.724527,
            35.626168
          ],
          [
            139.723381,
            35.626887
          ],
          [
            139.722059,
            35.627908
          ],
          [
            139.72037,
            35.628734
          ],
          [
            139.719763,
            35.629107
          ],
          [
            139.717957,
            35.629892
          ],
          [
            139.716808,
            35.631147
          ],
          [
            139.716409,
            35.632723
          ],
          [
            139.715654,
            35.633744
          ],
          [
            139.714921,
            35.634649
          ],
          [
            139.714587,
            35.635682
          ],
          [
            139.713929,
            35.63722
          ],
          [
            139.712951,
            35.638533
          ],
          [
            139.712277,
            35.639838
          ],
          [
            139.711845,
            35.6415
          ],
          [
            139.711336,
            35.642761
          ],
          [
            139.710347,
            35.643412
          ],
          [
            139.708949,
            35.644599
          ],
          [
            139.707686,
            35.645752
          ],
          [
            139.708442,
            35.646613
          ],
          [
            139.709298,
            35.64755
          ],
          [
            139.708389,
            35.648577
          ],
          [
            139.707609,
            35.649793
          ],
          [
            139.707073,
            35.651383
          ],
          [
            139.706061,
            35.65272
          ],
          [
            139.70479,
            35.653713
          ],
          [
            139.703793,
            35.655106
          ],
          [
            139.702485,
            35.656228
          ],
          [
            139.700908,
            35.657113
          ],
          [
            139.699719,
            35.655989
          ],
          [
            139.698649,
            35.656175
          ],
          [
            139.696681,
            35.655772
          ],
          [
            139.695233,
            35.655703
          ],
          [
            139.696061,
            35.657114
          ],
          [
            139.69622,
            35.657328
          ],
          [
            139.697024,
            35.6585
          ],
          [
            139.698727,
            35.659322
          ],
          [
            139.700072,
            35.659446
          ],
          [
            139.700458,
            35.659952
          ],
          [
            139.699928,
            35.660407
          ],
          [
            139.698414,
            35.660942
          ],
          [
            139.697381,
            35.662137
          ],
          [
            139.696585,
            35.662605
          ],
          [
            139.695729,
            35.66369
          ],
          [
            139.694732,
            35.66475
          ],
          [
            139.693679,
            35.666147
          ],
          [
            139.692502,
            35.667057
          ],
          [
            139.693089,
            35.667383
          ],
          [
            139.694059,
            35.668001
          ],
          [
            139.694866,
            35.668073
          ],
          [
            139.696975,
            35.668134
          ],
          [
            139.696543,
            35.667701
          ],
          [
            139.696733,
            35.667439
          ],
          [
            139.696956,
            35.667611
          ],
          [
            139.697601,
            35.668292
          ],
          [
            139.698674,
            35.668646
          ],
          [
            139.700824,
            35.668797
          ],
          [
            139.70183,
            35.669232
          ],
          [
            139.702707,
            35.669695
          ],
          [
            139.702852,
            35.669683
          ],
          [
            139.703024,
            35.671204
          ],
          [
            139.703531,
            35.672626
          ],
          [
            139.703744,
            35.67354
          ],
          [
            139.704623,
            35.67488
          ],
          [
            139.70472,
            35.676375
          ],
          [
            139.704178,
            35.677961
          ],
          [
            139.704897,
            35.678282
          ],
          [
            139.703814,
            35.679642
          ],
          [
            139.703196,
            35.680125
          ],
          [
            139.703057,
            35.680394
          ],
          [
            139.702623,
            35.681955
          ],
          [
            139.70182,
            35.683235
          ],
          [
            139.701406,
            35.684848
          ],
          [
            139.700961,
            35.685705
          ],
          [
            139.700957,
            35.685665
          ],
          [
            139.700955,
            35.685647
          ],
          [
            139.700939,
            35.685636
          ],
          [
            139.70092,
            35.685623
          ],
          [
            139.700522,
            35.685973
          ],
          [
            139.699705,
            35.686701
          ]
        ]
      },
      "properties": {
        "sport_type": "run",
        "year": "2025",
        "city": "港区",
        "city_status": "resolved"
      }
    },
    {
      "type": "Feature",
      "geometry": {
        "type": "LineString",
        "coordinates": [
          [
            139.715481,
            35.814264
          ],
          [
            139.715996,
            35.814302
          ],
          [
            139.716434,
            35.814087
          ],
          [
            139.716829,
            35.813815
          ],
          [
            139.71722,
            35.813569
          ],
          [
            139.717618,
            35.8133
          ],
          [
            139.717885,
            35.812931
          ],
          [
            139.718066,
            35.812536
          ],
          [
            139.718204,
            35.812142
          ],
          [
            139.718338,
            35.811729
          ],
          [
            139.718419,
            35.811304
          ],
          [
            139.718494,
            35.810909
          ],
          [
            139.718818,
            35.81077
          ],
          [
            139.719333,
            35.810735
          ],
          [
            139.719851,
            35.810707
          ],
          [
            139.720346,
            35.810747
          ],
          [
            139.720826,
            35.81071
          ],
          [
            139.720957,
            35.810301
          ],
          [
            139.721068,
            35.809913
          ],
          [
            139.721158,
            35.809519
          ],
          [
            139.721171,
            35.809441
          ],
          [
            139.721227,
            35.809219
          ],
          [
            139.721334,
            35.808798
          ],
          [
            139.721466,
            35.808349
          ],
          [
            139.721584,
            35.807961
          ],
          [
            139.721544,
            35.807717
          ],
          [
            139.72166,
            35.807259
          ],
          [
            139.721797,
            35.806946
          ],
          [
            139.721837,
            35.806901
          ],
          [
            139.721841,
            35.806805
          ],
          [
            139.721907,
            35.806437
          ],
          [
            139.722008,
            35.806012
          ],
          [
            139.722103,
            35.805575
          ]
        ]
      },
      "properties": {
        "sport_type": "run",
        "year": "2025",
        "city": "川口市",
        "city_status": "resolved"
      }
    },
    {
      "type": "Feature",
      "geometry": {
        "type": "LineString",
        "coordinates": [
          [
            139.722767,
            35.800543
          ],
          [
            139.722879,
            35.8001
          ],
          [
            139.722955,
            35.799691
          ],
          [
            139.72307,
            35.799351
          ],
          [
            139.723511,
            35.799125
          ],
          [
            139.723878,
            35.798829
          ],
          [
            139.723946,
            35.798389
          ],
          [
            139.724041,
            35.79796
          ],
          [
            139.724081,
            35.797528
          ],
          [
            139.72402,
            35.797098
          ],
          [
            139.723994,
            35.796657
          ],
          [
            139.723901,
            35.796207
          ],
          [
            139.723654,
            35.795812
          ],
          [
            139.723443,
            35.795446
          ],
          [
            139.723163,
            35.795072
          ],
          [
            139.722852,
            35.794714
          ],
          [
            139.722377,
            35.794594
          ],
          [
            139.721826,
            35.794668
          ],
          [
            139.721293,
            35.794679
          ],
          [
            139.720783,
            35.794738
          ],
          [
            139.720285,
            35.794785
          ],
          [
            139.719859,
            35.794796
          ],
          [
            139.719391,
            35.794815
          ],
          [
            139.719175,
            35.795164
          ],
          [
            139.718923,
            35.795495
          ],
          [
            139.718512,
            35.795705
          ],
          [
            139.71836,
            35.79613
          ],
          [
            139.718658,
            35.79628
          ],
          [
            139.718945,
            35.796433
          ],
          [
            139.718815,
            35.796845
          ],
          [
            139.718685,
            35.797161
          ],
          [
            139.719082,
            35.797363
          ],
          [
            139.71936,
            35.797637
          ],
          [
            139.719495,
            35.79785
          ],
          [
            139.719445,
            35.798116
          ],
          [
            139.719415,
            35.798382
          ],
          [
            139.719349,
            35.798727
          ],
          [
            139.719306,
            35.799129
          ]
        ]
      },
      "properties": {
        "sport_type": "run",
        "year": "2025",
        "city": "川口市",
        "city_status": "resolved"
      }
    },
    {
      "type": "Feature",
      "geometry": {
        "type": "LineString",
        "coordinates": [
          [
            139.714009,
            35.80618
          ],
          [
            139.713663,
            35.806508
          ],
          [
            139.713343,
            35.806813
          ],
          [
            139.713032,
            35.807114
          ],
          [
            139.712744,
            35.807444
          ],
          [
            139.71244,
            35.807758
          ],
          [
            139.712077,
            35.808078
          ],
          [
            139.71174,
            35.808417
          ],
          [
            139.711422,
            35.80876
          ],
          [
            139.711085,
            35.809125
          ],
          [
            139.710709,
            35.809404
          ],
          [
            139.710376,
            35.809701
          ],
          [
            139.710023,
            35.810046
          ],
          [
            139.709683,
            35.810364
          ],
          [
            139.709363,
            35.810702
          ],
          [
            139.709036,
            35.811046
          ],
          [
            139.7087,
            35.811376
          ],
          [
            139.708354,
            35.811711
          ],
          [
            139.708046,
            35.812055
          ],
          [
            139.707694,
            35.812386
          ],
          [
            139.707355,
            35.812722
          ]
        ]
      },
      "properties": {
        "sport_type": "run",
        "year": "2025",
        "city": "川口市",
        "city_status": "resolved"
      }
    },
    {
      "type": "Feature",
      "geometry": {
        "type": "LineString",
        "coordinates": [
          [
            139.766025,
            35.682656
          ],
          [
            139.766715,
            35.683369
          ],
          [
            139.767581,
            35.684665
          ],
          [
            139.768069,
            35.686166
          ],
          [
            139.769153,
            35.686144
          ],
          [
            139.769312,
            35.686606
          ],
          [
            139.769728,
            35.687546
          ],
          [
            139.770428,
            35.687883
          ],
          [
            139.772278,
            35.688371
          ],
          [
            139.772455,
            35.689621
          ],
          [
            139.771833,
            35.690794
          ],
          [
            139.771493,
            35.691931
          ],
          [
            139.771859,
            35.693141
          ],
          [
            139.772298,
            35.694326
          ],
          [
            139.773091,
            35.695697
          ],
          [
            139.774952,
            35.6958
          ],
          [
            139.775304,
            35.697216
          ],
          [
            139.775416,
            35.698783
          ],
          [
            139.774498,
            35.699627
          ],
          [
            139.774334,
            35.701159
          ],
          [
            139.774412,
            35.702392
          ],
          [
            139.774469,
            35.70272
          ],
          [
            139.774474,
            35.704184
          ],
          [
            139.774734,
            35.705728
          ],
          [
            139.775054,
            35.707232
          ],
          [
            139.774003,
            35.707888
          ],
          [
            139.77314,
            35.708737
          ],
          [
            139.773338,
            35.710354
          ],
          [
            139.773327,
            35.711701
          ],
          [
            139.772945,
            35.713299
          ],
          [
            139.773602,
            35.714878
          ],
          [
            139.77432,
            35.716118
          ],
          [
            139.774435,
            35.715966
          ],
          [
            139.77532,
            35.714905
          ],
          [
            139.776823,
            35.715218
          ],
          [
            139.778066,
            35.716271
          ],
          [
            139.779176,
            35.715838
          ],
          [
            139.780443,
            35.717081
          ],
          [
            139.780468,
            35.71851
          ],
          [
            139.780955,
            35.720015
          ],
          [
            139.780527,
            35.721167
          ],
          [
            139.780185,
            35.721508
          ],
          [
            139.778865,
            35.721597
          ],
          [
            139.777662,
            35.72255
          ],
          [
            139.776313,
            35.723555
          ],
          [
            139.775762,
            35.724789
          ],
          [
            139.774657,
            35.725536
          ],
          [
            139.773975,
            35.726748
          ],
          [
            139.772526,
            35.727515
          ],
          [
            139.771278,
            35.728508
          ],
          [
            139.770164,
            35.729718
          ],
          [
            139.769354,
            35.730684
          ],
          [
            139.768437,
            35.73137
          ],
          [
            139.767335,
            35.732437
          ],
          [
            139.767372,
            35.73258
          ],
          [
            139.766821,
            35.733621
          ],
          [
            139.76734,
            35.734554
          ],
          [
            139.767376,
            35.735665
          ],
          [
            139.766125,
            35.736069
          ],
          [
            139.765416,
            35.737423
          ],
          [
            139.763695,
            35.737224
          ],
          [
            139.762492,
            35.738495
          ],
          [
            139.761705,
            35.739261
          ],
          [
            139.760995,
            35.740032
          ],
          [
            139.760167,
            35.740978
          ],
          [
            139.759006,
            35.7419
          ],
          [
            139.757571,
            35.742796
          ],
          [
            139.755973,
            35.743634
          ],
          [
            139.754071,
            35.743974
          ],
          [
            139.752259,
            35.744529
          ],
          [
            139.750509,
            35.745345
          ],
          [
            139.748964,
            35.746331
          ],
          [
            139.747646,
            35.746947
          ],
          [
            139.745921,
            35.747809
          ],
          [
            139.744049,
            35.748571
          ],
          [
            139.742366,
            35.749467
          ],
          [
            139.740973,
            35.75049
          ],
          [
            139.741629,
            35.749977
          ],
          [
            139.741379,
            35.749639
          ],
          [
            139.740774,
            35.749414
          ],
          [
            139.740314,
            35.747988
          ],
          [
            139.74162,
            35.746875
          ],
          [
            139.74285,
            35.74554
          ],
          [
            139.744486,
            35.744631
          ],
          [
            139.746161,
            35.743702
          ],
          [
            139.746868,
            35.743164
          ],
          [
            139.747464,
            35.741703
          ],
          [
            139.746847,
            35.740011
          ],
          [
            139.74624,
            35.738455
          ],
          [
            139.746389,
            35.736925
          ],
          [
            139.745566,
            35.736001
          ],
          [
            139.744231,
            35.73637
          ],
          [
            139.743951,
            35.735369
          ],
          [
            139.742177,
            35.734642
          ],
          [
            139.740399,
            35.73393
          ],
          [
            139.738901,
            35.733464
          ],
          [
            139.738847,
            35.733403
          ],
          [
            139.737109,
            35.732461
          ],
          [
            139.735216,
            35.73178
          ],
          [
            139.733367,
            35.731219
          ],
          [
            139.731446,
            35.731469
          ],
          [
            139.72973,
            35.73184
          ],
          [
            139.728512,
            35.731934
          ],
          [
            139.726817,
            35.732506
          ],
          [
            139.725284,
            35.732702
          ],
          [
            139.723501,
            35.733111
          ],
          [
            139.722138,
            35.734139
          ],
          [
            139.720689,
            35.733856
          ],
          [
            139.71903,
            35.734453
          ],
          [
            139.717315,
            35.734655
          ],
          [
            139.715364,
            35.734615
          ],
          [
            139.713771,
            35.733916
          ],
          [
            139.713187,
            35.732719
          ],
          [
            139.71311,
            35.732669
          ],
          [
            139.712453,
            35.731518
          ],
          [
            139.710845,
            35.731498
          ],
          [
            139.709928,
            35.730686
          ],
          [
            139.709152,
            35.72971
          ],
          [
            139.708507,
            35.728151
          ],
          [
            139.708149,
            35.727816
          ],
          [
            139.707619,
            35.726778
          ],
          [
            139.708258,
            35.725366
          ],
          [
            139.707626,
            35.723764
          ],
          [
            139.706826,
            35.722172
          ],
          [
            139.706598,
            35.721504
          ],
          [
            139.706668,
            35.720251
          ],
          [
            139.706058,
            35.718616
          ],
          [
            139.705721,
            35.717413
          ],
          [
            139.70565,
            35.717441
          ],
          [
            139.70564,
            35.717434
          ],
          [
            139.70562,
            35.717431
          ],
          [
            139.705649,
            35.717442
          ],
          [
            139.705654,
            35.717432
          ],
          [
            139.705804,
            35.717413
          ],
          [
            139.706237,
            35.715958
          ],
          [
            139.706326,
            35.71579
          ],
          [
            139.706078,
            35.714485
          ],
          [
            139.705728,
            35.713049
          ],
          [
            139.704811,
            35.712851
          ],
          [
            139.704173,
            35.711356
          ],
          [
            139.703585,
            35.709799
          ],
          [
            139.702638,
            35.708387
          ],
          [
            139.702048,
            35.706826
          ],
          [
            139.701453,
            35.705078
          ],
          [
            139.701146,
            35.703428
          ],
          [
            139.700898,
            35.701737
          ],
          [
            139.700571,
            35.700283
          ],
          [
            139.700428,
            35.698683
          ],
          [
            139.700476,
            35.697258
          ],
          [
            139.700427,
            35.696282
          ],
          [
            139.70037,
            35.695583
          ]
        ]
      },
      "properties": {
        "sport_type": "run",
        "year": "2025",
        "city": "千代田区",
        "city_status": "resolved"
      }
    },
    {
      "type": "Feature",
      "geometry": {
        "type": "LineString",
        "coordinates": [
          [
            139.700769,
            35.819341
          ],
          [
            139.700496,
            35.819622
          ],
          [
            139.70021,
            35.819904
          ],
          [
            139.699926,
            35.820194
          ],
          [
            139.699689,
            35.820491
          ],
          [
            139.699455,
            35.820807
          ],
          [
            139.699244,
            35.821132
          ],
          [
            139.698886,
            35.821197
          ],
          [
            139.698539,
            35.821401
          ],
          [
            139.698184,
            35.821655
          ],
          [
            139.697831,
            35.821895
          ],
          [
            139.697514,
            35.822158
          ],
          [
            139.697178,
            35.822397
          ],
          [
            139.696862,
            35.822641
          ],
          [
            139.696545,
            35.822872
          ],
          [
            139.696239,
            35.823106
          ],
          [
            139.69596,
            35.823348
          ],
          [
            139.695671,
            35.823615
          ],
          [
            139.695339,
            35.823845
          ],
          [
            139.69502,
            35.824098
          ],
          [
            139.694654,
            35.824329
          ],
          [
            139.694318,
            35.824579
          ],
          [
            139.69401,
            35.824842
          ],
          [
            139.693684,
            35.825085
          ],
          [
            139.693374,
            35.825311
          ],
          [
            139.693084,
            35.825584
          ],
          [
            139.692823,
            35.825885
          ],
          [
            139.692542,
            35.826162
          ],
          [
            139.692234,
            35.826419
          ],
          [
            139.69194,
            35.826693
          ],
          [
            139.691641,
            35.826967
          ],
          [
            139.691392,
            35.827249
          ],
          [
            139.691117,
            35.827531
          ],
          [
            139.690853,
            35.827832
          ],
          [
            139.690728,
            35.828178
          ],
          [
            139.69036,
            35.828487
          ],
          [
            139.689971,
            35.828709
          ],
          [
            139.689668,
            35.828957
          ],
          [
            139.6894,
            35.829205
          ],
          [
            139.68913,
            35.829433
          ],
          [
            139.688832,
            35.829682
          ],
          [
            139.688539,
            35.829946
          ],
          [
            139.688235,
            35.830211
          ],
          [
            139.687934,
            35.830466
          ],
          [
            139.68764,
            35.83076
          ],
          [
            139.687345,
            35.831061
          ],
          [
            139.687053,
            35.83136
          ],
          [
            139.686775,
            35.831662
          ],
          [
            139.686501,
            35.831961
          ],
          [
            139.686219,
            35.832242
          ],
          [
            139.68593,
            35.83253
          ],
          [
            139.68564,
            35.832825
          ],
          [
            139.685378,
            35.833104
          ],
          [
            139.68507,
            35.83339
          ],
          [
            139.684762,
            35.833691
          ],
          [
            139.684472,
            35.833967
          ],
          [
            139.684204,
            35.834235
          ],
          [
            139.683924,
            35.834527
          ],
          [
            139.683631,
            35.834812
          ],
          [
            139.683349,
            35.835088
          ],
          [
            139.683046,
            35.835369
          ],
          [
            139.682819,
            35.835652
          ],
          [
            139.682474,
            35.835907
          ],
          [
            139.682184,
            35.836189
          ],
          [
            139.681877,
            35.836479
          ],
          [
            139.681571,
            35.83676
          ],
          [
            139.681267,
            35.837042
          ],
          [
            139.680973,
            35.837349
          ],
          [
            139.680637,
            35.837615
          ],
          [
            139.680345,
            35.837891
          ],
          [
            139.680072,
            35.838178
          ],
          [
            139.679798,
            35.838467
          ],
          [
            139.679523,
            35.838752
          ],
          [
            139.679249,
            35.83901
          ],
          [
            139.679016,
            35.839263
          ],
          [
            139.678705,
            35.83959
          ],
          [
            139.678435,
            35.839911
          ],
          [
            139.678094,
            35.840171
          ],
          [
            139.677795,
            35.840463
          ],
          [
            139.677493,
            35.840745
          ],
          [
            139.67722,
            35.841036
          ],
          [
            139.676954,
            35.841326
          ],
          [
            139.676656,
            35.84161
          ],
          [
            139.67638,
            35.841881
          ],
          [
            139.676094,
            35.842164
          ],
          [
            139.675799,
            35.842465
          ],
          [
            139.675484,
            35.842742
          ],
          [
            139.675169,
            35.842995
          ],
          [
            139.674887,
            35.843258
          ],
          [
            139.67462,
            35.843576
          ],
          [
            139.674309,
            35.843805
          ],
          [
            139.674015,
            35.843999
          ],
          [
            139.673698,
            35.844398
          ],
          [
            139.673391,
            35.844692
          ],
          [
            139.673046,
            35.844933
          ],
          [
            139.672747,
            35.845212
          ],
          [
            139.672438,
            35.845456
          ],
          [
            139.672077,
            35.845655
          ],
          [
            139.671727,
            35.845875
          ],
          [
            139.671429,
            35.846147
          ],
          [
            139.671289,
            35.846232
          ],
          [
            139.671289,
            35.846232
          ],
          [
            139.671214,
            35.846356
          ],
          [
            139.671077,
            35.846513
          ],
          [
            139.670879,
            35.84668
          ],
          [
            139.670783,
            35.846784
          ],
          [
            139.670691,
            35.846956
          ],
          [
            139.670516,
            35.847173
          ],
          [
            139.670345,
            35.847329
          ],
          [
            139.670225,
            35.847501
          ],
          [
            139.670139,
            35.847503
          ],
          [
            139.67023,
            35.847479
          ],
          [
            139.67043,
            35.847291
          ],
          [
            139.670503,
            35.847183
          ]
        ]
      },
      "properties": {
        "sport_type": "run",
        "year": "2025",
        "city": "蕨市",
        "city_status": "resolved"
      }
    },
    {
      "type": "Feature",
      "geometry": {
        "type": "LineString",
        "coordinates": [
          [
            139.674242,
            35.844051
          ],
          [
            139.674456,
            35.843834
          ],
          [
            139.674648,
            35.843674
          ],
          [
            139.674873,
            35.843458
          ],
          [
            139.675149,
            35.843256
          ],
          [
            139.675381,
            35.843044
          ],
          [
            139.675619,
            35.842811
          ],
          [
            139.675864,
            35.842575
          ],
          [
            139.676087,
            35.842332
          ],
          [
            139.67633,
            35.842089
          ],
          [
            139.67657,
            35.841843
          ],
          [
            139.676809,
            35.841578
          ],
          [
            139.677039,
            35.841317
          ],
          [
            139.677278,
            35.841085
          ],
          [
            139.677521,
            35.840831
          ],
          [
            139.677794,
            35.840575
          ],
          [
            139.678041,
            35.840298
          ],
          [
            139.67835,
            35.840083
          ],
          [
            139.67862,
            35.83982
          ],
          [
            139.678899,
            35.839569
          ],
          [
            139.679123,
            35.839241
          ],
          [
            139.679235,
            35.839107
          ],
          [
            139.679212,
            35.839165
          ],
          [
            139.679274,
            35.839141
          ],
          [
            139.679575,
            35.839262
          ],
          [
            139.679877,
            35.839504
          ],
          [
            139.680205,
            35.839734
          ],
          [
            139.680504,
            35.839962
          ],
          [
            139.680807,
            35.840183
          ],
          [
            139.681126,
            35.840412
          ],
          [
            139.681484,
            35.840619
          ],
          [
            139.681815,
            35.840816
          ],
          [
            139.682133,
            35.841029
          ],
          [
            139.682485,
            35.841215
          ],
          [
            139.682872,
            35.841249
          ],
          [
            139.68323,
            35.841096
          ],
          [
            139.683628,
            35.840887
          ],
          [
            139.68402,
            35.840673
          ],
          [
            139.684407,
            35.840518
          ],
          [
            139.684816,
            35.840378
          ],
          [
            139.684967,
            35.840319
          ],
          [
            139.685293,
            35.84016
          ],
          [
            139.685661,
            35.840015
          ],
          [
            139.686028,
            35.839872
          ],
          [
            139.686407,
            35.83972
          ],
          [
            139.686795,
            35.839591
          ],
          [
            139.687178,
            35.839467
          ],
          [
            139.687179,
            35.839155
          ],
          [
            139.687325,
            35.839335
          ],
          [
            139.687739,
            35.839287
          ],
          [
            139.688163,
            35.8393
          ],
          [
            139.688447,
            35.839233
          ],
          [
            139.688394,
            35.838932
          ],
          [
            139.688726,
            35.838815
          ],
          [
            139.689158,
            35.83883
          ],
          [
            139.689548,
            35.838774
          ],
          [
            139.689988,
            35.838752
          ],
          [
            139.690455,
            35.8388
          ],
          [
            139.690877,
            35.838806
          ],
          [
            139.691291,
            35.838806
          ],
          [
            139.691732,
            35.838818
          ],
          [
            139.692162,
            35.838825
          ],
          [
            139.692578,
            35.838815
          ],
          [
            139.693027,
            35.83882
          ],
          [
            139.693296,
            35.83872
          ],
          [
            139.693657,
            35.838894
          ],
          [
            139.694065,
            35.839027
          ],
          [
            139.694491,
            35.839157
          ],
          [
            139.694948,
            35.839266
          ],
          [
            139.695385,
            35.839407
          ],
          [
            139.695796,
            35.839497
          ],
          [
            139.696056,
            35.839139
          ],
          [
            139.696295,
            35.838801
          ],
          [
            139.696546,
            35.83848
          ],
          [
            139.69679,
            35.83814
          ],
          [
            139.69703,
            35.837814
          ],
          [
            139.697279,
            35.837477
          ],
          [
            139.697505,
            35.837132
          ],
          [
            139.697737,
            35.836804
          ],
          [
            139.698051,
            35.836488
          ],
          [
            139.698306,
            35.836143
          ],
          [
            139.698617,
            35.835907
          ],
          [
            139.698908,
            35.835711
          ],
          [
            139.699167,
            35.835374
          ],
          [
            139.699401,
            35.83508
          ],
          [
            139.699642,
            35.834804
          ],
          [
            139.699907,
            35.834484
          ],
          [
            139.700174,
            35.834152
          ],
          [
            139.700429,
            35.833838
          ],
          [
            139.700732,
            35.833527
          ],
          [
            139.700964,
            35.833213
          ],
          [
            139.701216,
            35.832888
          ],
          [
            139.701442,
            35.83258
          ],
          [
            139.701735,
            35.832274
          ],
          [
            139.701974,
            35.831978
          ],
          [
            139.70226,
            35.831682
          ],
          [
            139.702603,
            35.831579
          ],
          [
            139.702896,
            35.831546
          ],
          [
            139.702699,
            35.831328
          ],
          [
            139.702811,
            35.831007
          ],
          [
            139.703075,
            35.830689
          ],
          [
            139.703342,
            35.830369
          ],
          [
            139.70361,
            35.830085
          ],
          [
            139.70387,
            35.829753
          ],
          [
            139.704162,
            35.829465
          ],
          [
            139.704402,
            35.829112
          ],
          [
            139.704604,
            35.828778
          ],
          [
            139.704867,
            35.82847
          ],
          [
            139.705102,
            35.828136
          ],
          [
            139.705315,
            35.827811
          ],
          [
            139.705516,
            35.827495
          ],
          [
            139.705694,
            35.827141
          ],
          [
            139.705786,
            35.826866
          ],
          [
            139.705878,
            35.826578
          ],
          [
            139.705988,
            35.826188
          ],
          [
            139.706168,
            35.825837
          ],
          [
            139.70631,
            35.825526
          ],
          [
            139.706421,
            35.825205
          ],
          [
            139.706531,
            35.824818
          ],
          [
            139.70663,
            35.824484
          ],
          [
            139.706783,
            35.824145
          ],
          [
            139.706931,
            35.823761
          ],
          [
            139.707009,
            35.823392
          ]
        ]
      },
      "properties": {
        "sport_type": "walk",
        "year": "2025",
        "city": "さいたま市",
        "city_status": "resolved"
      }
    },
    {
      "type": "Feature",
      "geometry": {
        "type": "LineString",
        "coordinates": [
          [
            139.716574,
            35.807629
          ],
          [
            139.716448,
            35.807712
          ],
          [
            139.716497,
            35.807851
          ],
          [
            139.71645,
            35.808018
          ],
          [
            139.716397,
            35.808182
          ],
          [
            139.716302,
            35.808344
          ],
          [
            139.716197,
            35.808491
          ],
          [
            139.71613,
            35.808634
          ],
          [
            139.716055,
            35.808773
          ],
          [
            139.715933,
            35.808879
          ],
          [
            139.715836,
            35.809016
          ],
          [
            139.715722,
            35.809154
          ],
          [
            139.7156,
            35.809288
          ],
          [
            139.715491,
            35.809427
          ],
          [
            139.715385,
            35.809563
          ],
          [
            139.715289,
            35.809671
          ],
          [
            139.715187,
            35.809756
          ],
          [
            139.715078,
            35.809861
          ],
          [
            139.714962,
            35.809944
          ],
          [
            139.714874,
            35.810049
          ],
          [
            139.714804,
            35.810187
          ],
          [
            139.714727,
            35.810336
          ],
          [
            139.71468,
            35.810509
          ],
          [
            139.714653,
            35.810713
          ],
          [
            139.714621,
            35.81091
          ],
          [
            139.714553,
            35.811056
          ],
          [
            139.714429,
            35.811126
          ],
          [
            139.714256,
            35.811144
          ],
          [
            139.714121,
            35.811197
          ],
          [
            139.714083,
            35.811247
          ],
          [
            139.714079,
            35.811254
          ],
          [
            139.714068,
            35.811264
          ],
          [
            139.71402,
            35.811352
          ],
          [
            139.71398,
            35.811517
          ],
          [
            139.713905,
            35.811642
          ],
          [
            139.713781,
            35.811704
          ],
          [
            139.71362,
            35.811734
          ],
          [
            139.713457,
            35.811765
          ],
          [
            139.713295,
            35.811805
          ],
          [
            139.713151,
            35.811868
          ],
          [
            139.713063,
            35.812004
          ],
          [
            139.713028,
            35.812209
          ],
          [
            139.713005,
            35.812435
          ],
          [
            139.712974,
            35.812666
          ],
          [
            139.71292,
            35.812863
          ],
          [
            139.712892,
            35.813056
          ],
          [
            139.712918,
            35.813247
          ],
          [
            139.712868,
            35.813383
          ],
          [
            139.712892,
            35.81356
          ]
        ]
      },
      "properties": {
        "sport_type": "walk",
        "year": "2025",
        "city": "川口市",
        "city_status": "resolved"
      }
    },
    {
      "type": "Feature",
      "geometry": {
        "type": "LineString",
        "coordinates": [
          [
            139.753558,
            35.631097
          ],
          [
            139.753443,
            35.631118
          ],
          [
            139.753335,
            35.631131
          ],
          [
            139.753229,
            35.631141
          ],
          [
            139.753124,
            35.631146
          ],
          [
            139.753021,
            35.63115
          ],
          [
            139.752916,
            35.631155
          ],
          [
            139.75281,
            35.631163
          ],
          [
            139.752702,
            35.631174
          ],
          [
            139.752588,
            35.63118
          ],
          [
            139.752475,
            35.631185
          ],
          [
            139.752366,
            35.63119
          ],
          [
            139.752255,
            35.63119
          ],
          [
            139.752145,
            35.631191
          ],
          [
            139.752034,
            35.631194
          ],
          [
            139.751922,
            35.631198
          ],
          [
            139.751807,
            35.631202
          ],
          [
            139.751693,
            35.631209
          ],
          [
            139.751589,
            35.631239
          ],
          [
            139.751477,
            35.631258
          ],
          [
            139.751364,
            35.631276
          ],
          [
            139.751268,
            35.631226
          ],
          [
            139.751177,
            35.631176
          ],
          [
            139.751059,
            35.631176
          ],
          [
            139.750941,
            35.631183
          ],
          [
            139.750822,
            35.631179
          ],
          [
            139.750718,
            35.631139
          ],
          [
            139.750612,
            35.631111
          ],
          [
            139.75055,
            35.631108
          ],
          [
            139.750553,
            35.631114
          ],
          [
            139.750532,
            35.631119
          ],
          [
            139.750491,
            35.631132
          ],
          [
            139.750417,
            35.631142
          ],
          [
            139.750313,
            35.631108
          ],
          [
            139.750318,
            35.631006
          ],
          [
            139.750352,
            35.6309
          ],
          [
            139.750405,
            35.630806
          ],
          [
            139.750424,
            35.630707
          ],
          [
            139.750426,
            35.630608
          ],
          [
            139.750402,
            35.630512
          ],
          [
            139.750365,
            35.630421
          ],
          [
            139.750319,
            35.630342
          ],
          [
            139.750269,
            35.630288
          ],
          [
            139.750241,
            35.630216
          ],
          [
            139.75022,
            35.63012
          ],
          [
            139.750212,
            35.630028
          ],
          [
            139.750211,
            35.62994
          ],
          [
            139.750204,
            35.629853
          ],
          [
            139.750193,
            35.629766
          ],
          [
            139.750181,
            35.629677
          ],
          [
            139.750164,
            35.629583
          ],
          [
            139.750161,
            35.629481
          ],
          [
            139.750159,
            35.629377
          ],
          [
            139.75015,
            35.629273
          ],
          [
            139.750137,
            35.629167
          ],
          [
            139.750121,
            35.629055
          ],
          [
            139.750077,
            35.628948
          ],
          [
            139.749956,
            35.62889
          ],
          [
            139.749802,
            35.628892
          ],
          [
            139.749651,
            35.628896
          ],
          [
            139.749507,
            35.628905
          ],
          [
            139.749371,
            35.628927
          ],
          [
            139.74924,
            35.628943
          ],
          [
            139.749111,
            35.628949
          ],
          [
            139.748983,
            35.628952
          ],
          [
            139.748858,
            35.628952
          ],
          [
            139.748735,
            35.628959
          ],
          [
            139.74861,
            35.628962
          ],
          [
            139.748483,
            35.628971
          ],
          [
            139.748356,
            35.628969
          ],
          [
            139.748228,
            35.628972
          ],
          [
            139.748101,
            35.628983
          ],
          [
            139.747972,
            35.628986
          ],
          [
            139.747844,
            35.628985
          ],
          [
            139.74772,
            35.628993
          ],
          [
            139.747599,
            35.629001
          ],
          [
            139.74747,
            35.629
          ],
          [
            139.747339,
            35.629014
          ],
          [
            139.747207,
            35.629014
          ],
          [
            139.747086,
            35.629016
          ],
          [
            139.746962,
            35.629012
          ],
          [
            139.746834,
            35.62902
          ],
          [
            139.746704,
            35.629022
          ],
          [
            139.746571,
            35.629032
          ],
          [
            139.746434,
            35.629055
          ],
          [
            139.746307,
            35.629066
          ],
          [
            139.746182,
            35.629073
          ],
          [
            139.746057,
            35.629089
          ],
          [
            139.745932,
            35.629106
          ],
          [
            139.745809,
            35.629121
          ],
          [
            139.745689,
            35.629136
          ],
          [
            139.745571,
            35.629146
          ],
          [
            139.745452,
            35.629154
          ],
          [
            139.745339,
            35.62916
          ],
          [
            139.745234,
            35.629159
          ],
          [
            139.74513,
            35.629166
          ],
          [
            139.745025,
            35.629179
          ],
          [
            139.744923,
            35.629192
          ],
          [
            139.744824,
            35.629202
          ],
          [
            139.744729,
            35.6292
          ],
          [
            139.744641,
            35.629196
          ],
          [
            139.74456,
            35.629196
          ],
          [
            139.744475,
            35.629202
          ],
          [
            139.74438,
            35.629214
          ],
          [
            139.74427,
            35.62922
          ],
          [
            139.744155,
            35.629218
          ],
          [
            139.744036,
            35.629216
          ],
          [
            139.743916,
            35.629215
          ],
          [
            139.743797,
            35.629219
          ],
          [
            139.743678,
            35.629226
          ],
          [
            139.74356,
            35.629238
          ],
          [
            139.743443,
            35.629253
          ],
          [
            139.743327,
            35.629272
          ],
          [
            139.743211,
            35.629292
          ],
          [
            139.743093,
            35.629309
          ],
          [
            139.742975,
            35.629323
          ],
          [
            139.742855,
            35.629335
          ],
          [
            139.742739,
            35.629356
          ],
          [
            139.742622,
            35.629375
          ],
          [
            139.742503,
            35.629384
          ],
          [
            139.742385,
            35.629386
          ],
          [
            139.742267,
            35.629393
          ],
          [
            139.742153,
            35.629404
          ],
          [
            139.742056,
            35.629411
          ],
          [
            139.741991,
            35.629408
          ],
          [
            139.741944,
            35.629401
          ],
          [
            139.741894,
            35.629391
          ],
          [
            139.741827,
            35.629373
          ],
          [
            139.741744,
            35.62935
          ],
          [
            139.741657,
            35.62933
          ],
          [
            139.74158,
            35.629301
          ],
          [
            139.74149,
            35.629271
          ]
        ]
      },
      "properties": {
        "sport_type": "walk",
        "year": "2026",
        "city": "港区",
        "city_status": "resolved"
      }
    },
    {
      "type": "Feature",
      "geometry": {
        "type": "LineString",
        "coordinates": [
          [
            139.700851,
            35.819283
          ],
          [
            139.700634,
            35.819485
          ],
          [
            139.700419,
            35.819701
          ],
          [
            139.70021,
            35.819921
          ],
          [
            139.700015,
            35.820151
          ],
          [
            139.699828,
            35.820378
          ],
          [
            139.699633,
            35.820587
          ],
          [
            139.699475,
            35.820811
          ],
          [
            139.699309,
            35.821041
          ],
          [
            139.69912,
            35.821235
          ],
          [
            139.69881,
            35.821224
          ],
          [
            139.698573,
            35.821396
          ],
          [
            139.698335,
            35.821589
          ],
          [
            139.698094,
            35.821776
          ],
          [
            139.697843,
            35.821966
          ],
          [
            139.697583,
            35.822153
          ],
          [
            139.697322,
            35.822331
          ],
          [
            139.697056,
            35.822517
          ],
          [
            139.696796,
            35.822701
          ],
          [
            139.696549,
            35.822886
          ],
          [
            139.69631,
            35.823064
          ],
          [
            139.696092,
            35.823236
          ],
          [
            139.695882,
            35.823425
          ],
          [
            139.695693,
            35.823622
          ],
          [
            139.695455,
            35.823799
          ],
          [
            139.695195,
            35.823976
          ],
          [
            139.694961,
            35.824171
          ],
          [
            139.694708,
            35.824349
          ],
          [
            139.694459,
            35.824513
          ],
          [
            139.694197,
            35.824672
          ],
          [
            139.693944,
            35.824846
          ],
          [
            139.6937,
            35.825024
          ],
          [
            139.693467,
            35.825224
          ],
          [
            139.693248,
            35.825423
          ],
          [
            139.693047,
            35.825645
          ],
          [
            139.692852,
            35.825877
          ],
          [
            139.692628,
            35.826084
          ],
          [
            139.692406,
            35.826284
          ],
          [
            139.69218,
            35.826485
          ],
          [
            139.691962,
            35.826698
          ],
          [
            139.691737,
            35.826889
          ],
          [
            139.69154,
            35.827094
          ],
          [
            139.691343,
            35.827306
          ],
          [
            139.691134,
            35.827523
          ],
          [
            139.690981,
            35.827751
          ],
          [
            139.691065,
            35.827925
          ],
          [
            139.691385,
            35.827938
          ],
          [
            139.691718,
            35.827916
          ],
          [
            139.691971,
            35.827741
          ],
          [
            139.692194,
            35.827517
          ],
          [
            139.692423,
            35.827317
          ],
          [
            139.692659,
            35.827138
          ],
          [
            139.692849,
            35.826984
          ],
          [
            139.693057,
            35.826785
          ],
          [
            139.693288,
            35.826593
          ],
          [
            139.693519,
            35.82639
          ],
          [
            139.693753,
            35.826176
          ],
          [
            139.693983,
            35.825957
          ],
          [
            139.694233,
            35.825754
          ],
          [
            139.694471,
            35.825553
          ],
          [
            139.694666,
            35.825355
          ],
          [
            139.694884,
            35.825162
          ],
          [
            139.6951,
            35.824959
          ],
          [
            139.695337,
            35.824755
          ],
          [
            139.695591,
            35.824556
          ],
          [
            139.695847,
            35.824367
          ],
          [
            139.696085,
            35.824149
          ],
          [
            139.696324,
            35.823932
          ],
          [
            139.696568,
            35.823743
          ],
          [
            139.696816,
            35.823551
          ],
          [
            139.697043,
            35.82335
          ],
          [
            139.697297,
            35.823161
          ],
          [
            139.697562,
            35.822961
          ],
          [
            139.69785,
            35.822787
          ],
          [
            139.698083,
            35.822601
          ],
          [
            139.698314,
            35.822418
          ],
          [
            139.698558,
            35.822241
          ],
          [
            139.69871,
            35.821989
          ],
          [
            139.698864,
            35.821726
          ],
          [
            139.699033,
            35.821485
          ],
          [
            139.69923,
            35.821248
          ],
          [
            139.699429,
            35.821004
          ],
          [
            139.699617,
            35.820772
          ],
          [
            139.699791,
            35.820539
          ],
          [
            139.69996,
            35.820289
          ],
          [
            139.700152,
            35.820053
          ],
          [
            139.700393,
            35.819838
          ],
          [
            139.700651,
            35.819616
          ],
          [
            139.700879,
            35.81938
          ]
        ]
      },
      "properties": {
        "sport_type": "run",
        "year": "2026",
        "city": "蕨市",
        "city_status": "resolved"
      }
    },
    {
      "type": "Feature",
      "geometry": {
        "type": "LineString",
        "coordinates": [
          [
            139.71817,
            35.781234
          ],
          [
            139.718073,
            35.781563
          ],
          [
            139.718365,
            35.781529
          ],
          [
            139.71829,
            35.781504
          ],
          [
            139.718396,
            35.781481
          ],
          [
            139.718659,
            35.781741
          ],
          [
            139.718218,
            35.782007
          ],
          [
            139.717229,
            35.781802
          ],
          [
            139.716582,
            35.781724
          ],
          [
            139.71624,
            35.7817
          ],
          [
            139.715821,
            35.781514
          ],
          [
            139.715452,
            35.781259
          ],
          [
            139.715203,
            35.780914
          ],
          [
            139.714969,
            35.780625
          ],
          [
            139.714726,
            35.780296
          ],
          [
            139.714279,
            35.780378
          ],
          [
            139.713933,
            35.780718
          ],
          [
            139.713706,
            35.781141
          ],
          [
            139.713454,
            35.781515
          ],
          [
            139.713046,
            35.78179
          ],
          [
            139.712633,
            35.782035
          ],
          [
            139.712179,
            35.782248
          ],
          [
            139.71175,
            35.78243
          ],
          [
            139.711317,
            35.782673
          ],
          [
            139.710895,
            35.782877
          ],
          [
            139.710484,
            35.783039
          ],
          [
            139.710383,
            35.783131
          ],
          [
            139.71023,
            35.783155
          ],
          [
            139.709766,
            35.783346
          ],
          [
            139.709445,
            35.783647
          ],
          [
            139.709184,
            35.783909
          ],
          [
            139.70914,
            35.783968
          ],
          [
            139.708823,
            35.784301
          ],
          [
            139.708422,
            35.784537
          ],
          [
            139.70795,
            35.784701
          ],
          [
            139.707532,
            35.784976
          ],
          [
            139.707265,
            35.785198
          ],
          [
            139.707252,
            35.785238
          ],
          [
            139.707207,
            35.785328
          ],
          [
            139.707023,
            35.785672
          ],
          [
            139.706933,
            35.786071
          ],
          [
            139.70681,
            35.786355
          ],
          [
            139.706869,
            35.786329
          ],
          [
            139.706894,
            35.786325
          ],
          [
            139.706759,
            35.78648
          ],
          [
            139.706299,
            35.786673
          ],
          [
            139.705877,
            35.786893
          ],
          [
            139.705515,
            35.787152
          ],
          [
            139.705695,
            35.78748
          ],
          [
            139.706074,
            35.787807
          ],
          [
            139.706257,
            35.788153
          ],
          [
            139.705961,
            35.788501
          ],
          [
            139.705686,
            35.788836
          ],
          [
            139.705354,
            35.789165
          ],
          [
            139.70509,
            35.789536
          ],
          [
            139.704925,
            35.789909
          ],
          [
            139.705207,
            35.790241
          ],
          [
            139.705372,
            35.790505
          ],
          [
            139.705425,
            35.790603
          ],
          [
            139.705487,
            35.790707
          ],
          [
            139.705503,
            35.790688
          ],
          [
            139.7055,
            35.790703
          ],
          [
            139.705575,
            35.790816
          ],
          [
            139.705727,
            35.79097
          ],
          [
            139.705991,
            35.79086
          ],
          [
            139.706467,
            35.790717
          ],
          [
            139.706806,
            35.790636
          ],
          [
            139.707217,
            35.790493
          ],
          [
            139.707679,
            35.790339
          ],
          [
            139.70817,
            35.790211
          ],
          [
            139.708655,
            35.790078
          ],
          [
            139.709154,
            35.789967
          ],
          [
            139.709641,
            35.789834
          ],
          [
            139.710147,
            35.789719
          ],
          [
            139.710652,
            35.789628
          ],
          [
            139.711134,
            35.789518
          ],
          [
            139.711646,
            35.789422
          ],
          [
            139.71214,
            35.789331
          ],
          [
            139.712658,
            35.789254
          ]
        ]
      },
      "properties": {
        "sport_type": "run",
        "year": "2026",
        "city": "北区",
        "city_status": "resolved"
      }
    },
    {
      "type": "Feature",
      "geometry": {
        "type": "LineString",
        "coordinates": [
          [
            139.722347,
            35.788548
          ],
          [
            139.722846,
            35.78846
          ],
          [
            139.723325,
            35.788335
          ],
          [
            139.723805,
            35.788221
          ],
          [
            139.724294,
            35.788129
          ],
          [
            139.724764,
            35.788005
          ],
          [
            139.72524,
            35.787862
          ],
          [
            139.725698,
            35.787704
          ],
          [
            139.726168,
            35.787538
          ],
          [
            139.726629,
            35.787347
          ],
          [
            139.726967,
            35.787209
          ],
          [
            139.72719,
            35.787138
          ],
          [
            139.727399,
            35.787062
          ],
          [
            139.727613,
            35.786988
          ],
          [
            139.727829,
            35.786917
          ],
          [
            139.728046,
            35.786854
          ],
          [
            139.728265,
            35.786833
          ],
          [
            139.728484,
            35.786861
          ],
          [
            139.72861,
            35.786846
          ],
          [
            139.728835,
            35.786779
          ],
          [
            139.729067,
            35.78669
          ],
          [
            139.729252,
            35.786595
          ],
          [
            139.728997,
            35.78658
          ],
          [
            139.728759,
            35.786553
          ],
          [
            139.728589,
            35.786523
          ],
          [
            139.728382,
            35.786467
          ],
          [
            139.727909,
            35.786456
          ],
          [
            139.727432,
            35.786582
          ],
          [
            139.72696,
            35.786749
          ],
          [
            139.726513,
            35.786927
          ],
          [
            139.726016,
            35.787088
          ],
          [
            139.725523,
            35.787267
          ],
          [
            139.725069,
            35.787437
          ],
          [
            139.72461,
            35.787584
          ],
          [
            139.724147,
            35.787695
          ],
          [
            139.723948,
            35.78773
          ],
          [
            139.723675,
            35.787722
          ],
          [
            139.723204,
            35.787773
          ],
          [
            139.72271,
            35.78787
          ],
          [
            139.72232,
            35.788055
          ]
        ]
      },
      "properties": {
        "sport_type": "run",
        "year": "2026",
        "city": "北区",
        "city_status": "resolved"
      }
    },
    {
      "type": "Feature",
      "geometry": {
        "type": "LineString",
        "coordinates": [
          [
            133.844697,
            35.463569
          ],
          [
            133.844326,
            35.463626
          ],
          [
            133.843951,
            35.463667
          ],
          [
            133.843571,
            35.463718
          ],
          [
            133.843196,
            35.46377
          ],
          [
            133.842875,
            35.463885
          ],
          [
            133.842699,
            35.4641
          ],
          [
            133.842661,
            35.464386
          ],
          [
            133.842668,
            35.464717
          ],
          [
            133.842662,
            35.465038
          ],
          [
            133.84262,
            35.465352
          ],
          [
            133.842669,
            35.465663
          ],
          [
            133.842745,
            35.465973
          ],
          [
            133.842843,
            35.466267
          ],
          [
            133.84293,
            35.46657
          ],
          [
            133.843016,
            35.466873
          ],
          [
            133.843111,
            35.467177
          ],
          [
            133.843203,
            35.467478
          ],
          [
            133.843283,
            35.467775
          ],
          [
            133.843382,
            35.468076
          ],
          [
            133.843482,
            35.468377
          ],
          [
            133.843578,
            35.468668
          ],
          [
            133.843662,
            35.468965
          ],
          [
            133.843755,
            35.469268
          ],
          [
            133.843843,
            35.469553
          ],
          [
            133.843942,
            35.469837
          ],
          [
            133.844038,
            35.470119
          ],
          [
            133.844123,
            35.470406
          ],
          [
            133.844203,
            35.4707
          ],
          [
            133.844306,
            35.470958
          ],
          [
            133.844295,
            35.470768
          ],
          [
            133.844185,
            35.470468
          ],
          [
            133.844098,
            35.470192
          ],
          [
            133.844009,
            35.469901
          ],
          [
            133.843915,
            35.469607
          ],
          [
            133.843819,
            35.469334
          ],
          [
            133.843734,
            35.469037
          ],
          [
            133.843647,
            35.468758
          ],
          [
            133.843547,
            35.468479
          ],
          [
            133.843456,
            35.468207
          ],
          [
            133.843357,
            35.467922
          ],
          [
            133.843262,
            35.467653
          ],
          [
            133.843177,
            35.467379
          ],
          [
            133.843094,
            35.467085
          ],
          [
            133.843001,
            35.466785
          ],
          [
            133.842905,
            35.466496
          ],
          [
            133.842821,
            35.466195
          ],
          [
            133.842736,
            35.465893
          ],
          [
            133.842656,
            35.465602
          ],
          [
            133.842578,
            35.465315
          ],
          [
            133.842542,
            35.465079
          ],
          [
            133.842502,
            35.464893
          ],
          [
            133.842471,
            35.464699
          ],
          [
            133.842452,
            35.464497
          ],
          [
            133.842415,
            35.464302
          ],
          [
            133.842385,
            35.464103
          ],
          [
            133.842356,
            35.463907
          ],
          [
            133.842338,
            35.463705
          ],
          [
            133.842299,
            35.463505
          ],
          [
            133.842278,
            35.463329
          ],
          [
            133.842278,
            35.463146
          ],
          [
            133.842257,
            35.462966
          ],
          [
            133.842257,
            35.462781
          ],
          [
            133.842319,
            35.46264
          ],
          [
            133.842461,
            35.462653
          ],
          [
            133.842545,
            35.462675
          ],
          [
            133.84257,
            35.46283
          ],
          [
            133.842571,
            35.463036
          ],
          [
            133.842565,
            35.463238
          ],
          [
            133.842555,
            35.46344
          ],
          [
            133.842595,
            35.463649
          ],
          [
            133.842622,
            35.463889
          ],
          [
            133.842296,
            35.46403
          ],
          [
            133.841933,
            35.464125
          ],
          [
            133.841562,
            35.464225
          ],
          [
            133.841211,
            35.464319
          ],
          [
            133.840858,
            35.464416
          ],
          [
            133.840572,
            35.464501
          ],
          [
            133.840422,
            35.464543
          ],
          [
            133.840041,
            35.464625
          ],
          [
            133.83967,
            35.464721
          ],
          [
            133.839314,
            35.464813
          ],
          [
            133.839125,
            35.464842
          ],
          [
            133.839126,
            35.464854
          ],
          [
            133.839147,
            35.464868
          ],
          [
            133.839373,
            35.464902
          ],
          [
            133.839723,
            35.464807
          ],
          [
            133.840072,
            35.464717
          ],
          [
            133.840395,
            35.464625
          ],
          [
            133.840765,
            35.464531
          ],
          [
            133.84113,
            35.464436
          ],
          [
            133.841482,
            35.46435
          ],
          [
            133.841829,
            35.464256
          ],
          [
            133.842184,
            35.464156
          ],
          [
            133.842538,
            35.464083
          ],
          [
            133.842639,
            35.464131
          ],
          [
            133.84265,
            35.464123
          ],
          [
            133.84281,
            35.464004
          ],
          [
            133.843167,
            35.463953
          ],
          [
            133.843554,
            35.463925
          ],
          [
            133.843933,
            35.463902
          ],
          [
            133.844046,
            35.464121
          ],
          [
            133.844089,
            35.46446
          ],
          [
            133.844148,
            35.464798
          ],
          [
            133.844215,
            35.46513
          ],
          [
            133.844271,
            35.465448
          ],
          [
            133.844356,
            35.46577
          ],
          [
            133.844409,
            35.466085
          ],
          [
            133.844466,
            35.466404
          ],
          [
            133.844547,
            35.46673
          ],
          [
            133.844584,
            35.466647
          ],
          [
            133.844551,
            35.466326
          ],
          [
            133.844485,
            35.46603
          ],
          [
            133.844433,
            35.465734
          ],
          [
            133.844407,
            35.465575
          ],
          [
            133.84435,
            35.465302
          ],
          [
            133.844288,
            35.464996
          ],
          [
            133.844214,
            35.464676
          ],
          [
            133.844154,
            35.464353
          ],
          [
            133.844084,
            35.464033
          ],
          [
            133.844171,
            35.463836
          ],
          [
            133.844555,
            35.463772
          ],
          [
            133.844774,
            35.46375
          ],
          [
            133.844802,
            35.463555
          ],
          [
            133.844791,
            35.463573
          ],
          [
            133.844782,
            35.46358
          ],
          [
            133.844776,
            35.463579
          ],
          [
            133.844774,
            35.463581
          ],
          [
            133.844794,
            35.463575
          ]
        ]
      },
      "properties": {
        "sport_type": "run",
        "year": "2026",
        "city": "倉吉市",
        "city_status": "resolved"
      }
    },
    {
      "type": "Feature",
      "geometry": {
        "type": "LineString",
        "coordinates": [
          [
            133.844791,
            35.464039
          ],
          [
            133.844771,
            35.464252
          ],
          [
            133.844792,
            35.464067
          ],
          [
            133.844665,
            35.463732
          ],
          [
            133.844144,
            35.463771
          ],
          [
            133.843671,
            35.463812
          ],
          [
            133.843223,
            35.463858
          ],
          [
            133.842785,
            35.463972
          ],
          [
            133.84263,
            35.464318
          ],
          [
            133.842637,
            35.464696
          ],
          [
            133.842647,
            35.464898
          ],
          [
            133.842572,
            35.465182
          ],
          [
            133.842505,
            35.464769
          ],
          [
            133.842423,
            35.4644
          ],
          [
            133.842402,
            35.46403
          ],
          [
            133.842361,
            35.463643
          ],
          [
            133.842286,
            35.463289
          ],
          [
            133.842246,
            35.462917
          ],
          [
            133.842219,
            35.462549
          ],
          [
            133.842201,
            35.462187
          ],
          [
            133.842206,
            35.461817
          ],
          [
            133.842199,
            35.461443
          ],
          [
            133.8422,
            35.461078
          ],
          [
            133.842185,
            35.460706
          ],
          [
            133.842203,
            35.460323
          ],
          [
            133.842206,
            35.459947
          ],
          [
            133.84221,
            35.459559
          ],
          [
            133.842211,
            35.459181
          ],
          [
            133.842195,
            35.458813
          ],
          [
            133.842224,
            35.458457
          ],
          [
            133.842199,
            35.458099
          ],
          [
            133.842194,
            35.457713
          ],
          [
            133.84219,
            35.45732
          ],
          [
            133.842202,
            35.45699
          ],
          [
            133.842306,
            35.456652
          ],
          [
            133.842321,
            35.456287
          ],
          [
            133.84238,
            35.455929
          ],
          [
            133.842416,
            35.455568
          ],
          [
            133.842431,
            35.455186
          ],
          [
            133.842408,
            35.454824
          ],
          [
            133.842385,
            35.454442
          ],
          [
            133.842389,
            35.454133
          ],
          [
            133.842405,
            35.453827
          ],
          [
            133.842412,
            35.453457
          ],
          [
            133.842424,
            35.453086
          ],
          [
            133.842446,
            35.452691
          ],
          [
            133.842484,
            35.452294
          ],
          [
            133.842484,
            35.451892
          ],
          [
            133.842492,
            35.451505
          ],
          [
            133.842532,
            35.451125
          ],
          [
            133.842572,
            35.450727
          ],
          [
            133.842633,
            35.450328
          ],
          [
            133.842722,
            35.449937
          ],
          [
            133.842807,
            35.449558
          ],
          [
            133.842886,
            35.449165
          ],
          [
            133.84298,
            35.448792
          ],
          [
            133.843103,
            35.448404
          ],
          [
            133.843172,
            35.448023
          ],
          [
            133.843277,
            35.447661
          ],
          [
            133.843417,
            35.447295
          ],
          [
            133.843456,
            35.447156
          ],
          [
            133.843613,
            35.446802
          ],
          [
            133.843791,
            35.44643
          ],
          [
            133.843938,
            35.446057
          ],
          [
            133.844137,
            35.445692
          ],
          [
            133.844283,
            35.445324
          ],
          [
            133.844454,
            35.444948
          ],
          [
            133.844637,
            35.444581
          ],
          [
            133.844593,
            35.444583
          ],
          [
            133.844468,
            35.444818
          ],
          [
            133.844349,
            35.445048
          ],
          [
            133.844241,
            35.445284
          ],
          [
            133.844143,
            35.445516
          ],
          [
            133.844036,
            35.445747
          ],
          [
            133.843918,
            35.445977
          ],
          [
            133.84381,
            35.446221
          ],
          [
            133.843705,
            35.446478
          ],
          [
            133.843599,
            35.44673
          ],
          [
            133.843497,
            35.446981
          ],
          [
            133.843375,
            35.4473
          ],
          [
            133.843221,
            35.447755
          ],
          [
            133.84309,
            35.44816
          ],
          [
            133.842978,
            35.44857
          ],
          [
            133.842865,
            35.448975
          ],
          [
            133.842773,
            35.449373
          ],
          [
            133.842682,
            35.449774
          ],
          [
            133.8426,
            35.450175
          ],
          [
            133.842534,
            35.450582
          ],
          [
            133.842485,
            35.450985
          ],
          [
            133.842463,
            35.451383
          ],
          [
            133.842427,
            35.451787
          ],
          [
            133.8424,
            35.452185
          ],
          [
            133.842388,
            35.452587
          ],
          [
            133.842366,
            35.453005
          ],
          [
            133.842346,
            35.453436
          ],
          [
            133.84235,
            35.453831
          ],
          [
            133.842338,
            35.454255
          ],
          [
            133.842346,
            35.454654
          ],
          [
            133.842364,
            35.455048
          ],
          [
            133.842377,
            35.455468
          ],
          [
            133.84235,
            35.455875
          ],
          [
            133.842305,
            35.456266
          ],
          [
            133.842257,
            35.456676
          ],
          [
            133.842067,
            35.457066
          ],
          [
            133.842094,
            35.457439
          ],
          [
            133.842161,
            35.457849
          ],
          [
            133.842179,
            35.458249
          ],
          [
            133.84218,
            35.458667
          ],
          [
            133.842173,
            35.459072
          ],
          [
            133.842166,
            35.459493
          ],
          [
            133.842165,
            35.459892
          ],
          [
            133.842158,
            35.460294
          ],
          [
            133.842161,
            35.460695
          ],
          [
            133.842175,
            35.461088
          ],
          [
            133.842173,
            35.461494
          ],
          [
            133.842178,
            35.461899
          ],
          [
            133.842166,
            35.462311
          ],
          [
            133.842186,
            35.462708
          ],
          [
            133.842245,
            35.463116
          ],
          [
            133.842282,
            35.463511
          ],
          [
            133.842338,
            35.463901
          ],
          [
            133.842389,
            35.464315
          ],
          [
            133.842473,
            35.464727
          ],
          [
            133.842553,
            35.465142
          ],
          [
            133.842638,
            35.465553
          ],
          [
            133.842744,
            35.465973
          ],
          [
            133.842855,
            35.466378
          ],
          [
            133.842947,
            35.466487
          ],
          [
            133.842793,
            35.466074
          ],
          [
            133.842672,
            35.465674
          ],
          [
            133.842584,
            35.465271
          ],
          [
            133.842654,
            35.464851
          ],
          [
            133.842668,
            35.46444
          ],
          [
            133.842676,
            35.464277
          ]
        ]
      },
      "properties": {
        "sport_type": "run",
        "year": "2026",
        "city": "倉吉市",
        "city_status": "resolved"
      }
    },
    {
      "type": "Feature",
      "geometry": {
        "type": "LineString",
        "coordinates": [
          [
            133.845642,
            35.470573
          ],
          [
            133.845722,
            35.470776
          ],
          [
            133.845798,
            35.470991
          ],
          [
            133.845874,
            35.471188
          ],
          [
            133.845915,
            35.471386
          ],
          [
            133.845991,
            35.471593
          ],
          [
            133.846049,
            35.471797
          ],
          [
            133.84612,
            35.472013
          ],
          [
            133.846192,
            35.472211
          ],
          [
            133.846257,
            35.472417
          ],
          [
            133.846322,
            35.472623
          ],
          [
            133.846384,
            35.472834
          ],
          [
            133.846438,
            35.47305
          ],
          [
            133.846484,
            35.473255
          ],
          [
            133.846525,
            35.473461
          ],
          [
            133.846568,
            35.473665
          ],
          [
            133.846632,
            35.473865
          ],
          [
            133.846686,
            35.474056
          ],
          [
            133.84658,
            35.474234
          ],
          [
            133.846383,
            35.474329
          ],
          [
            133.846181,
            35.474376
          ],
          [
            133.845953,
            35.474455
          ],
          [
            133.845731,
            35.474533
          ],
          [
            133.845631,
            35.474465
          ],
          [
            133.845536,
            35.474278
          ],
          [
            133.845408,
            35.474102
          ],
          [
            133.845315,
            35.4742
          ],
          [
            133.84539,
            35.474407
          ],
          [
            133.845457,
            35.474607
          ],
          [
            133.845513,
            35.474805
          ],
          [
            133.845569,
            35.475006
          ],
          [
            133.84564,
            35.475199
          ],
          [
            133.845702,
            35.475391
          ],
          [
            133.845752,
            35.475581
          ],
          [
            133.845815,
            35.47577
          ],
          [
            133.845892,
            35.475956
          ],
          [
            133.845951,
            35.476146
          ],
          [
            133.84601,
            35.476346
          ],
          [
            133.846063,
            35.476552
          ],
          [
            133.846132,
            35.476756
          ],
          [
            133.846193,
            35.476954
          ],
          [
            133.846258,
            35.477156
          ],
          [
            133.84632,
            35.477356
          ],
          [
            133.846388,
            35.477558
          ],
          [
            133.846449,
            35.477751
          ],
          [
            133.846494,
            35.477898
          ],
          [
            133.846574,
            35.478079
          ],
          [
            133.846645,
            35.478263
          ],
          [
            133.846714,
            35.478461
          ],
          [
            133.846789,
            35.478664
          ],
          [
            133.846871,
            35.478867
          ],
          [
            133.846947,
            35.479069
          ],
          [
            133.847026,
            35.479267
          ],
          [
            133.847116,
            35.479468
          ],
          [
            133.847205,
            35.479653
          ],
          [
            133.847272,
            35.479842
          ],
          [
            133.84735,
            35.480038
          ],
          [
            133.847448,
            35.480224
          ],
          [
            133.847534,
            35.480409
          ],
          [
            133.847616,
            35.48059
          ],
          [
            133.847697,
            35.480771
          ],
          [
            133.847776,
            35.480948
          ],
          [
            133.847856,
            35.481127
          ],
          [
            133.847939,
            35.481302
          ],
          [
            133.848017,
            35.481478
          ],
          [
            133.848096,
            35.481656
          ],
          [
            133.848174,
            35.481832
          ],
          [
            133.848258,
            35.482006
          ],
          [
            133.848337,
            35.482186
          ],
          [
            133.848414,
            35.482367
          ],
          [
            133.848499,
            35.482547
          ],
          [
            133.848576,
            35.482741
          ],
          [
            133.848662,
            35.48293
          ],
          [
            133.84875,
            35.483127
          ],
          [
            133.848833,
            35.483324
          ],
          [
            133.848923,
            35.483525
          ],
          [
            133.849021,
            35.483721
          ],
          [
            133.849108,
            35.483917
          ],
          [
            133.849208,
            35.484102
          ],
          [
            133.849288,
            35.484296
          ],
          [
            133.849361,
            35.4845
          ],
          [
            133.84945,
            35.484694
          ],
          [
            133.849523,
            35.484872
          ],
          [
            133.849605,
            35.485057
          ],
          [
            133.849689,
            35.48525
          ],
          [
            133.849771,
            35.485444
          ],
          [
            133.849859,
            35.485624
          ],
          [
            133.849948,
            35.485803
          ],
          [
            133.850023,
            35.485989
          ],
          [
            133.850125,
            35.486181
          ],
          [
            133.850228,
            35.486364
          ],
          [
            133.850328,
            35.486525
          ],
          [
            133.850432,
            35.486706
          ],
          [
            133.850552,
            35.48688
          ],
          [
            133.850658,
            35.48706
          ],
          [
            133.850785,
            35.487236
          ],
          [
            133.850913,
            35.487413
          ],
          [
            133.851046,
            35.487592
          ],
          [
            133.851182,
            35.487768
          ],
          [
            133.851333,
            35.487932
          ],
          [
            133.851475,
            35.488103
          ],
          [
            133.851633,
            35.488264
          ],
          [
            133.851777,
            35.488421
          ],
          [
            133.851932,
            35.488578
          ],
          [
            133.852094,
            35.488732
          ],
          [
            133.852262,
            35.488879
          ],
          [
            133.852438,
            35.489024
          ],
          [
            133.852607,
            35.489172
          ],
          [
            133.85274,
            35.48927
          ],
          [
            133.852878,
            35.489379
          ],
          [
            133.853052,
            35.489507
          ],
          [
            133.853221,
            35.489642
          ],
          [
            133.853391,
            35.489774
          ],
          [
            133.85355,
            35.489915
          ],
          [
            133.853717,
            35.490062
          ],
          [
            133.853875,
            35.490217
          ],
          [
            133.85402,
            35.490364
          ],
          [
            133.854161,
            35.490512
          ],
          [
            133.854302,
            35.490652
          ],
          [
            133.854421,
            35.4908
          ],
          [
            133.854549,
            35.490951
          ],
          [
            133.854671,
            35.491112
          ],
          [
            133.854819,
            35.491259
          ],
          [
            133.854954,
            35.491422
          ],
          [
            133.85509,
            35.491584
          ],
          [
            133.855211,
            35.491765
          ],
          [
            133.855344,
            35.491944
          ],
          [
            133.85547,
            35.492129
          ],
          [
            133.8556,
            35.492315
          ],
          [
            133.85573,
            35.492503
          ],
          [
            133.855837,
            35.492688
          ],
          [
            133.855945,
            35.492871
          ],
          [
            133.856067,
            35.493052
          ],
          [
            133.856168,
            35.493241
          ],
          [
            133.856292,
            35.493421
          ],
          [
            133.856385,
            35.49361
          ],
          [
            133.856469,
            35.493806
          ],
          [
            133.856552,
            35.49399
          ],
          [
            133.856628,
            35.494178
          ],
          [
            133.856699,
            35.494365
          ],
          [
            133.856767,
            35.494544
          ],
          [
            133.856808,
            35.494706
          ],
          [
            133.856885,
            35.49488
          ],
          [
            133.856956,
            35.495072
          ],
          [
            133.857074,
            35.495253
          ],
          [
            133.857176,
            35.495443
          ],
          [
            133.857218,
            35.49563
          ],
          [
            133.857165,
            35.49581
          ],
          [
            133.857238,
            35.495805
          ],
          [
            133.857434,
            35.495812
          ]
        ]
      },
      "properties": {
        "sport_type": "walk",
        "year": "2026",
        "city": "倉吉市",
        "city_status": "resolved"
      }
    },
    {
      "type": "Feature",
      "geometry": {
        "type": "LineString",
        "coordinates": [
          [
            133.8587,
            35.49946
          ],
          [
            133.858706,
            35.499503
          ],
          [
            133.858714,
            35.499546
          ],
          [
            133.858723,
            35.499588
          ],
          [
            133.858731,
            35.499632
          ],
          [
            133.858741,
            35.499672
          ],
          [
            133.858752,
            35.499713
          ],
          [
            133.858757,
            35.499758
          ],
          [
            133.858762,
            35.499803
          ],
          [
            133.858769,
            35.499847
          ],
          [
            133.858775,
            35.499891
          ],
          [
            133.858782,
            35.499934
          ],
          [
            133.858789,
            35.499978
          ],
          [
            133.858797,
            35.50002
          ],
          [
            133.858803,
            35.500063
          ],
          [
            133.858811,
            35.500106
          ],
          [
            133.858816,
            35.500149
          ],
          [
            133.858825,
            35.500192
          ],
          [
            133.858831,
            35.500237
          ],
          [
            133.858829,
            35.500283
          ],
          [
            133.85883,
            35.500329
          ],
          [
            133.858835,
            35.500374
          ],
          [
            133.85884,
            35.50042
          ],
          [
            133.858845,
            35.500466
          ],
          [
            133.858853,
            35.50051
          ],
          [
            133.858858,
            35.500552
          ],
          [
            133.858863,
            35.500596
          ],
          [
            133.858866,
            35.50064
          ],
          [
            133.858871,
            35.500685
          ],
          [
            133.858877,
            35.500729
          ],
          [
            133.858882,
            35.500773
          ],
          [
            133.858885,
            35.500818
          ],
          [
            133.858889,
            35.500864
          ],
          [
            133.858894,
            35.500909
          ],
          [
            133.858898,
            35.500953
          ],
          [
            133.858906,
            35.500998
          ],
          [
            133.858915,
            35.501042
          ],
          [
            133.858917,
            35.501088
          ],
          [
            133.858918,
            35.501134
          ],
          [
            133.858915,
            35.50118
          ],
          [
            133.858916,
            35.501225
          ],
          [
            133.858919,
            35.501271
          ],
          [
            133.85892,
            35.501315
          ],
          [
            133.858922,
            35.50136
          ],
          [
            133.858924,
            35.501402
          ],
          [
            133.858927,
            35.501444
          ],
          [
            133.858931,
            35.50149
          ],
          [
            133.858941,
            35.501534
          ],
          [
            133.858953,
            35.501578
          ],
          [
            133.858957,
            35.501623
          ],
          [
            133.858955,
            35.501666
          ],
          [
            133.858951,
            35.501708
          ],
          [
            133.858954,
            35.50175
          ],
          [
            133.858961,
            35.50179
          ],
          [
            133.858959,
            35.501829
          ],
          [
            133.858962,
            35.501863
          ],
          [
            133.858965,
            35.501898
          ],
          [
            133.858967,
            35.501934
          ],
          [
            133.858972,
            35.501971
          ],
          [
            133.858979,
            35.50201
          ],
          [
            133.859002,
            35.502043
          ],
          [
            133.859043,
            35.502048
          ],
          [
            133.859055,
            35.502048
          ],
          [
            133.859056,
            35.502049
          ],
          [
            133.859073,
            35.502049
          ],
          [
            133.859101,
            35.50203
          ],
          [
            133.859122,
            35.501993
          ],
          [
            133.859151,
            35.501965
          ],
          [
            133.859194,
            35.501957
          ],
          [
            133.859241,
            35.501956
          ],
          [
            133.859275,
            35.501966
          ],
          [
            133.85928,
            35.501996
          ],
          [
            133.859267,
            35.502038
          ],
          [
            133.859236,
            35.502069
          ],
          [
            133.859185,
            35.502067
          ],
          [
            133.859151,
            35.502063
          ],
          [
            133.859151,
            35.502069
          ],
          [
            133.859155,
            35.50207
          ],
          [
            133.859157,
            35.502069
          ],
          [
            133.859157,
            35.502068
          ],
          [
            133.859155,
            35.502067
          ],
          [
            133.859152,
            35.502067
          ],
          [
            133.859151,
            35.502067
          ],
          [
            133.859152,
            35.502069
          ],
          [
            133.859156,
            35.502075
          ],
          [
            133.859164,
            35.50208
          ],
          [
            133.859168,
            35.502079
          ],
          [
            133.859168,
            35.502076
          ],
          [
            133.859163,
            35.502075
          ],
          [
            133.859161,
            35.50208
          ],
          [
            133.859164,
            35.502093
          ],
          [
            133.859165,
            35.502117
          ],
          [
            133.859148,
            35.502154
          ],
          [
            133.859128,
            35.50219
          ],
          [
            133.85911,
            35.502229
          ],
          [
            133.859112,
            35.50227
          ],
          [
            133.859106,
            35.502314
          ],
          [
            133.859107,
            35.502363
          ],
          [
            133.859112,
            35.502411
          ],
          [
            133.859111,
            35.502457
          ],
          [
            133.85911,
            35.502501
          ],
          [
            133.859105,
            35.502546
          ],
          [
            133.859099,
            35.50259
          ],
          [
            133.859096,
            35.502632
          ],
          [
            133.859094,
            35.502671
          ],
          [
            133.859095,
            35.502715
          ],
          [
            133.859096,
            35.502757
          ],
          [
            133.859092,
            35.502798
          ],
          [
            133.859093,
            35.502839
          ],
          [
            133.859095,
            35.502881
          ],
          [
            133.859092,
            35.502923
          ],
          [
            133.85909,
            35.502966
          ],
          [
            133.859091,
            35.503009
          ],
          [
            133.859093,
            35.503052
          ],
          [
            133.859094,
            35.503096
          ],
          [
            133.859092,
            35.503139
          ],
          [
            133.85909,
            35.503182
          ],
          [
            133.85909,
            35.503197
          ]
        ]
      },
      "properties": {
        "sport_type": "walk",
        "year": "2026",
        "city": "湯梨浜町",
        "city_status": "resolved"
      }
    },
    {
      "type": "Feature",
      "geometry": {
        "type": "LineString",
        "coordinates": [
          [
            133.875087,
            35.504507
          ],
          [
            133.875674,
            35.504369
          ],
          [
            133.875621,
            35.503776
          ],
          [
            133.875557,
            35.503217
          ],
          [
            133.875506,
            35.502665
          ],
          [
            133.875476,
            35.502127
          ],
          [
            133.875627,
            35.501585
          ],
          [
            133.875935,
            35.501079
          ],
          [
            133.876302,
            35.500575
          ],
          [
            133.876562,
            35.500146
          ],
          [
            133.876787,
            35.499627
          ],
          [
            133.877042,
            35.499092
          ],
          [
            133.877374,
            35.498585
          ],
          [
            133.87775,
            35.49811
          ],
          [
            133.878131,
            35.497639
          ],
          [
            133.878544,
            35.497186
          ],
          [
            133.878948,
            35.496719
          ],
          [
            133.879351,
            35.496267
          ],
          [
            133.879756,
            35.495829
          ],
          [
            133.880148,
            35.495391
          ],
          [
            133.880554,
            35.494927
          ],
          [
            133.880972,
            35.494479
          ],
          [
            133.881497,
            35.494151
          ],
          [
            133.881761,
            35.493877
          ],
          [
            133.882342,
            35.493978
          ],
          [
            133.882987,
            35.493922
          ],
          [
            133.883629,
            35.493687
          ],
          [
            133.884244,
            35.493365
          ],
          [
            133.884834,
            35.49308
          ],
          [
            133.885392,
            35.492746
          ],
          [
            133.885272,
            35.492323
          ],
          [
            133.88519,
            35.492245
          ],
          [
            133.885241,
            35.491823
          ],
          [
            133.885337,
            35.491486
          ],
          [
            133.88548,
            35.491414
          ],
          [
            133.885968,
            35.491466
          ],
          [
            133.885827,
            35.491637
          ],
          [
            133.88525,
            35.491889
          ],
          [
            133.884777,
            35.49191
          ],
          [
            133.884462,
            35.491679
          ],
          [
            133.884014,
            35.491307
          ],
          [
            133.883836,
            35.490796
          ],
          [
            133.883747,
            35.490243
          ],
          [
            133.88364,
            35.489675
          ],
          [
            133.883542,
            35.489118
          ],
          [
            133.883438,
            35.488528
          ],
          [
            133.883337,
            35.48797
          ],
          [
            133.883233,
            35.487427
          ],
          [
            133.883471,
            35.487103
          ],
          [
            133.884042,
            35.486933
          ],
          [
            133.884301,
            35.48649
          ],
          [
            133.884293,
            35.485926
          ],
          [
            133.884283,
            35.485378
          ],
          [
            133.884147,
            35.485095
          ],
          [
            133.883683,
            35.484698
          ],
          [
            133.883324,
            35.484219
          ],
          [
            133.882634,
            35.484274
          ],
          [
            133.88214,
            35.483932
          ],
          [
            133.881913,
            35.483395
          ],
          [
            133.881548,
            35.482947
          ],
          [
            133.880991,
            35.482827
          ],
          [
            133.880292,
            35.482976
          ],
          [
            133.879628,
            35.483078
          ],
          [
            133.878912,
            35.483092
          ],
          [
            133.878204,
            35.48309
          ],
          [
            133.877545,
            35.483172
          ],
          [
            133.876812,
            35.483209
          ],
          [
            133.876125,
            35.483254
          ],
          [
            133.875399,
            35.483267
          ],
          [
            133.874665,
            35.483277
          ],
          [
            133.874014,
            35.483303
          ],
          [
            133.873358,
            35.483304
          ],
          [
            133.87292,
            35.483327
          ],
          [
            133.872317,
            35.483333
          ],
          [
            133.871783,
            35.483376
          ],
          [
            133.871095,
            35.483361
          ],
          [
            133.870386,
            35.483386
          ],
          [
            133.869673,
            35.483395
          ],
          [
            133.868984,
            35.483402
          ],
          [
            133.868242,
            35.483425
          ],
          [
            133.867506,
            35.48344
          ],
          [
            133.867143,
            35.483451
          ],
          [
            133.866679,
            35.48344
          ],
          [
            133.865952,
            35.483461
          ],
          [
            133.865242,
            35.483478
          ],
          [
            133.864531,
            35.483489
          ],
          [
            133.864132,
            35.483513
          ],
          [
            133.863568,
            35.483503
          ],
          [
            133.862879,
            35.483517
          ],
          [
            133.862142,
            35.483525
          ],
          [
            133.861409,
            35.483532
          ],
          [
            133.860863,
            35.483542
          ],
          [
            133.860123,
            35.483557
          ],
          [
            133.859385,
            35.483573
          ],
          [
            133.858654,
            35.483572
          ],
          [
            133.857939,
            35.4836
          ],
          [
            133.857244,
            35.483658
          ],
          [
            133.856561,
            35.483685
          ],
          [
            133.856258,
            35.483698
          ],
          [
            133.856059,
            35.483414
          ],
          [
            133.855767,
            35.482848
          ],
          [
            133.855527,
            35.482318
          ],
          [
            133.855263,
            35.481815
          ],
          [
            133.854968,
            35.481296
          ],
          [
            133.854657,
            35.480764
          ],
          [
            133.854143,
            35.480337
          ],
          [
            133.853879,
            35.480212
          ],
          [
            133.853715,
            35.480259
          ],
          [
            133.85305,
            35.480061
          ],
          [
            133.852407,
            35.479837
          ],
          [
            133.851735,
            35.479718
          ],
          [
            133.851054,
            35.479558
          ],
          [
            133.850336,
            35.4794
          ],
          [
            133.84963,
            35.479321
          ],
          [
            133.849132,
            35.47933
          ],
          [
            133.849168,
            35.479153
          ],
          [
            133.849031,
            35.478599
          ],
          [
            133.84883,
            35.478051
          ],
          [
            133.848628,
            35.477506
          ],
          [
            133.848409,
            35.47698
          ],
          [
            133.848239,
            35.476456
          ],
          [
            133.848043,
            35.475878
          ],
          [
            133.847867,
            35.475258
          ],
          [
            133.847693,
            35.474688
          ],
          [
            133.847477,
            35.4741
          ],
          [
            133.847404,
            35.473488
          ],
          [
            133.84721,
            35.472918
          ],
          [
            133.846998,
            35.472358
          ],
          [
            133.846876,
            35.471781
          ],
          [
            133.846422,
            35.471552
          ],
          [
            133.846641,
            35.471484
          ],
          [
            133.846734,
            35.471139
          ],
          [
            133.846582,
            35.470572
          ],
          [
            133.846415,
            35.470005
          ],
          [
            133.846241,
            35.469417
          ],
          [
            133.846022,
            35.468834
          ],
          [
            133.845904,
            35.468252
          ],
          [
            133.845784,
            35.467741
          ],
          [
            133.845648,
            35.4672
          ],
          [
            133.845467,
            35.466642
          ],
          [
            133.845315,
            35.466098
          ],
          [
            133.845196,
            35.465685
          ],
          [
            133.845084,
            35.465132
          ],
          [
            133.84495,
            35.464575
          ],
          [
            133.844848,
            35.463965
          ],
          [
            133.844854,
            35.463577
          ]
        ]
      },
      "properties": {
        "sport_type": "walk",
        "year": "2026",
        "city": "湯梨浜町",
        "city_status": "resolved"
      }
    },
    {
      "type": "Feature",
      "geometry": {
        "type": "LineString",
        "coordinates": [
          [
            133.844413,
            35.463733
          ],
          [
            133.84359,
            35.463822
          ],
          [
            133.842775,
            35.46395
          ],
          [
            133.842656,
            35.464094
          ],
          [
            133.84266,
            35.46473
          ],
          [
            133.842623,
            35.465443
          ],
          [
            133.842784,
            35.46613
          ],
          [
            133.842996,
            35.466798
          ],
          [
            133.84318,
            35.467448
          ],
          [
            133.843376,
            35.468099
          ],
          [
            133.843577,
            35.468718
          ],
          [
            133.843778,
            35.469392
          ],
          [
            133.843995,
            35.470051
          ],
          [
            133.844205,
            35.470704
          ],
          [
            133.844417,
            35.471352
          ],
          [
            133.844628,
            35.472011
          ],
          [
            133.844823,
            35.472676
          ],
          [
            133.845048,
            35.473336
          ],
          [
            133.845246,
            35.473994
          ],
          [
            133.845454,
            35.474635
          ],
          [
            133.845666,
            35.475288
          ],
          [
            133.845887,
            35.475945
          ],
          [
            133.846087,
            35.476603
          ],
          [
            133.846285,
            35.477258
          ],
          [
            133.846494,
            35.477891
          ],
          [
            133.846665,
            35.478349
          ],
          [
            133.846826,
            35.478766
          ],
          [
            133.846997,
            35.479186
          ],
          [
            133.847151,
            35.479579
          ],
          [
            133.847365,
            35.480057
          ],
          [
            133.847686,
            35.480756
          ],
          [
            133.847974,
            35.481391
          ],
          [
            133.848246,
            35.482022
          ],
          [
            133.848522,
            35.482651
          ],
          [
            133.84881,
            35.483282
          ],
          [
            133.849105,
            35.483907
          ],
          [
            133.849373,
            35.484564
          ],
          [
            133.849654,
            35.485202
          ],
          [
            133.84995,
            35.48582
          ],
          [
            133.850253,
            35.48643
          ],
          [
            133.850611,
            35.487013
          ],
          [
            133.851035,
            35.487581
          ],
          [
            133.85149,
            35.48813
          ],
          [
            133.852011,
            35.488642
          ],
          [
            133.852554,
            35.489135
          ],
          [
            133.853152,
            35.489584
          ],
          [
            133.853736,
            35.490053
          ],
          [
            133.854243,
            35.490591
          ],
          [
            133.854706,
            35.491128
          ],
          [
            133.855161,
            35.491678
          ],
          [
            133.855578,
            35.492264
          ],
          [
            133.855943,
            35.492847
          ],
          [
            133.85617,
            35.493244
          ],
          [
            133.856389,
            35.493661
          ],
          [
            133.856577,
            35.494091
          ],
          [
            133.856766,
            35.494537
          ],
          [
            133.856962,
            35.494969
          ],
          [
            133.857228,
            35.495313
          ],
          [
            133.857337,
            35.49553
          ],
          [
            133.85751,
            35.495827
          ],
          [
            133.857759,
            35.4963
          ],
          [
            133.857976,
            35.496886
          ],
          [
            133.858154,
            35.497374
          ],
          [
            133.858334,
            35.498006
          ],
          [
            133.858512,
            35.498685
          ],
          [
            133.858664,
            35.499344
          ],
          [
            133.858787,
            35.500012
          ],
          [
            133.858867,
            35.500689
          ],
          [
            133.858928,
            35.501367
          ],
          [
            133.858942,
            35.502067
          ],
          [
            133.858932,
            35.502763
          ],
          [
            133.858913,
            35.503344
          ],
          [
            133.858891,
            35.503531
          ],
          [
            133.858915,
            35.503721
          ],
          [
            133.859166,
            35.504328
          ],
          [
            133.859091,
            35.504487
          ],
          [
            133.859075,
            35.504498
          ],
          [
            133.859078,
            35.504444
          ],
          [
            133.8591,
            35.504489
          ],
          [
            133.859097,
            35.504477
          ],
          [
            133.859076,
            35.504365
          ],
          [
            133.859215,
            35.504184
          ],
          [
            133.859123,
            35.503491
          ],
          [
            133.859098,
            35.502811
          ],
          [
            133.859109,
            35.502186
          ],
          [
            133.859104,
            35.501539
          ],
          [
            133.85905,
            35.500851
          ],
          [
            133.858976,
            35.500159
          ],
          [
            133.85887,
            35.49948
          ],
          [
            133.858723,
            35.498797
          ],
          [
            133.858612,
            35.498135
          ],
          [
            133.858391,
            35.497473
          ],
          [
            133.858163,
            35.49683
          ],
          [
            133.857891,
            35.496167
          ],
          [
            133.857691,
            35.495518
          ],
          [
            133.857334,
            35.494888
          ],
          [
            133.857026,
            35.494287
          ],
          [
            133.85682,
            35.493913
          ],
          [
            133.856524,
            35.493296
          ],
          [
            133.856183,
            35.492661
          ],
          [
            133.855796,
            35.492044
          ],
          [
            133.855363,
            35.49146
          ],
          [
            133.854894,
            35.490892
          ],
          [
            133.854397,
            35.490357
          ],
          [
            133.853866,
            35.48983
          ],
          [
            133.853249,
            35.489337
          ],
          [
            133.852621,
            35.488886
          ],
          [
            133.852853,
            35.48922
          ],
          [
            133.853243,
            35.489566
          ],
          [
            133.852947,
            35.489416
          ],
          [
            133.852561,
            35.489103
          ],
          [
            133.852194,
            35.488807
          ],
          [
            133.851652,
            35.488276
          ],
          [
            133.851158,
            35.487698
          ],
          [
            133.850701,
            35.487108
          ],
          [
            133.850317,
            35.486495
          ],
          [
            133.849991,
            35.485857
          ],
          [
            133.84969,
            35.485185
          ],
          [
            133.849401,
            35.484517
          ],
          [
            133.849103,
            35.483849
          ],
          [
            133.848796,
            35.483189
          ],
          [
            133.848504,
            35.482534
          ],
          [
            133.848204,
            35.481872
          ],
          [
            133.847916,
            35.481205
          ],
          [
            133.847612,
            35.480547
          ],
          [
            133.847321,
            35.479897
          ],
          [
            133.847048,
            35.479235
          ],
          [
            133.846774,
            35.478576
          ],
          [
            133.846526,
            35.477919
          ],
          [
            133.846312,
            35.477253
          ],
          [
            133.846094,
            35.476584
          ],
          [
            133.845882,
            35.47591
          ],
          [
            133.845656,
            35.475212
          ],
          [
            133.845429,
            35.474449
          ],
          [
            133.845187,
            35.473722
          ],
          [
            133.844969,
            35.47301
          ],
          [
            133.844735,
            35.472266
          ],
          [
            133.844504,
            35.471539
          ],
          [
            133.844301,
            35.470839
          ],
          [
            133.844046,
            35.470102
          ],
          [
            133.84382,
            35.469364
          ],
          [
            133.843586,
            35.468616
          ],
          [
            133.843341,
            35.467851
          ],
          [
            133.843084,
            35.467028
          ]
        ]
      },
      "properties": {
        "sport_type": "run",
        "year": "2026",
        "city": "倉吉市",
        "city_status": "resolved"
      }
    },
    {
      "type": "Feature",
      "geometry": {
        "type": "LineString",
        "coordinates": [
          [
            135.504275,
            34.668688
          ],
          [
            135.50393,
            34.668652
          ],
          [
            135.503561,
            34.66867
          ],
          [
            135.503446,
            34.668658
          ],
          [
            135.503021,
            34.668679
          ],
          [
            135.502663,
            34.668706
          ],
          [
            135.502213,
            34.668722
          ],
          [
            135.501883,
            34.668708
          ],
          [
            135.501491,
            34.668685
          ],
          [
            135.501323,
            34.668549
          ],
          [
            135.501342,
            34.668292
          ],
          [
            135.501335,
            34.66799
          ],
          [
            135.50137,
            34.66763
          ],
          [
            135.501367,
            34.667196
          ],
          [
            135.501395,
            34.666807
          ],
          [
            135.501461,
            34.666507
          ],
          [
            135.50147,
            34.666148
          ],
          [
            135.501463,
            34.665835
          ],
          [
            135.501583,
            34.66552
          ],
          [
            135.501741,
            34.665424
          ],
          [
            135.501727,
            34.665423
          ],
          [
            135.501726,
            34.665421
          ],
          [
            135.501822,
            34.665347
          ],
          [
            135.502099,
            34.665248
          ],
          [
            135.502375,
            34.665292
          ],
          [
            135.502737,
            34.665309
          ],
          [
            135.502944,
            34.665133
          ],
          [
            135.50322,
            34.664927
          ],
          [
            135.503369,
            34.664676
          ],
          [
            135.503396,
            34.664325
          ],
          [
            135.503489,
            34.663936
          ],
          [
            135.503503,
            34.663688
          ],
          [
            135.503505,
            34.663644
          ],
          [
            135.503526,
            34.663565
          ],
          [
            135.503637,
            34.663267
          ],
          [
            135.503509,
            34.663089
          ],
          [
            135.503355,
            34.663096
          ],
          [
            135.503105,
            34.66313
          ],
          [
            135.503191,
            34.662693
          ],
          [
            135.503265,
            34.662268
          ],
          [
            135.503336,
            34.661862
          ],
          [
            135.503364,
            34.661401
          ],
          [
            135.503357,
            34.661141
          ],
          [
            135.503506,
            34.661117
          ],
          [
            135.50395,
            34.660983
          ],
          [
            135.504416,
            34.660875
          ],
          [
            135.504799,
            34.660671
          ],
          [
            135.504666,
            34.660318
          ],
          [
            135.504621,
            34.659974
          ],
          [
            135.504547,
            34.659671
          ],
          [
            135.5045,
            34.659371
          ],
          [
            135.504313,
            34.659129
          ],
          [
            135.504344,
            34.659065
          ],
          [
            135.504738,
            34.658992
          ],
          [
            135.505216,
            34.658885
          ],
          [
            135.505637,
            34.658792
          ],
          [
            135.505704,
            34.658741
          ],
          [
            135.505706,
            34.658753
          ],
          [
            135.505717,
            34.658754
          ],
          [
            135.505899,
            34.658637
          ],
          [
            135.505858,
            34.65826
          ],
          [
            135.505827,
            34.657878
          ],
          [
            135.505806,
            34.65748
          ],
          [
            135.505773,
            34.657129
          ],
          [
            135.505742,
            34.656772
          ],
          [
            135.505709,
            34.656495
          ],
          [
            135.505731,
            34.656166
          ],
          [
            135.505755,
            34.655675
          ],
          [
            135.505712,
            34.655267
          ],
          [
            135.505689,
            34.654919
          ],
          [
            135.505646,
            34.654603
          ],
          [
            135.505663,
            34.654607
          ],
          [
            135.505625,
            34.654457
          ],
          [
            135.505682,
            34.65414
          ],
          [
            135.505756,
            34.653812
          ],
          [
            135.505821,
            34.653606
          ],
          [
            135.505935,
            34.653344
          ],
          [
            135.506005,
            34.653027
          ],
          [
            135.506062,
            34.652765
          ],
          [
            135.50607,
            34.652438
          ],
          [
            135.506124,
            34.65215
          ],
          [
            135.506115,
            34.651818
          ],
          [
            135.506051,
            34.651506
          ],
          [
            135.506029,
            34.65118
          ],
          [
            135.505887,
            34.651022
          ],
          [
            135.505689,
            34.650892
          ],
          [
            135.505699,
            34.650931
          ],
          [
            135.505766,
            34.651013
          ],
          [
            135.50586,
            34.651227
          ],
          [
            135.505931,
            34.651511
          ],
          [
            135.506049,
            34.651804
          ],
          [
            135.506222,
            34.652121
          ],
          [
            135.506197,
            34.652412
          ],
          [
            135.506102,
            34.652686
          ],
          [
            135.505893,
            34.653045
          ],
          [
            135.50575,
            34.653315
          ],
          [
            135.505675,
            34.653566
          ],
          [
            135.505596,
            34.653948
          ],
          [
            135.505641,
            34.654411
          ],
          [
            135.505702,
            34.654825
          ],
          [
            135.505713,
            34.655202
          ],
          [
            135.505506,
            34.655319
          ],
          [
            135.505572,
            34.655433
          ],
          [
            135.50568,
            34.65563
          ],
          [
            135.505642,
            34.655893
          ],
          [
            135.505644,
            34.656251
          ],
          [
            135.505697,
            34.656647
          ],
          [
            135.505732,
            34.656961
          ],
          [
            135.505758,
            34.65737
          ],
          [
            135.50576,
            34.657795
          ],
          [
            135.505745,
            34.658244
          ],
          [
            135.505728,
            34.658592
          ],
          [
            135.505756,
            34.6587
          ],
          [
            135.505867,
            34.65906
          ],
          [
            135.505868,
            34.659196
          ],
          [
            135.505912,
            34.6592
          ],
          [
            135.505939,
            34.65923
          ],
          [
            135.505958,
            34.659238
          ],
          [
            135.505981,
            34.659348
          ],
          [
            135.505943,
            34.659624
          ],
          [
            135.505907,
            34.65991
          ],
          [
            135.505941,
            34.659966
          ],
          [
            135.505947,
            34.660156
          ],
          [
            135.505941,
            34.660509
          ],
          [
            135.505895,
            34.660825
          ],
          [
            135.505918,
            34.661141
          ],
          [
            135.505903,
            34.661472
          ],
          [
            135.505892,
            34.661876
          ],
          [
            135.505921,
            34.662232
          ],
          [
            135.505871,
            34.66261
          ],
          [
            135.505879,
            34.663064
          ],
          [
            135.505909,
            34.663488
          ],
          [
            135.505944,
            34.663879
          ],
          [
            135.505924,
            34.664299
          ],
          [
            135.505937,
            34.664654
          ],
          [
            135.505879,
            34.665006
          ],
          [
            135.505898,
            34.665298
          ],
          [
            135.506102,
            34.665287
          ],
          [
            135.506491,
            34.665247
          ],
          [
            135.506767,
            34.665236
          ],
          [
            135.506907,
            34.665423
          ],
          [
            135.50695,
            34.665625
          ],
          [
            135.506992,
            34.66586
          ],
          [
            135.506926,
            34.666132
          ],
          [
            135.506825,
            34.666444
          ],
          [
            135.50674,
            34.666733
          ],
          [
            135.506509,
            34.66677
          ],
          [
            135.506303,
            34.666748
          ],
          [
            135.505966,
            34.666788
          ],
          [
            135.505972,
            34.667007
          ]
        ]
      },
      "properties": {
        "sport_type": "walk",
        "year": "2026",
        "city": "大阪市",
        "city_status": "resolved"
      }
    },
    {
      "type": "Feature",
      "geometry": {
        "type": "LineString",
        "coordinates": [
          [
            135.180601,
            34.67926
          ],
          [
            135.181005,
            34.679137
          ],
          [
            135.18145,
            34.67891
          ],
          [
            135.181654,
            34.67876
          ],
          [
            135.182181,
            34.678642
          ],
          [
            135.18264,
            34.67843
          ],
          [
            135.182703,
            34.67832
          ],
          [
            135.182705,
            34.677997
          ],
          [
            135.182628,
            34.677521
          ],
          [
            135.182815,
            34.677439
          ],
          [
            135.183024,
            34.677461
          ],
          [
            135.183532,
            34.677593
          ],
          [
            135.183944,
            34.677845
          ],
          [
            135.184366,
            34.677883
          ],
          [
            135.185007,
            34.677891
          ],
          [
            135.185574,
            34.677987
          ],
          [
            135.185935,
            34.678016
          ],
          [
            135.18592,
            34.678012
          ],
          [
            135.185912,
            34.678012
          ],
          [
            135.185916,
            34.678004
          ],
          [
            135.185756,
            34.678207
          ],
          [
            135.185529,
            34.678555
          ],
          [
            135.185319,
            34.678893
          ],
          [
            135.185176,
            34.679275
          ],
          [
            135.184965,
            34.679638
          ],
          [
            135.185074,
            34.67993
          ],
          [
            135.184976,
            34.680075
          ],
          [
            135.184893,
            34.680375
          ],
          [
            135.184826,
            34.680577
          ],
          [
            135.184832,
            34.680614
          ],
          [
            135.184639,
            34.68063
          ],
          [
            135.184274,
            34.680676
          ],
          [
            135.183953,
            34.680753
          ],
          [
            135.184037,
            34.681214
          ],
          [
            135.184201,
            34.681526
          ],
          [
            135.184314,
            34.681967
          ],
          [
            135.184681,
            34.682211
          ],
          [
            135.185149,
            34.682395
          ],
          [
            135.185661,
            34.682541
          ],
          [
            135.186119,
            34.682687
          ],
          [
            135.186522,
            34.682555
          ],
          [
            135.186698,
            34.682245
          ],
          [
            135.186898,
            34.681785
          ],
          [
            135.187019,
            34.681324
          ],
          [
            135.187025,
            34.681162
          ],
          [
            135.187422,
            34.681218
          ],
          [
            135.187838,
            34.681393
          ],
          [
            135.188324,
            34.681372
          ],
          [
            135.188935,
            34.681418
          ],
          [
            135.189445,
            34.681387
          ],
          [
            135.189657,
            34.681313
          ],
          [
            135.189645,
            34.681307
          ],
          [
            135.189648,
            34.681309
          ],
          [
            135.189611,
            34.681313
          ],
          [
            135.189636,
            34.681321
          ],
          [
            135.18963,
            34.681313
          ],
          [
            135.189629,
            34.681316
          ],
          [
            135.189634,
            34.681315
          ],
          [
            135.189636,
            34.681314
          ],
          [
            135.189636,
            34.681314
          ],
          [
            135.189636,
            34.681314
          ],
          [
            135.189633,
            34.681322
          ],
          [
            135.189632,
            34.681319
          ],
          [
            135.190015,
            34.681378
          ],
          [
            135.190273,
            34.681693
          ],
          [
            135.190209,
            34.682147
          ],
          [
            135.190138,
            34.682559
          ],
          [
            135.190086,
            34.682981
          ],
          [
            135.189997,
            34.68337
          ],
          [
            135.189892,
            34.683796
          ],
          [
            135.189993,
            34.68399
          ],
          [
            135.190098,
            34.683853
          ],
          [
            135.189979,
            34.683998
          ],
          [
            135.189875,
            34.68443
          ],
          [
            135.189834,
            34.684858
          ],
          [
            135.189744,
            34.685186
          ],
          [
            135.189409,
            34.685301
          ],
          [
            135.189312,
            34.685602
          ],
          [
            135.188691,
            34.685581
          ],
          [
            135.188192,
            34.685685
          ],
          [
            135.187733,
            34.685667
          ],
          [
            135.187487,
            34.685897
          ],
          [
            135.187238,
            34.686205
          ],
          [
            135.187099,
            34.686575
          ],
          [
            135.186945,
            34.686956
          ],
          [
            135.186962,
            34.687049
          ],
          [
            135.186795,
            34.687349
          ],
          [
            135.186681,
            34.687699
          ],
          [
            135.186989,
            34.687825
          ],
          [
            135.187309,
            34.687881
          ],
          [
            135.187541,
            34.687921
          ],
          [
            135.187745,
            34.687978
          ],
          [
            135.188039,
            34.688064
          ],
          [
            135.188242,
            34.688085
          ],
          [
            135.188559,
            34.688147
          ],
          [
            135.188876,
            34.688249
          ],
          [
            135.189245,
            34.688323
          ],
          [
            135.189573,
            34.688362
          ],
          [
            135.189612,
            34.688619
          ],
          [
            135.189402,
            34.688808
          ],
          [
            135.188967,
            34.688756
          ],
          [
            135.188523,
            34.688677
          ],
          [
            135.18816,
            34.688638
          ],
          [
            135.187882,
            34.688575
          ],
          [
            135.187894,
            34.688591
          ],
          [
            135.187903,
            34.688605
          ],
          [
            135.187895,
            34.688636
          ],
          [
            135.187892,
            34.688669
          ],
          [
            135.187884,
            34.688639
          ],
          [
            135.187899,
            34.688599
          ],
          [
            135.187876,
            34.688552
          ],
          [
            135.187858,
            34.688535
          ],
          [
            135.187641,
            34.688461
          ],
          [
            135.187465,
            34.688399
          ],
          [
            135.187154,
            34.688328
          ],
          [
            135.186652,
            34.688215
          ],
          [
            135.186174,
            34.688101
          ],
          [
            135.185845,
            34.68793
          ],
          [
            135.185662,
            34.687756
          ],
          [
            135.185488,
            34.687608
          ],
          [
            135.185171,
            34.687492
          ],
          [
            135.185004,
            34.687399
          ],
          [
            135.184818,
            34.687246
          ],
          [
            135.184526,
            34.687097
          ],
          [
            135.184415,
            34.687062
          ],
          [
            135.184185,
            34.686909
          ],
          [
            135.184056,
            34.686786
          ],
          [
            135.1838,
            34.686665
          ],
          [
            135.183461,
            34.686478
          ],
          [
            135.183197,
            34.686341
          ],
          [
            135.182977,
            34.686227
          ],
          [
            135.182831,
            34.686124
          ],
          [
            135.182523,
            34.685926
          ],
          [
            135.182131,
            34.685747
          ],
          [
            135.181814,
            34.685484
          ],
          [
            135.181492,
            34.685228
          ],
          [
            135.181237,
            34.684984
          ],
          [
            135.180973,
            34.684713
          ],
          [
            135.180631,
            34.68444
          ],
          [
            135.180399,
            34.684159
          ],
          [
            135.180114,
            34.683834
          ],
          [
            135.180007,
            34.683495
          ],
          [
            135.17987,
            34.683143
          ],
          [
            135.179841,
            34.683102
          ],
          [
            135.179792,
            34.682856
          ],
          [
            135.179619,
            34.682444
          ],
          [
            135.179212,
            34.682137
          ],
          [
            135.178915,
            34.681823
          ],
          [
            135.178931,
            34.681402
          ],
          [
            135.178898,
            34.681026
          ],
          [
            135.178894,
            34.681013
          ]
        ]
      },
      "properties": {
        "sport_type": "walk",
        "year": "2026",
        "city": "神戸市",
        "city_status": "resolved"
      }
    },
    {
      "type": "Feature",
      "geometry": {
        "type": "LineString",
        "coordinates": [
          [
            135.18887,
            34.682797
          ],
          [
            135.189064,
            34.682864
          ],
          [
            135.18924,
            34.68277
          ],
          [
            135.189286,
            34.682563
          ],
          [
            135.189304,
            34.682381
          ],
          [
            135.189342,
            34.68221
          ],
          [
            135.189427,
            34.68206
          ],
          [
            135.189585,
            34.681944
          ],
          [
            135.189728,
            34.681809
          ],
          [
            135.189822,
            34.68165
          ],
          [
            135.189852,
            34.681472
          ],
          [
            135.189697,
            34.68135
          ],
          [
            135.189466,
            34.681344
          ],
          [
            135.189261,
            34.681368
          ],
          [
            135.18908,
            34.681311
          ],
          [
            135.188871,
            34.681278
          ],
          [
            135.188669,
            34.681257
          ],
          [
            135.188461,
            34.68123
          ],
          [
            135.188263,
            34.681198
          ],
          [
            135.188062,
            34.681178
          ],
          [
            135.187849,
            34.681152
          ],
          [
            135.187662,
            34.681195
          ],
          [
            135.187547,
            34.68134
          ],
          [
            135.187476,
            34.681513
          ],
          [
            135.187416,
            34.681682
          ],
          [
            135.187358,
            34.681845
          ],
          [
            135.187297,
            34.682012
          ],
          [
            135.18722,
            34.682174
          ],
          [
            135.187151,
            34.682333
          ],
          [
            135.187257,
            34.682451
          ],
          [
            135.187464,
            34.682538
          ],
          [
            135.187712,
            34.68255
          ],
          [
            135.18793,
            34.682532
          ],
          [
            135.18814,
            34.682546
          ],
          [
            135.188326,
            34.68253
          ],
          [
            135.188501,
            34.682568
          ],
          [
            135.188677,
            34.68264
          ],
          [
            135.188783,
            34.682747
          ],
          [
            135.188944,
            34.682838
          ],
          [
            135.189171,
            34.68286
          ],
          [
            135.189401,
            34.682848
          ],
          [
            135.189623,
            34.682855
          ],
          [
            135.18984,
            34.682859
          ],
          [
            135.190036,
            34.682831
          ],
          [
            135.190099,
            34.682673
          ],
          [
            135.190105,
            34.682497
          ],
          [
            135.190147,
            34.68233
          ],
          [
            135.190192,
            34.682166
          ],
          [
            135.190219,
            34.681989
          ],
          [
            135.190237,
            34.68182
          ],
          [
            135.190249,
            34.681654
          ],
          [
            135.190264,
            34.681484
          ],
          [
            135.19015,
            34.681363
          ],
          [
            135.189931,
            34.681341
          ],
          [
            135.189723,
            34.681326
          ],
          [
            135.189515,
            34.68134
          ],
          [
            135.189305,
            34.681362
          ],
          [
            135.189101,
            34.681366
          ],
          [
            135.188897,
            34.681327
          ],
          [
            135.188682,
            34.681294
          ],
          [
            135.188459,
            34.681255
          ],
          [
            135.188245,
            34.681234
          ],
          [
            135.188039,
            34.681189
          ],
          [
            135.187826,
            34.681156
          ],
          [
            135.187622,
            34.681157
          ],
          [
            135.187436,
            34.681079
          ],
          [
            135.187249,
            34.681063
          ],
          [
            135.187146,
            34.681213
          ],
          [
            135.187043,
            34.681303
          ],
          [
            135.186888,
            34.681408
          ],
          [
            135.186824,
            34.681585
          ],
          [
            135.186761,
            34.681758
          ],
          [
            135.186685,
            34.681924
          ],
          [
            135.186607,
            34.682081
          ],
          [
            135.186529,
            34.682242
          ],
          [
            135.18646,
            34.682402
          ],
          [
            135.186363,
            34.682561
          ],
          [
            135.186218,
            34.682639
          ],
          [
            135.186034,
            34.682585
          ],
          [
            135.185854,
            34.68251
          ],
          [
            135.185656,
            34.682433
          ],
          [
            135.185445,
            34.682357
          ],
          [
            135.185241,
            34.682292
          ],
          [
            135.185035,
            34.682249
          ],
          [
            135.18482,
            34.68219
          ],
          [
            135.184618,
            34.682134
          ],
          [
            135.184434,
            34.682077
          ],
          [
            135.184366,
            34.681942
          ],
          [
            135.184292,
            34.681809
          ],
          [
            135.184209,
            34.681651
          ],
          [
            135.18416,
            34.681483
          ],
          [
            135.184118,
            34.681318
          ],
          [
            135.184066,
            34.681158
          ],
          [
            135.184028,
            34.680978
          ],
          [
            135.183983,
            34.680809
          ],
          [
            135.184005,
            34.680688
          ],
          [
            135.184217,
            34.680678
          ],
          [
            135.184441,
            34.680691
          ],
          [
            135.184617,
            34.680606
          ],
          [
            135.184681,
            34.680445
          ],
          [
            135.184739,
            34.680289
          ],
          [
            135.184798,
            34.680126
          ],
          [
            135.184873,
            34.679961
          ],
          [
            135.184992,
            34.67983
          ],
          [
            135.185103,
            34.679695
          ],
          [
            135.185209,
            34.679545
          ],
          [
            135.185298,
            34.679385
          ],
          [
            135.185364,
            34.679218
          ],
          [
            135.185421,
            34.679047
          ],
          [
            135.185485,
            34.678878
          ],
          [
            135.185555,
            34.678712
          ],
          [
            135.185615,
            34.678546
          ],
          [
            135.185678,
            34.678376
          ],
          [
            135.185738,
            34.678207
          ],
          [
            135.185765,
            34.678029
          ],
          [
            135.185619,
            34.677898
          ],
          [
            135.185424,
            34.677858
          ],
          [
            135.185215,
            34.677878
          ],
          [
            135.184999,
            34.677872
          ],
          [
            135.184785,
            34.677872
          ],
          [
            135.184558,
            34.677878
          ],
          [
            135.184328,
            34.677862
          ],
          [
            135.184096,
            34.677817
          ],
          [
            135.183873,
            34.677793
          ],
          [
            135.183677,
            34.677737
          ],
          [
            135.183552,
            34.677586
          ],
          [
            135.183411,
            34.67744
          ],
          [
            135.18322,
            34.677349
          ],
          [
            135.183005,
            34.677371
          ],
          [
            135.1828,
            34.677392
          ],
          [
            135.182598,
            34.677341
          ],
          [
            135.182391,
            34.677279
          ],
          [
            135.182203,
            34.677348
          ],
          [
            135.182072,
            34.677281
          ],
          [
            135.182078,
            34.67711
          ],
          [
            135.182005,
            34.677035
          ]
        ]
      },
      "properties": {
        "sport_type": "run",
        "year": "2026",
        "city": "神戸市",
        "city_status": "resolved"
      }
    },
    {
      "type": "Feature",
      "geometry": {
        "type": "LineString",
        "coordinates": [
          [
            135.123008,
            34.642827
          ],
          [
            135.12294,
            34.642828
          ],
          [
            135.122869,
            34.642831
          ],
          [
            135.1228,
            34.642831
          ],
          [
            135.122728,
            34.642832
          ],
          [
            135.122656,
            34.642832
          ],
          [
            135.122584,
            34.642836
          ],
          [
            135.122514,
            34.642837
          ],
          [
            135.122445,
            34.642838
          ],
          [
            135.12238,
            34.642832
          ],
          [
            135.122317,
            34.64283
          ],
          [
            135.122244,
            34.642829
          ],
          [
            135.122175,
            34.642828
          ],
          [
            135.12211,
            34.642821
          ],
          [
            135.122049,
            34.642812
          ],
          [
            135.121987,
            34.642808
          ],
          [
            135.121918,
            34.642801
          ],
          [
            135.12185,
            34.642796
          ],
          [
            135.121786,
            34.642797
          ],
          [
            135.121722,
            34.642782
          ],
          [
            135.121656,
            34.642772
          ],
          [
            135.121588,
            34.642773
          ],
          [
            135.121521,
            34.642764
          ],
          [
            135.121455,
            34.642755
          ],
          [
            135.12139,
            34.642744
          ],
          [
            135.121326,
            34.642732
          ],
          [
            135.121261,
            34.642722
          ],
          [
            135.121195,
            34.64271
          ],
          [
            135.121131,
            34.642694
          ],
          [
            135.121067,
            34.642681
          ],
          [
            135.121005,
            34.642667
          ],
          [
            135.12094,
            34.642653
          ],
          [
            135.120877,
            34.642638
          ],
          [
            135.120815,
            34.64262
          ],
          [
            135.120754,
            34.642599
          ],
          [
            135.120692,
            34.642579
          ],
          [
            135.120627,
            34.642565
          ],
          [
            135.120563,
            34.642548
          ],
          [
            135.120501,
            34.64253
          ],
          [
            135.12044,
            34.642515
          ],
          [
            135.120377,
            34.6425
          ],
          [
            135.120314,
            34.642482
          ],
          [
            135.120253,
            34.64246
          ],
          [
            135.12019,
            34.642441
          ],
          [
            135.120128,
            34.642424
          ],
          [
            135.120071,
            34.642401
          ],
          [
            135.120013,
            34.642377
          ],
          [
            135.119952,
            34.642355
          ],
          [
            135.119895,
            34.642328
          ],
          [
            135.119836,
            34.642303
          ],
          [
            135.119774,
            34.642281
          ],
          [
            135.119713,
            34.64226
          ],
          [
            135.119651,
            34.642247
          ],
          [
            135.119587,
            34.642235
          ],
          [
            135.119525,
            34.642222
          ],
          [
            135.119463,
            34.642213
          ],
          [
            135.119398,
            34.64221
          ],
          [
            135.119334,
            34.642207
          ],
          [
            135.119269,
            34.642207
          ],
          [
            135.119206,
            34.642213
          ],
          [
            135.119143,
            34.64222
          ],
          [
            135.119081,
            34.642228
          ],
          [
            135.119022,
            34.642236
          ],
          [
            135.118964,
            34.642243
          ],
          [
            135.118907,
            34.642254
          ],
          [
            135.118854,
            34.642268
          ],
          [
            135.1188,
            34.642272
          ],
          [
            135.118746,
            34.642275
          ],
          [
            135.118685,
            34.642273
          ],
          [
            135.118622,
            34.642278
          ],
          [
            135.118558,
            34.642276
          ],
          [
            135.118493,
            34.642279
          ],
          [
            135.118429,
            34.642281
          ],
          [
            135.118365,
            34.642282
          ],
          [
            135.118299,
            34.64228
          ],
          [
            135.118234,
            34.642283
          ],
          [
            135.118173,
            34.642296
          ],
          [
            135.11811,
            34.642298
          ],
          [
            135.118047,
            34.64229
          ],
          [
            135.117982,
            34.642283
          ],
          [
            135.117917,
            34.642275
          ],
          [
            135.11785,
            34.642264
          ],
          [
            135.117785,
            34.642259
          ],
          [
            135.117719,
            34.642251
          ],
          [
            135.117655,
            34.642245
          ],
          [
            135.11759,
            34.642237
          ],
          [
            135.117523,
            34.642232
          ],
          [
            135.117458,
            34.64222
          ],
          [
            135.117392,
            34.642204
          ],
          [
            135.117328,
            34.642188
          ],
          [
            135.117265,
            34.642172
          ],
          [
            135.117198,
            34.642159
          ],
          [
            135.117135,
            34.642142
          ],
          [
            135.11707,
            34.642128
          ],
          [
            135.117008,
            34.642109
          ],
          [
            135.116948,
            34.64209
          ],
          [
            135.116893,
            34.642072
          ],
          [
            135.116834,
            34.64205
          ],
          [
            135.116775,
            34.642028
          ],
          [
            135.11672,
            34.642004
          ],
          [
            135.11667,
            34.641979
          ],
          [
            135.116621,
            34.641953
          ],
          [
            135.116574,
            34.64193
          ],
          [
            135.11653,
            34.641906
          ],
          [
            135.116522,
            34.641895
          ],
          [
            135.116535,
            34.641907
          ],
          [
            135.116537,
            34.641911
          ],
          [
            135.116538,
            34.641915
          ],
          [
            135.116538,
            34.641915
          ],
          [
            135.116537,
            34.641916
          ],
          [
            135.116536,
            34.641915
          ],
          [
            135.116534,
            34.641914
          ],
          [
            135.116533,
            34.641914
          ],
          [
            135.116533,
            34.641913
          ],
          [
            135.116533,
            34.641913
          ],
          [
            135.116533,
            34.641914
          ],
          [
            135.116533,
            34.641915
          ],
          [
            135.116534,
            34.641918
          ],
          [
            135.116535,
            34.641918
          ],
          [
            135.116536,
            34.641919
          ],
          [
            135.116535,
            34.641919
          ],
          [
            135.116522,
            34.641914
          ],
          [
            135.11649,
            34.641899
          ],
          [
            135.116452,
            34.641878
          ],
          [
            135.116405,
            34.641851
          ],
          [
            135.116354,
            34.641823
          ],
          [
            135.116297,
            34.641797
          ],
          [
            135.11624,
            34.641773
          ],
          [
            135.11618,
            34.641752
          ],
          [
            135.116119,
            34.641736
          ],
          [
            135.116058,
            34.641729
          ],
          [
            135.115986,
            34.641725
          ],
          [
            135.115924,
            34.641743
          ],
          [
            135.115878,
            34.641778
          ],
          [
            135.115867,
            34.641834
          ],
          [
            135.115858,
            34.641888
          ],
          [
            135.115848,
            34.641941
          ],
          [
            135.115841,
            34.641992
          ],
          [
            135.115844,
            34.642044
          ],
          [
            135.115832,
            34.642095
          ],
          [
            135.115797,
            34.642135
          ],
          [
            135.11575,
            34.64216
          ],
          [
            135.115688,
            34.642146
          ],
          [
            135.115628,
            34.64213
          ]
        ]
      },
      "properties": {
        "sport_type": "walk",
        "year": "2026",
        "city": "神戸市",
        "city_status": "resolved"
      }
    },
    {
      "type": "Feature",
      "geometry": {
        "type": "LineString",
        "coordinates": [
          [
            135.832597,
            34.682117
          ],
          [
            135.833247,
            34.682105
          ],
          [
            135.833996,
            34.682093
          ],
          [
            135.834714,
            34.682148
          ],
          [
            135.83527,
            34.682091
          ],
          [
            135.835995,
            34.682117
          ],
          [
            135.836529,
            34.682148
          ],
          [
            135.837114,
            34.68211
          ],
          [
            135.837762,
            34.682115
          ],
          [
            135.838462,
            34.682115
          ],
          [
            135.839142,
            34.682137
          ],
          [
            135.839747,
            34.682145
          ],
          [
            135.840293,
            34.68214
          ],
          [
            135.840839,
            34.681866
          ],
          [
            135.841186,
            34.681544
          ],
          [
            135.84133,
            34.681836
          ],
          [
            135.841751,
            34.682151
          ],
          [
            135.842422,
            34.682194
          ],
          [
            135.842753,
            34.682463
          ],
          [
            135.84296,
            34.683027
          ],
          [
            135.843484,
            34.683087
          ],
          [
            135.844241,
            34.68305
          ],
          [
            135.844901,
            34.683296
          ],
          [
            135.845633,
            34.683503
          ],
          [
            135.846131,
            34.683604
          ],
          [
            135.846865,
            34.68364
          ],
          [
            135.846965,
            34.68406
          ],
          [
            135.847176,
            34.68439
          ],
          [
            135.847177,
            34.684519
          ],
          [
            135.847673,
            34.684687
          ],
          [
            135.848287,
            34.684706
          ],
          [
            135.84876,
            34.684781
          ],
          [
            135.849236,
            34.684861
          ],
          [
            135.849796,
            34.685003
          ],
          [
            135.850141,
            34.685374
          ],
          [
            135.850548,
            34.685791
          ],
          [
            135.85054,
            34.685908
          ],
          [
            135.850111,
            34.686281
          ],
          [
            135.849864,
            34.686618
          ],
          [
            135.849753,
            34.687105
          ],
          [
            135.849754,
            34.687115
          ],
          [
            135.85007,
            34.687084
          ],
          [
            135.850698,
            34.687254
          ],
          [
            135.850958,
            34.687542
          ],
          [
            135.85119,
            34.688017
          ],
          [
            135.851359,
            34.688396
          ],
          [
            135.851561,
            34.688777
          ],
          [
            135.851715,
            34.689268
          ],
          [
            135.85206,
            34.689835
          ],
          [
            135.852449,
            34.690075
          ],
          [
            135.853045,
            34.690302
          ],
          [
            135.853391,
            34.690476
          ],
          [
            135.853773,
            34.690263
          ],
          [
            135.853853,
            34.689963
          ],
          [
            135.853847,
            34.68997
          ],
          [
            135.853859,
            34.689964
          ],
          [
            135.854044,
            34.690042
          ],
          [
            135.853947,
            34.690251
          ],
          [
            135.854066,
            34.690458
          ],
          [
            135.85421,
            34.6909
          ],
          [
            135.85427,
            34.691165
          ],
          [
            135.854321,
            34.691146
          ],
          [
            135.854306,
            34.691132
          ],
          [
            135.85429,
            34.690997
          ],
          [
            135.854167,
            34.690576
          ],
          [
            135.854076,
            34.690479
          ],
          [
            135.853902,
            34.690243
          ],
          [
            135.853895,
            34.690236
          ],
          [
            135.85384,
            34.690351
          ],
          [
            135.85362,
            34.690539
          ],
          [
            135.853357,
            34.690414
          ],
          [
            135.853059,
            34.690291
          ],
          [
            135.852488,
            34.690105
          ],
          [
            135.852197,
            34.689907
          ],
          [
            135.851985,
            34.68959
          ],
          [
            135.851652,
            34.689158
          ],
          [
            135.85156,
            34.688684
          ],
          [
            135.851289,
            34.688214
          ],
          [
            135.851088,
            34.687974
          ],
          [
            135.85099,
            34.687713
          ],
          [
            135.850819,
            34.687353
          ],
          [
            135.850287,
            34.687131
          ],
          [
            135.849671,
            34.6871
          ],
          [
            135.849131,
            34.687274
          ],
          [
            135.848592,
            34.687588
          ],
          [
            135.848682,
            34.687534
          ],
          [
            135.84897,
            34.68773
          ],
          [
            135.848766,
            34.687807
          ],
          [
            135.848243,
            34.688135
          ],
          [
            135.848321,
            34.688222
          ],
          [
            135.847993,
            34.688374
          ],
          [
            135.84751,
            34.688205
          ],
          [
            135.847303,
            34.688111
          ],
          [
            135.847252,
            34.687639
          ],
          [
            135.847038,
            34.687304
          ],
          [
            135.846807,
            34.687022
          ],
          [
            135.846544,
            34.686784
          ],
          [
            135.845927,
            34.686411
          ],
          [
            135.845666,
            34.686289
          ],
          [
            135.845684,
            34.686298
          ],
          [
            135.84572,
            34.68629
          ],
          [
            135.845552,
            34.686367
          ],
          [
            135.845036,
            34.686636
          ],
          [
            135.844768,
            34.68679
          ],
          [
            135.844324,
            34.687108
          ],
          [
            135.84393,
            34.687289
          ],
          [
            135.843497,
            34.6871
          ],
          [
            135.842948,
            34.686787
          ],
          [
            135.842353,
            34.686657
          ],
          [
            135.841663,
            34.686603
          ],
          [
            135.840891,
            34.68662
          ],
          [
            135.840152,
            34.686797
          ],
          [
            135.839867,
            34.687315
          ],
          [
            135.839892,
            34.687782
          ],
          [
            135.839867,
            34.687757
          ],
          [
            135.839883,
            34.687368
          ],
          [
            135.839807,
            34.686839
          ],
          [
            135.839864,
            34.686393
          ],
          [
            135.839755,
            34.685916
          ],
          [
            135.839661,
            34.685425
          ],
          [
            135.839904,
            34.685061
          ],
          [
            135.839927,
            34.684978
          ],
          [
            135.839941,
            34.684587
          ],
          [
            135.839956,
            34.684145
          ],
          [
            135.839908,
            34.683782
          ],
          [
            135.839578,
            34.683535
          ],
          [
            135.839356,
            34.683592
          ],
          [
            135.838739,
            34.683704
          ],
          [
            135.83885,
            34.684023
          ],
          [
            135.838756,
            34.684398
          ],
          [
            135.838909,
            34.684263
          ],
          [
            135.838808,
            34.68387
          ],
          [
            135.838637,
            34.683745
          ],
          [
            135.838116,
            34.683833
          ],
          [
            135.837581,
            34.683957
          ],
          [
            135.837143,
            34.684105
          ],
          [
            135.83658,
            34.68432
          ],
          [
            135.835994,
            34.684363
          ],
          [
            135.835176,
            34.684427
          ],
          [
            135.834851,
            34.684589
          ],
          [
            135.83413,
            34.684258
          ],
          [
            135.833549,
            34.684274
          ],
          [
            135.832907,
            34.684267
          ]
        ]
      },
      "properties": {
        "sport_type": "walk",
        "year": "2026",
        "city": "奈良市",
        "city_status": "resolved"
      }
    },
    {
      "type": "Feature",
      "geometry": {
        "type": "LineString",
        "coordinates": [
          [
            135.825364,
            34.684377
          ],
          [
            135.825308,
            34.684381
          ],
          [
            135.825253,
            34.684387
          ],
          [
            135.825199,
            34.68439
          ],
          [
            135.825144,
            34.684394
          ],
          [
            135.825089,
            34.684393
          ],
          [
            135.825034,
            34.68439
          ],
          [
            135.82498,
            34.684387
          ],
          [
            135.824927,
            34.684386
          ],
          [
            135.824874,
            34.68439
          ],
          [
            135.824821,
            34.684392
          ],
          [
            135.824765,
            34.684392
          ],
          [
            135.824711,
            34.68439
          ],
          [
            135.824657,
            34.68439
          ],
          [
            135.824603,
            34.684389
          ],
          [
            135.82455,
            34.684387
          ],
          [
            135.824498,
            34.684389
          ],
          [
            135.824446,
            34.68439
          ],
          [
            135.824395,
            34.684387
          ],
          [
            135.824344,
            34.684386
          ],
          [
            135.824294,
            34.684382
          ],
          [
            135.824244,
            34.684382
          ],
          [
            135.824193,
            34.684386
          ],
          [
            135.824143,
            34.68439
          ],
          [
            135.824093,
            34.684391
          ],
          [
            135.824041,
            34.684387
          ],
          [
            135.823989,
            34.684382
          ],
          [
            135.823936,
            34.684377
          ],
          [
            135.823884,
            34.684373
          ],
          [
            135.823832,
            34.684373
          ],
          [
            135.823781,
            34.684369
          ],
          [
            135.823729,
            34.684368
          ],
          [
            135.823678,
            34.684368
          ],
          [
            135.823627,
            34.684369
          ],
          [
            135.823575,
            34.684373
          ],
          [
            135.823524,
            34.684377
          ],
          [
            135.82347,
            34.684383
          ],
          [
            135.823416,
            34.684389
          ],
          [
            135.823364,
            34.684393
          ],
          [
            135.823311,
            34.68439
          ],
          [
            135.823257,
            34.684384
          ],
          [
            135.823203,
            34.684384
          ],
          [
            135.823146,
            34.684383
          ],
          [
            135.823088,
            34.684383
          ],
          [
            135.823031,
            34.684384
          ],
          [
            135.822973,
            34.684384
          ],
          [
            135.822916,
            34.684384
          ],
          [
            135.822861,
            34.684385
          ],
          [
            135.822805,
            34.684386
          ],
          [
            135.82275,
            34.684387
          ],
          [
            135.822695,
            34.684389
          ],
          [
            135.822641,
            34.684389
          ],
          [
            135.822587,
            34.684388
          ],
          [
            135.822531,
            34.684388
          ],
          [
            135.822474,
            34.684391
          ],
          [
            135.822419,
            34.684393
          ],
          [
            135.822364,
            34.684401
          ],
          [
            135.82231,
            34.684411
          ],
          [
            135.822258,
            34.684419
          ],
          [
            135.822205,
            34.684422
          ],
          [
            135.822153,
            34.684422
          ],
          [
            135.822101,
            34.684423
          ],
          [
            135.822049,
            34.684427
          ],
          [
            135.821996,
            34.684426
          ],
          [
            135.821942,
            34.684428
          ],
          [
            135.821888,
            34.684429
          ],
          [
            135.821835,
            34.684434
          ],
          [
            135.821781,
            34.684435
          ],
          [
            135.821729,
            34.684436
          ],
          [
            135.821677,
            34.684438
          ],
          [
            135.821624,
            34.684442
          ],
          [
            135.82157,
            34.68445
          ],
          [
            135.821516,
            34.68446
          ],
          [
            135.821461,
            34.684471
          ],
          [
            135.821408,
            34.684484
          ],
          [
            135.821356,
            34.684498
          ],
          [
            135.821308,
            34.684509
          ],
          [
            135.821257,
            34.684515
          ],
          [
            135.821202,
            34.68452
          ],
          [
            135.821152,
            34.684534
          ],
          [
            135.821099,
            34.684537
          ],
          [
            135.821048,
            34.684532
          ],
          [
            135.820996,
            34.684532
          ],
          [
            135.820952,
            34.684548
          ],
          [
            135.820903,
            34.684557
          ],
          [
            135.820852,
            34.684554
          ],
          [
            135.820799,
            34.68454
          ],
          [
            135.820746,
            34.684532
          ],
          [
            135.820692,
            34.68453
          ],
          [
            135.820638,
            34.68453
          ],
          [
            135.820586,
            34.684538
          ],
          [
            135.820536,
            34.684551
          ],
          [
            135.82048,
            34.684572
          ],
          [
            135.820428,
            34.684593
          ],
          [
            135.820374,
            34.684607
          ],
          [
            135.820318,
            34.684612
          ],
          [
            135.820263,
            34.684623
          ],
          [
            135.820211,
            34.684634
          ],
          [
            135.820157,
            34.68464
          ],
          [
            135.820103,
            34.684648
          ],
          [
            135.820052,
            34.684658
          ],
          [
            135.819999,
            34.684667
          ],
          [
            135.819963,
            34.684671
          ]
        ]
      },
      "properties": {
        "sport_type": "run",
        "year": "2026",
        "city": "奈良市",
        "city_status": "resolved"
      }
    },
    {
      "type": "Feature",
      "geometry": {
        "type": "LineString",
        "coordinates": [
          [
            139.717086,
            35.819542
          ],
          [
            139.717525,
            35.819614
          ],
          [
            139.717985,
            35.819671
          ],
          [
            139.718444,
            35.81973
          ],
          [
            139.718914,
            35.819787
          ],
          [
            139.719391,
            35.819844
          ],
          [
            139.719836,
            35.819896
          ],
          [
            139.720294,
            35.819963
          ],
          [
            139.72076,
            35.820023
          ],
          [
            139.721201,
            35.820088
          ],
          [
            139.721623,
            35.82014
          ],
          [
            139.722047,
            35.820256
          ],
          [
            139.722035,
            35.820634
          ],
          [
            139.722278,
            35.820865
          ],
          [
            139.722757,
            35.820903
          ],
          [
            139.723235,
            35.820879
          ],
          [
            139.723551,
            35.821052
          ],
          [
            139.723674,
            35.821415
          ],
          [
            139.723852,
            35.821561
          ],
          [
            139.723827,
            35.821697
          ],
          [
            139.723897,
            35.82209
          ],
          [
            139.723974,
            35.822465
          ],
          [
            139.724366,
            35.822583
          ],
          [
            139.72483,
            35.822557
          ],
          [
            139.725304,
            35.822486
          ],
          [
            139.725631,
            35.822566
          ],
          [
            139.725768,
            35.822945
          ],
          [
            139.725657,
            35.823329
          ],
          [
            139.72561,
            35.82372
          ],
          [
            139.725618,
            35.824079
          ],
          [
            139.725678,
            35.824454
          ],
          [
            139.725779,
            35.824828
          ],
          [
            139.725928,
            35.825202
          ],
          [
            139.726069,
            35.825586
          ],
          [
            139.726195,
            35.825985
          ],
          [
            139.726306,
            35.826372
          ],
          [
            139.726413,
            35.826757
          ],
          [
            139.726539,
            35.827143
          ],
          [
            139.726617,
            35.827539
          ],
          [
            139.726702,
            35.827945
          ],
          [
            139.726746,
            35.82834
          ],
          [
            139.726781,
            35.82873
          ],
          [
            139.726733,
            35.829124
          ],
          [
            139.726759,
            35.829544
          ],
          [
            139.726699,
            35.829918
          ],
          [
            139.726564,
            35.830285
          ],
          [
            139.726523,
            35.830692
          ],
          [
            139.726522,
            35.83112
          ],
          [
            139.726404,
            35.831519
          ],
          [
            139.726237,
            35.831892
          ],
          [
            139.726077,
            35.832268
          ],
          [
            139.725876,
            35.832627
          ],
          [
            139.725643,
            35.832966
          ],
          [
            139.725366,
            35.833276
          ],
          [
            139.725047,
            35.833559
          ],
          [
            139.724764,
            35.833782
          ],
          [
            139.724854,
            35.833772
          ],
          [
            139.725032,
            35.833597
          ],
          [
            139.725181,
            35.833424
          ],
          [
            139.72535,
            35.833232
          ],
          [
            139.725524,
            35.833032
          ],
          [
            139.725692,
            35.832847
          ],
          [
            139.725793,
            35.832706
          ],
          [
            139.72594,
            35.832491
          ],
          [
            139.726101,
            35.832268
          ],
          [
            139.726212,
            35.832029
          ],
          [
            139.72634,
            35.831802
          ],
          [
            139.726417,
            35.831564
          ],
          [
            139.726533,
            35.831327
          ],
          [
            139.726588,
            35.831084
          ],
          [
            139.726598,
            35.830814
          ],
          [
            139.726637,
            35.830555
          ],
          [
            139.726675,
            35.830305
          ],
          [
            139.726747,
            35.830056
          ],
          [
            139.726769,
            35.829658
          ],
          [
            139.726818,
            35.829206
          ],
          [
            139.726839,
            35.828758
          ],
          [
            139.726813,
            35.828328
          ],
          [
            139.726757,
            35.8279
          ],
          [
            139.726662,
            35.82749
          ],
          [
            139.726539,
            35.82709
          ],
          [
            139.726413,
            35.826685
          ],
          [
            139.726289,
            35.826279
          ],
          [
            139.726179,
            35.825883
          ],
          [
            139.726059,
            35.825488
          ],
          [
            139.725927,
            35.825097
          ],
          [
            139.725795,
            35.824708
          ],
          [
            139.725724,
            35.824336
          ],
          [
            139.725639,
            35.823916
          ],
          [
            139.725631,
            35.8235
          ],
          [
            139.725735,
            35.823095
          ],
          [
            139.725665,
            35.822674
          ],
          [
            139.725759,
            35.822368
          ],
          [
            139.726216,
            35.822158
          ],
          [
            139.726602,
            35.821865
          ],
          [
            139.726844,
            35.82149
          ],
          [
            139.727275,
            35.821427
          ],
          [
            139.727106,
            35.821401
          ],
          [
            139.726835,
            35.821662
          ],
          [
            139.726554,
            35.822003
          ],
          [
            139.726159,
            35.822275
          ],
          [
            139.725653,
            35.822418
          ],
          [
            139.725133,
            35.822548
          ],
          [
            139.724604,
            35.822614
          ],
          [
            139.724094,
            35.822588
          ],
          [
            139.723952,
            35.822228
          ],
          [
            139.723864,
            35.82182
          ],
          [
            139.723719,
            35.82165
          ],
          [
            139.723676,
            35.821624
          ],
          [
            139.723669,
            35.821606
          ],
          [
            139.723637,
            35.821295
          ],
          [
            139.723569,
            35.820916
          ],
          [
            139.723089,
            35.820919
          ],
          [
            139.72257,
            35.820914
          ],
          [
            139.722112,
            35.820785
          ],
          [
            139.722155,
            35.820401
          ],
          [
            139.721897,
            35.820161
          ],
          [
            139.721403,
            35.8201
          ],
          [
            139.720924,
            35.820031
          ],
          [
            139.720436,
            35.819927
          ],
          [
            139.71995,
            35.819863
          ],
          [
            139.719456,
            35.819821
          ],
          [
            139.718947,
            35.819772
          ],
          [
            139.718439,
            35.819733
          ],
          [
            139.717957,
            35.81966
          ],
          [
            139.717441,
            35.819574
          ]
        ]
      },
      "properties": {
        "sport_type": "run",
        "year": "2026",
        "city": "川口市",
        "city_status": "resolved"
      }
    },
    {
      "type": "Feature",
      "geometry": {
        "type": "LineString",
        "coordinates": [
          [
            139.700818,
            35.819311
          ],
          [
            139.700543,
            35.819591
          ],
          [
            139.700267,
            35.819879
          ],
          [
            139.699994,
            35.82018
          ],
          [
            139.699758,
            35.820473
          ],
          [
            139.699526,
            35.82081
          ],
          [
            139.699268,
            35.821119
          ],
          [
            139.698908,
            35.821205
          ],
          [
            139.698552,
            35.821419
          ],
          [
            139.698231,
            35.821677
          ],
          [
            139.697897,
            35.821924
          ],
          [
            139.697532,
            35.82218
          ],
          [
            139.697199,
            35.822457
          ],
          [
            139.696859,
            35.822712
          ],
          [
            139.696527,
            35.82295
          ],
          [
            139.696194,
            35.823193
          ],
          [
            139.695865,
            35.823447
          ],
          [
            139.695524,
            35.823708
          ],
          [
            139.695212,
            35.823947
          ],
          [
            139.694892,
            35.824205
          ],
          [
            139.694533,
            35.824451
          ],
          [
            139.694179,
            35.824693
          ],
          [
            139.693838,
            35.824942
          ],
          [
            139.693508,
            35.825177
          ],
          [
            139.693218,
            35.825456
          ],
          [
            139.692963,
            35.82577
          ],
          [
            139.692665,
            35.826044
          ],
          [
            139.692359,
            35.826309
          ],
          [
            139.692071,
            35.82659
          ],
          [
            139.691769,
            35.82688
          ],
          [
            139.691484,
            35.82717
          ],
          [
            139.691276,
            35.827486
          ],
          [
            139.690993,
            35.827783
          ],
          [
            139.690714,
            35.828075
          ],
          [
            139.690364,
            35.828334
          ],
          [
            139.690087,
            35.828628
          ],
          [
            139.689768,
            35.828907
          ],
          [
            139.689471,
            35.829199
          ],
          [
            139.689589,
            35.829135
          ],
          [
            139.689914,
            35.828867
          ],
          [
            139.690188,
            35.828578
          ],
          [
            139.690526,
            35.828349
          ],
          [
            139.690783,
            35.828114
          ],
          [
            139.691017,
            35.827798
          ],
          [
            139.691279,
            35.827482
          ],
          [
            139.691576,
            35.827205
          ],
          [
            139.691847,
            35.82691
          ],
          [
            139.692143,
            35.826617
          ],
          [
            139.692444,
            35.826325
          ],
          [
            139.692763,
            35.826048
          ],
          [
            139.693067,
            35.825772
          ],
          [
            139.693354,
            35.825468
          ],
          [
            139.693668,
            35.825181
          ],
          [
            139.693998,
            35.824908
          ],
          [
            139.694323,
            35.824646
          ],
          [
            139.694692,
            35.824408
          ],
          [
            139.695015,
            35.824146
          ],
          [
            139.695335,
            35.82389
          ],
          [
            139.695671,
            35.823645
          ],
          [
            139.696004,
            35.823387
          ],
          [
            139.696349,
            35.823109
          ],
          [
            139.696706,
            35.822843
          ],
          [
            139.697038,
            35.822568
          ],
          [
            139.697375,
            35.822323
          ],
          [
            139.697754,
            35.822071
          ],
          [
            139.698085,
            35.821818
          ],
          [
            139.69843,
            35.821571
          ],
          [
            139.698783,
            35.821325
          ],
          [
            139.699213,
            35.821269
          ],
          [
            139.699505,
            35.82095
          ],
          [
            139.699724,
            35.820623
          ],
          [
            139.699946,
            35.820315
          ],
          [
            139.700231,
            35.820007
          ],
          [
            139.70055,
            35.819701
          ],
          [
            139.700873,
            35.819394
          ]
        ]
      },
      "properties": {
        "sport_type": "run",
        "year": "2026",
        "city": "蕨市",
        "city_status": "resolved"
      }
    }
  ]
}